enrollment_id,employee_id,course_id,course_title,course_category,enrolled_date,completion_date,status,score,duration_hours,is_required,lms_source
ENR000001,EMP0001,C001,Data Privacy & GDPR Fundamentals,Compliance,2025-12-23,2026-02-11,Completed,93.0,2.0,True,Cornerstone
ENR000002,EMP0001,C002,Workplace Safety & Health,Compliance,2026-05-15,2026-07-08,Completed,63.0,1.5,True,Cornerstone
ENR000003,EMP0001,C003,Code of Conduct & Ethics,Compliance,2025-06-29,,In Progress,,1.0,True,SAP SF Learning
ENR000004,EMP0001,C004,Cybersecurity Awareness,Compliance,2025-12-06,2026-01-16,Completed,67.0,2.0,True,Cornerstone
ENR000005,EMP0001,C005,Anti-Harassment & Inclusion,Compliance,2025-12-16,2025-12-28,Completed,90.0,1.5,True,SAP SF Learning
ENR000006,EMP0001,C008,Leadership & Influence,Leadership,2025-06-28,2025-08-04,Completed,73.0,4.0,False,Cornerstone
ENR000007,EMP0001,C012,Sales Techniques & CRM,Sales,2026-05-29,2026-06-10,Completed,98.0,4.0,False,Cornerstone
ENR000008,EMP0001,C015,AI & Machine Learning Basics,Technical,2026-05-23,2026-06-15,Completed,89.0,5.0,False,SAP SF Learning
ENR000009,EMP0002,C001,Data Privacy & GDPR Fundamentals,Compliance,2025-10-04,2025-11-26,Completed,99.0,2.0,True,SAP SF Learning
ENR000010,EMP0002,C002,Workplace Safety & Health,Compliance,2025-06-12,2025-07-25,Completed,83.0,1.5,True,SAP SF Learning
ENR000011,EMP0002,C003,Code of Conduct & Ethics,Compliance,2025-07-21,2025-08-12,Completed,77.0,1.0,True,SAP SF Learning
ENR000012,EMP0002,C004,Cybersecurity Awareness,Compliance,2025-09-18,2025-11-15,Completed,79.0,2.0,True,Cornerstone
ENR000013,EMP0002,C005,Anti-Harassment & Inclusion,Compliance,2026-04-02,2026-04-06,Completed,98.0,1.5,True,SAP SF Learning
ENR000014,EMP0002,C008,Leadership & Influence,Leadership,2025-11-19,2026-01-06,Completed,62.0,4.0,False,Cornerstone
ENR000015,EMP0002,C012,Sales Techniques & CRM,Sales,2025-08-14,,In Progress,,4.0,False,SAP SF Learning
ENR000016,EMP0002,C013,Financial Modelling,Finance,2025-09-17,,In Progress,,6.0,False,SAP SF Learning
ENR000017,EMP0002,C014,Agile & Scrum Practitioner,Technical,2025-09-04,,Not Started,,4.0,False,SAP SF Learning
ENR000018,EMP0002,C015,AI & Machine Learning Basics,Technical,2025-09-18,2025-10-18,Completed,67.0,5.0,False,SAP SF Learning
ENR000019,EMP0003,C001,Data Privacy & GDPR Fundamentals,Compliance,2026-02-10,2026-03-22,Completed,64.0,2.0,True,SAP SF Learning
ENR000020,EMP0003,C002,Workplace Safety & Health,Compliance,2025-12-20,2026-02-02,Completed,84.0,1.5,True,SAP SF Learning
ENR000021,EMP0003,C003,Code of Conduct & Ethics,Compliance,2026-05-13,,In Progress,,1.0,True,Cornerstone
ENR000022,EMP0003,C004,Cybersecurity Awareness,Compliance,2026-01-16,,Not Started,,2.0,True,Cornerstone
ENR000023,EMP0003,C005,Anti-Harassment & Inclusion,Compliance,2026-03-14,2026-03-20,Completed,91.0,1.5,True,SAP SF Learning
ENR000024,EMP0003,C006,Python for Data Science,Technical,2026-02-10,2026-03-11,Completed,77.0,8.0,False,Cornerstone
ENR000025,EMP0003,C007,Azure Cloud Fundamentals,Technical,2026-04-02,2026-05-23,Completed,65.0,6.0,False,Cornerstone
ENR000026,EMP0003,C010,Advanced Excel & Power BI,Technical,2025-08-25,,In Progress,,5.0,False,SAP SF Learning
ENR000027,EMP0003,C011,Communication Skills,Soft Skills,2025-06-16,,In Progress,,3.0,False,Cornerstone
ENR000028,EMP0003,C012,Sales Techniques & CRM,Sales,2025-07-29,2025-08-31,Completed,97.0,4.0,False,SAP SF Learning
ENR000029,EMP0003,C014,Agile & Scrum Practitioner,Technical,2026-03-19,2026-04-22,Completed,81.0,4.0,False,SAP SF Learning
ENR000030,EMP0004,C001,Data Privacy & GDPR Fundamentals,Compliance,2026-05-25,2026-07-13,Completed,72.0,2.0,True,Cornerstone
ENR000031,EMP0004,C002,Workplace Safety & Health,Compliance,2026-06-01,2026-06-03,Completed,74.0,1.5,True,Cornerstone
ENR000032,EMP0004,C003,Code of Conduct & Ethics,Compliance,2025-07-30,2025-08-01,Completed,97.0,1.0,True,Cornerstone
ENR000033,EMP0004,C004,Cybersecurity Awareness,Compliance,2026-03-12,2026-03-15,Completed,84.0,2.0,True,SAP SF Learning
ENR000034,EMP0004,C005,Anti-Harassment & Inclusion,Compliance,2026-02-06,2026-02-10,Completed,66.0,1.5,True,Cornerstone
ENR000035,EMP0004,C006,Python for Data Science,Technical,2025-11-29,2026-01-04,Completed,76.0,8.0,False,SAP SF Learning
ENR000036,EMP0004,C007,Azure Cloud Fundamentals,Technical,2026-03-02,,Not Started,,6.0,False,SAP SF Learning
ENR000037,EMP0004,C012,Sales Techniques & CRM,Sales,2025-07-20,2025-08-28,Completed,72.0,4.0,False,SAP SF Learning
ENR000038,EMP0006,C001,Data Privacy & GDPR Fundamentals,Compliance,2026-03-03,,Not Started,,2.0,True,Cornerstone
ENR000039,EMP0006,C002,Workplace Safety & Health,Compliance,2026-02-25,2026-03-05,Completed,96.0,1.5,True,SAP SF Learning
ENR000040,EMP0006,C003,Code of Conduct & Ethics,Compliance,2025-07-14,2025-07-19,Completed,66.0,1.0,True,SAP SF Learning
ENR000041,EMP0006,C004,Cybersecurity Awareness,Compliance,2025-12-03,,Not Started,,2.0,True,SAP SF Learning
ENR000042,EMP0006,C005,Anti-Harassment & Inclusion,Compliance,2025-07-18,2025-09-12,Completed,62.0,1.5,True,SAP SF Learning
ENR000043,EMP0006,C007,Azure Cloud Fundamentals,Technical,2026-05-06,,In Progress,,6.0,False,Cornerstone
ENR000044,EMP0006,C011,Communication Skills,Soft Skills,2026-04-22,2026-04-30,Completed,85.0,3.0,False,SAP SF Learning
ENR000045,EMP0006,C012,Sales Techniques & CRM,Sales,2025-11-06,,Not Started,,4.0,False,SAP SF Learning
ENR000046,EMP0007,C001,Data Privacy & GDPR Fundamentals,Compliance,2025-11-18,,Not Started,,2.0,True,SAP SF Learning
ENR000047,EMP0007,C002,Workplace Safety & Health,Compliance,2025-11-03,2025-12-13,Completed,61.0,1.5,True,Cornerstone
ENR000048,EMP0007,C003,Code of Conduct & Ethics,Compliance,2025-12-16,2026-01-12,Completed,88.0,1.0,True,Cornerstone
ENR000049,EMP0007,C004,Cybersecurity Awareness,Compliance,2026-02-18,2026-04-05,Completed,93.0,2.0,True,Cornerstone
ENR000050,EMP0007,C006,Python for Data Science,Technical,2025-12-29,,In Progress,,8.0,False,SAP SF Learning
ENR000051,EMP0007,C007,Azure Cloud Fundamentals,Technical,2025-10-21,,Not Started,,6.0,False,Cornerstone
ENR000052,EMP0007,C008,Leadership & Influence,Leadership,2026-02-02,2026-03-16,Completed,70.0,4.0,False,SAP SF Learning
ENR000053,EMP0007,C012,Sales Techniques & CRM,Sales,2026-02-14,2026-04-08,Completed,75.0,4.0,False,Cornerstone
ENR000054,EMP0007,C015,AI & Machine Learning Basics,Technical,2025-12-19,,In Progress,,5.0,False,Cornerstone
ENR000055,EMP0008,C001,Data Privacy & GDPR Fundamentals,Compliance,2025-06-23,2025-06-24,Completed,65.0,2.0,True,SAP SF Learning
ENR000056,EMP0008,C002,Workplace Safety & Health,Compliance,2026-01-13,2026-02-25,Completed,89.0,1.5,True,SAP SF Learning
ENR000057,EMP0008,C003,Code of Conduct & Ethics,Compliance,2025-06-30,2025-08-24,Completed,89.0,1.0,True,SAP SF Learning
ENR000058,EMP0008,C004,Cybersecurity Awareness,Compliance,2026-02-05,2026-03-23,Completed,83.0,2.0,True,SAP SF Learning
ENR000059,EMP0008,C005,Anti-Harassment & Inclusion,Compliance,2026-03-31,2026-04-01,Completed,81.0,1.5,True,SAP SF Learning
ENR000060,EMP0008,C008,Leadership & Influence,Leadership,2025-08-12,2025-10-04,Completed,86.0,4.0,False,Cornerstone
ENR000061,EMP0008,C009,Project Management (PMP Prep),Professional,2025-07-26,,Not Started,,10.0,False,Cornerstone
ENR000062,EMP0008,C011,Communication Skills,Soft Skills,2025-11-17,2025-12-28,Completed,97.0,3.0,False,Cornerstone
ENR000063,EMP0008,C012,Sales Techniques & CRM,Sales,2026-02-20,2026-03-25,Completed,68.0,4.0,False,SAP SF Learning
ENR000064,EMP0008,C014,Agile & Scrum Practitioner,Technical,2026-01-22,2026-02-24,Completed,71.0,4.0,False,Cornerstone
ENR000065,EMP0008,C015,AI & Machine Learning Basics,Technical,2025-11-06,,Not Started,,5.0,False,SAP SF Learning
ENR000066,EMP0009,C001,Data Privacy & GDPR Fundamentals,Compliance,2026-02-01,,In Progress,,2.0,True,SAP SF Learning
ENR000067,EMP0009,C002,Workplace Safety & Health,Compliance,2025-10-20,,Not Started,,1.5,True,Cornerstone
ENR000068,EMP0009,C003,Code of Conduct & Ethics,Compliance,2026-01-29,2026-03-18,Completed,92.0,1.0,True,SAP SF Learning
ENR000069,EMP0009,C004,Cybersecurity Awareness,Compliance,2026-01-08,,In Progress,,2.0,True,Cornerstone
ENR000070,EMP0009,C005,Anti-Harassment & Inclusion,Compliance,2026-03-13,2026-04-05,Completed,68.0,1.5,True,Cornerstone
ENR000071,EMP0009,C007,Azure Cloud Fundamentals,Technical,2025-10-24,2025-12-01,Completed,96.0,6.0,False,SAP SF Learning
ENR000072,EMP0009,C010,Advanced Excel & Power BI,Technical,2025-07-20,2025-07-30,Completed,63.0,5.0,False,Cornerstone
ENR000073,EMP0009,C014,Agile & Scrum Practitioner,Technical,2026-03-29,2026-04-21,Completed,88.0,4.0,False,Cornerstone
ENR000074,EMP0010,C001,Data Privacy & GDPR Fundamentals,Compliance,2025-09-04,2025-10-10,Completed,84.0,2.0,True,Cornerstone
ENR000075,EMP0010,C002,Workplace Safety & Health,Compliance,2026-04-14,2026-05-03,Completed,63.0,1.5,True,SAP SF Learning
ENR000076,EMP0010,C003,Code of Conduct & Ethics,Compliance,2026-04-11,,Not Started,,1.0,True,Cornerstone
ENR000077,EMP0010,C004,Cybersecurity Awareness,Compliance,2025-09-15,2025-11-10,Completed,88.0,2.0,True,Cornerstone
ENR000078,EMP0010,C005,Anti-Harassment & Inclusion,Compliance,2026-03-10,2026-04-03,Completed,97.0,1.5,True,Cornerstone
ENR000079,EMP0010,C007,Azure Cloud Fundamentals,Technical,2026-03-01,2026-03-13,Completed,92.0,6.0,False,Cornerstone
ENR000080,EMP0010,C009,Project Management (PMP Prep),Professional,2026-01-22,,In Progress,,10.0,False,SAP SF Learning
ENR000081,EMP0010,C015,AI & Machine Learning Basics,Technical,2026-03-11,2026-03-26,Completed,71.0,5.0,False,Cornerstone
ENR000082,EMP0012,C001,Data Privacy & GDPR Fundamentals,Compliance,2025-08-10,2025-09-14,Completed,85.0,2.0,True,Cornerstone
ENR000083,EMP0012,C002,Workplace Safety & Health,Compliance,2026-05-18,2026-06-09,Completed,81.0,1.5,True,SAP SF Learning
ENR000084,EMP0012,C003,Code of Conduct & Ethics,Compliance,2026-03-28,2026-04-28,Completed,95.0,1.0,True,Cornerstone
ENR000085,EMP0012,C004,Cybersecurity Awareness,Compliance,2025-10-21,2025-12-18,Completed,99.0,2.0,True,Cornerstone
ENR000086,EMP0012,C006,Python for Data Science,Technical,2026-05-31,,In Progress,,8.0,False,SAP SF Learning
ENR000087,EMP0012,C009,Project Management (PMP Prep),Professional,2025-12-24,2025-12-27,Completed,78.0,10.0,False,Cornerstone
ENR000088,EMP0012,C010,Advanced Excel & Power BI,Technical,2025-07-16,2025-09-04,Completed,94.0,5.0,False,Cornerstone
ENR000089,EMP0012,C011,Communication Skills,Soft Skills,2026-02-08,,Not Started,,3.0,False,Cornerstone
ENR000090,EMP0013,C001,Data Privacy & GDPR Fundamentals,Compliance,2026-03-14,2026-03-20,Completed,64.0,2.0,True,Cornerstone
ENR000091,EMP0013,C002,Workplace Safety & Health,Compliance,2025-09-15,2025-10-22,Completed,74.0,1.5,True,SAP SF Learning
ENR000092,EMP0013,C003,Code of Conduct & Ethics,Compliance,2025-12-01,2025-12-29,Completed,80.0,1.0,True,Cornerstone
ENR000093,EMP0013,C004,Cybersecurity Awareness,Compliance,2025-07-25,2025-09-05,Completed,99.0,2.0,True,Cornerstone
ENR000094,EMP0013,C005,Anti-Harassment & Inclusion,Compliance,2026-01-22,2026-03-18,Completed,64.0,1.5,True,SAP SF Learning
ENR000095,EMP0013,C006,Python for Data Science,Technical,2026-04-11,,In Progress,,8.0,False,SAP SF Learning
ENR000096,EMP0013,C007,Azure Cloud Fundamentals,Technical,2025-11-09,,In Progress,,6.0,False,SAP SF Learning
ENR000097,EMP0013,C008,Leadership & Influence,Leadership,2026-03-26,2026-05-17,Completed,94.0,4.0,False,SAP SF Learning
ENR000098,EMP0013,C009,Project Management (PMP Prep),Professional,2026-02-27,,Not Started,,10.0,False,Cornerstone
ENR000099,EMP0013,C011,Communication Skills,Soft Skills,2026-01-27,2026-03-04,Completed,65.0,3.0,False,SAP SF Learning
ENR000100,EMP0013,C013,Financial Modelling,Finance,2026-05-27,,In Progress,,6.0,False,Cornerstone
ENR000101,EMP0013,C015,AI & Machine Learning Basics,Technical,2026-02-25,,In Progress,,5.0,False,SAP SF Learning
ENR000102,EMP0014,C001,Data Privacy & GDPR Fundamentals,Compliance,2025-07-07,2025-07-12,Completed,76.0,2.0,True,Cornerstone
ENR000103,EMP0014,C002,Workplace Safety & Health,Compliance,2026-01-20,2026-02-11,Completed,82.0,1.5,True,Cornerstone
ENR000104,EMP0014,C003,Code of Conduct & Ethics,Compliance,2025-09-08,2025-10-18,Completed,64.0,1.0,True,Cornerstone
ENR000105,EMP0014,C004,Cybersecurity Awareness,Compliance,2025-12-01,2026-01-13,Completed,79.0,2.0,True,Cornerstone
ENR000106,EMP0014,C005,Anti-Harassment & Inclusion,Compliance,2025-10-29,2025-11-26,Completed,70.0,1.5,True,Cornerstone
ENR000107,EMP0014,C009,Project Management (PMP Prep),Professional,2025-12-12,2026-01-04,Completed,79.0,10.0,False,SAP SF Learning
ENR000108,EMP0014,C010,Advanced Excel & Power BI,Technical,2026-01-31,2026-02-18,Completed,68.0,5.0,False,Cornerstone
ENR000109,EMP0014,C012,Sales Techniques & CRM,Sales,2025-06-16,,In Progress,,4.0,False,SAP SF Learning
ENR000110,EMP0014,C013,Financial Modelling,Finance,2025-06-23,2025-07-28,Completed,94.0,6.0,False,SAP SF Learning
ENR000111,EMP0014,C014,Agile & Scrum Practitioner,Technical,2025-11-08,2025-12-28,Completed,97.0,4.0,False,SAP SF Learning
ENR000112,EMP0015,C001,Data Privacy & GDPR Fundamentals,Compliance,2025-10-28,2025-12-10,Completed,75.0,2.0,True,Cornerstone
ENR000113,EMP0015,C002,Workplace Safety & Health,Compliance,2025-08-03,2025-08-15,Completed,96.0,1.5,True,Cornerstone
ENR000114,EMP0015,C003,Code of Conduct & Ethics,Compliance,2025-12-14,,In Progress,,1.0,True,Cornerstone
ENR000115,EMP0015,C004,Cybersecurity Awareness,Compliance,2025-09-07,2025-10-01,Completed,74.0,2.0,True,Cornerstone
ENR000116,EMP0015,C005,Anti-Harassment & Inclusion,Compliance,2025-12-27,,Not Started,,1.5,True,SAP SF Learning
ENR000117,EMP0015,C010,Advanced Excel & Power BI,Technical,2026-01-06,2026-01-31,Completed,84.0,5.0,False,SAP SF Learning
ENR000118,EMP0015,C013,Financial Modelling,Finance,2025-11-14,2026-01-09,Completed,82.0,6.0,False,SAP SF Learning
ENR000119,EMP0016,C001,Data Privacy & GDPR Fundamentals,Compliance,2025-09-06,2025-10-18,Completed,77.0,2.0,True,Cornerstone
ENR000120,EMP0016,C002,Workplace Safety & Health,Compliance,2025-08-09,2025-09-24,Completed,67.0,1.5,True,Cornerstone
ENR000121,EMP0016,C003,Code of Conduct & Ethics,Compliance,2025-10-15,2025-11-15,Completed,90.0,1.0,True,SAP SF Learning
ENR000122,EMP0016,C004,Cybersecurity Awareness,Compliance,2025-08-11,2025-09-07,Completed,61.0,2.0,True,Cornerstone
ENR000123,EMP0016,C005,Anti-Harassment & Inclusion,Compliance,2026-01-18,2026-01-27,Completed,100.0,1.5,True,Cornerstone
ENR000124,EMP0016,C006,Python for Data Science,Technical,2025-08-13,2025-08-25,Completed,93.0,8.0,False,SAP SF Learning
ENR000125,EMP0016,C009,Project Management (PMP Prep),Professional,2025-07-12,2025-08-20,Completed,90.0,10.0,False,SAP SF Learning
ENR000126,EMP0016,C012,Sales Techniques & CRM,Sales,2026-02-20,2026-03-03,Completed,81.0,4.0,False,SAP SF Learning
ENR000127,EMP0016,C013,Financial Modelling,Finance,2025-11-03,2025-11-10,Completed,61.0,6.0,False,Cornerstone
ENR000128,EMP0017,C001,Data Privacy & GDPR Fundamentals,Compliance,2025-08-17,2025-09-26,Completed,98.0,2.0,True,Cornerstone
ENR000129,EMP0017,C002,Workplace Safety & Health,Compliance,2026-01-01,2026-01-09,Completed,65.0,1.5,True,SAP SF Learning
ENR000130,EMP0017,C003,Code of Conduct & Ethics,Compliance,2026-05-25,2026-07-17,Completed,60.0,1.0,True,SAP SF Learning
ENR000131,EMP0017,C004,Cybersecurity Awareness,Compliance,2025-10-31,,Not Started,,2.0,True,Cornerstone
ENR000132,EMP0017,C005,Anti-Harassment & Inclusion,Compliance,2025-12-13,2026-01-07,Completed,82.0,1.5,True,Cornerstone
ENR000133,EMP0017,C006,Python for Data Science,Technical,2026-04-02,2026-05-27,Completed,65.0,8.0,False,SAP SF Learning
ENR000134,EMP0017,C008,Leadership & Influence,Leadership,2026-03-25,,In Progress,,4.0,False,Cornerstone
ENR000135,EMP0017,C009,Project Management (PMP Prep),Professional,2026-04-17,2026-05-11,Completed,66.0,10.0,False,Cornerstone
ENR000136,EMP0017,C013,Financial Modelling,Finance,2025-08-27,2025-10-17,Completed,95.0,6.0,False,SAP SF Learning
ENR000137,EMP0020,C001,Data Privacy & GDPR Fundamentals,Compliance,2026-04-06,2026-05-24,Completed,68.0,2.0,True,Cornerstone
ENR000138,EMP0020,C002,Workplace Safety & Health,Compliance,2025-11-29,2025-12-10,Completed,66.0,1.5,True,Cornerstone
ENR000139,EMP0020,C003,Code of Conduct & Ethics,Compliance,2026-04-10,2026-05-16,Completed,99.0,1.0,True,Cornerstone
ENR000140,EMP0020,C004,Cybersecurity Awareness,Compliance,2026-02-11,2026-02-17,Completed,69.0,2.0,True,SAP SF Learning
ENR000141,EMP0020,C005,Anti-Harassment & Inclusion,Compliance,2025-11-25,2025-12-12,Completed,74.0,1.5,True,SAP SF Learning
ENR000142,EMP0020,C006,Python for Data Science,Technical,2025-11-05,,Not Started,,8.0,False,SAP SF Learning
ENR000143,EMP0020,C009,Project Management (PMP Prep),Professional,2025-08-26,,Not Started,,10.0,False,Cornerstone
ENR000144,EMP0020,C011,Communication Skills,Soft Skills,2025-08-14,,Not Started,,3.0,False,Cornerstone
ENR000145,EMP0020,C015,AI & Machine Learning Basics,Technical,2025-06-15,,In Progress,,5.0,False,Cornerstone
ENR000146,EMP0023,C001,Data Privacy & GDPR Fundamentals,Compliance,2026-03-18,2026-05-16,Completed,97.0,2.0,True,SAP SF Learning
ENR000147,EMP0023,C002,Workplace Safety & Health,Compliance,2026-04-22,2026-05-31,Completed,72.0,1.5,True,SAP SF Learning
ENR000148,EMP0023,C003,Code of Conduct & Ethics,Compliance,2026-01-18,2026-01-30,Completed,86.0,1.0,True,Cornerstone
ENR000149,EMP0023,C004,Cybersecurity Awareness,Compliance,2025-12-21,2025-12-29,Completed,92.0,2.0,True,SAP SF Learning
ENR000150,EMP0023,C005,Anti-Harassment & Inclusion,Compliance,2026-04-21,2026-05-08,Completed,88.0,1.5,True,SAP SF Learning
ENR000151,EMP0023,C009,Project Management (PMP Prep),Professional,2025-07-24,2025-08-18,Completed,100.0,10.0,False,Cornerstone
ENR000152,EMP0023,C010,Advanced Excel & Power BI,Technical,2025-10-10,2025-11-02,Completed,93.0,5.0,False,Cornerstone
ENR000153,EMP0023,C011,Communication Skills,Soft Skills,2025-09-29,2025-11-12,Completed,81.0,3.0,False,Cornerstone
ENR000154,EMP0023,C012,Sales Techniques & CRM,Sales,2025-10-09,2025-12-06,Completed,96.0,4.0,False,SAP SF Learning
ENR000155,EMP0023,C014,Agile & Scrum Practitioner,Technical,2026-03-22,2026-05-09,Completed,75.0,4.0,False,SAP SF Learning
ENR000156,EMP0023,C015,AI & Machine Learning Basics,Technical,2025-09-14,,Not Started,,5.0,False,Cornerstone
ENR000157,EMP0024,C001,Data Privacy & GDPR Fundamentals,Compliance,2025-07-26,,Not Started,,2.0,True,Cornerstone
ENR000158,EMP0024,C002,Workplace Safety & Health,Compliance,2026-01-05,,Not Started,,1.5,True,SAP SF Learning
ENR000159,EMP0024,C003,Code of Conduct & Ethics,Compliance,2025-12-17,,Not Started,,1.0,True,SAP SF Learning
ENR000160,EMP0024,C004,Cybersecurity Awareness,Compliance,2026-04-02,,Not Started,,2.0,True,SAP SF Learning
ENR000161,EMP0024,C005,Anti-Harassment & Inclusion,Compliance,2026-01-19,2026-02-22,Completed,87.0,1.5,True,SAP SF Learning
ENR000162,EMP0024,C006,Python for Data Science,Technical,2025-10-22,2025-12-05,Completed,71.0,8.0,False,SAP SF Learning
ENR000163,EMP0024,C010,Advanced Excel & Power BI,Technical,2026-02-02,,In Progress,,5.0,False,SAP SF Learning
ENR000164,EMP0024,C012,Sales Techniques & CRM,Sales,2025-12-20,2026-01-16,Completed,83.0,4.0,False,SAP SF Learning
ENR000165,EMP0024,C013,Financial Modelling,Finance,2025-08-18,2025-09-24,Completed,74.0,6.0,False,Cornerstone
ENR000166,EMP0025,C001,Data Privacy & GDPR Fundamentals,Compliance,2026-04-16,,In Progress,,2.0,True,SAP SF Learning
ENR000167,EMP0025,C002,Workplace Safety & Health,Compliance,2025-08-17,2025-08-26,Completed,100.0,1.5,True,SAP SF Learning
ENR000168,EMP0025,C003,Code of Conduct & Ethics,Compliance,2025-10-04,2025-11-28,Completed,96.0,1.0,True,Cornerstone
ENR000169,EMP0025,C004,Cybersecurity Awareness,Compliance,2026-03-04,2026-03-18,Completed,76.0,2.0,True,SAP SF Learning
ENR000170,EMP0025,C005,Anti-Harassment & Inclusion,Compliance,2025-07-16,2025-08-07,Completed,76.0,1.5,True,SAP SF Learning
ENR000171,EMP0025,C007,Azure Cloud Fundamentals,Technical,2025-11-16,2026-01-11,Completed,98.0,6.0,False,Cornerstone
ENR000172,EMP0025,C010,Advanced Excel & Power BI,Technical,2025-12-24,2026-02-10,Completed,88.0,5.0,False,Cornerstone
ENR000173,EMP0025,C011,Communication Skills,Soft Skills,2026-02-09,,In Progress,,3.0,False,SAP SF Learning
ENR000174,EMP0026,C001,Data Privacy & GDPR Fundamentals,Compliance,2026-01-30,2026-02-17,Completed,88.0,2.0,True,SAP SF Learning
ENR000175,EMP0026,C002,Workplace Safety & Health,Compliance,2025-12-28,,Not Started,,1.5,True,Cornerstone
ENR000176,EMP0026,C003,Code of Conduct & Ethics,Compliance,2025-06-18,2025-07-04,Completed,76.0,1.0,True,Cornerstone
ENR000177,EMP0026,C004,Cybersecurity Awareness,Compliance,2025-11-10,2025-11-15,Completed,90.0,2.0,True,Cornerstone
ENR000178,EMP0026,C005,Anti-Harassment & Inclusion,Compliance,2025-11-10,2025-11-16,Completed,66.0,1.5,True,SAP SF Learning
ENR000179,EMP0026,C006,Python for Data Science,Technical,2026-06-06,,Not Started,,8.0,False,Cornerstone
ENR000180,EMP0026,C007,Azure Cloud Fundamentals,Technical,2026-02-07,2026-03-13,Completed,70.0,6.0,False,Cornerstone
ENR000181,EMP0026,C011,Communication Skills,Soft Skills,2025-07-31,,In Progress,,3.0,False,SAP SF Learning
ENR000182,EMP0026,C014,Agile & Scrum Practitioner,Technical,2025-10-22,2025-11-06,Completed,65.0,4.0,False,SAP SF Learning
ENR000183,EMP0027,C001,Data Privacy & GDPR Fundamentals,Compliance,2025-06-13,2025-08-05,Completed,68.0,2.0,True,SAP SF Learning
ENR000184,EMP0027,C002,Workplace Safety & Health,Compliance,2026-01-03,2026-03-04,Completed,91.0,1.5,True,SAP SF Learning
ENR000185,EMP0027,C003,Code of Conduct & Ethics,Compliance,2026-04-02,2026-04-21,Completed,98.0,1.0,True,Cornerstone
ENR000186,EMP0027,C004,Cybersecurity Awareness,Compliance,2026-01-08,2026-02-04,Completed,95.0,2.0,True,SAP SF Learning
ENR000187,EMP0027,C005,Anti-Harassment & Inclusion,Compliance,2025-08-11,2025-09-22,Completed,84.0,1.5,True,SAP SF Learning
ENR000188,EMP0027,C006,Python for Data Science,Technical,2026-02-07,2026-03-28,Completed,99.0,8.0,False,SAP SF Learning
ENR000189,EMP0027,C008,Leadership & Influence,Leadership,2026-05-06,2026-05-15,Completed,78.0,4.0,False,Cornerstone
ENR000190,EMP0027,C011,Communication Skills,Soft Skills,2025-06-28,,In Progress,,3.0,False,Cornerstone
ENR000191,EMP0027,C012,Sales Techniques & CRM,Sales,2025-07-28,,In Progress,,4.0,False,Cornerstone
ENR000192,EMP0027,C013,Financial Modelling,Finance,2025-09-01,2025-09-21,Completed,91.0,6.0,False,SAP SF Learning
ENR000193,EMP0028,C002,Workplace Safety & Health,Compliance,2026-04-06,2026-05-11,Completed,90.0,1.5,True,Cornerstone
ENR000194,EMP0028,C003,Code of Conduct & Ethics,Compliance,2026-05-02,2026-05-27,Completed,60.0,1.0,True,Cornerstone
ENR000195,EMP0028,C005,Anti-Harassment & Inclusion,Compliance,2025-11-05,2025-12-04,Completed,75.0,1.5,True,Cornerstone
ENR000196,EMP0028,C011,Communication Skills,Soft Skills,2025-07-26,2025-09-05,Completed,79.0,3.0,False,Cornerstone
ENR000197,EMP0028,C012,Sales Techniques & CRM,Sales,2026-02-23,2026-03-03,Completed,75.0,4.0,False,SAP SF Learning
ENR000198,EMP0028,C013,Financial Modelling,Finance,2025-09-24,2025-10-20,Completed,75.0,6.0,False,Cornerstone
ENR000199,EMP0028,C014,Agile & Scrum Practitioner,Technical,2026-03-04,2026-04-12,Completed,69.0,4.0,False,SAP SF Learning
ENR000200,EMP0028,C015,AI & Machine Learning Basics,Technical,2025-12-20,2026-01-29,Completed,81.0,5.0,False,Cornerstone
ENR000201,EMP0029,C001,Data Privacy & GDPR Fundamentals,Compliance,2026-02-14,2026-03-21,Completed,66.0,2.0,True,Cornerstone
ENR000202,EMP0029,C002,Workplace Safety & Health,Compliance,2025-10-10,,Not Started,,1.5,True,SAP SF Learning
ENR000203,EMP0029,C003,Code of Conduct & Ethics,Compliance,2025-06-17,2025-07-10,Completed,68.0,1.0,True,SAP SF Learning
ENR000204,EMP0029,C004,Cybersecurity Awareness,Compliance,2025-12-14,2026-01-19,Completed,78.0,2.0,True,SAP SF Learning
ENR000205,EMP0029,C005,Anti-Harassment & Inclusion,Compliance,2025-08-20,2025-09-10,Completed,89.0,1.5,True,SAP SF Learning
ENR000206,EMP0029,C006,Python for Data Science,Technical,2026-05-09,2026-05-14,Completed,93.0,8.0,False,Cornerstone
ENR000207,EMP0029,C008,Leadership & Influence,Leadership,2026-04-06,,Not Started,,4.0,False,Cornerstone
ENR000208,EMP0029,C009,Project Management (PMP Prep),Professional,2025-10-28,,In Progress,,10.0,False,SAP SF Learning
ENR000209,EMP0029,C011,Communication Skills,Soft Skills,2025-12-30,,In Progress,,3.0,False,SAP SF Learning
ENR000210,EMP0030,C001,Data Privacy & GDPR Fundamentals,Compliance,2025-12-14,2025-12-17,Completed,96.0,2.0,True,SAP SF Learning
ENR000211,EMP0030,C002,Workplace Safety & Health,Compliance,2025-12-30,2026-02-06,Completed,76.0,1.5,True,Cornerstone
ENR000212,EMP0030,C003,Code of Conduct & Ethics,Compliance,2026-01-30,2026-01-31,Completed,73.0,1.0,True,SAP SF Learning
ENR000213,EMP0030,C004,Cybersecurity Awareness,Compliance,2026-04-28,2026-06-19,Completed,100.0,2.0,True,Cornerstone
ENR000214,EMP0030,C005,Anti-Harassment & Inclusion,Compliance,2026-03-25,,Not Started,,1.5,True,SAP SF Learning
ENR000215,EMP0030,C006,Python for Data Science,Technical,2026-02-04,2026-02-07,Completed,64.0,8.0,False,SAP SF Learning
ENR000216,EMP0030,C007,Azure Cloud Fundamentals,Technical,2025-12-28,2026-02-13,Completed,74.0,6.0,False,SAP SF Learning
ENR000217,EMP0030,C011,Communication Skills,Soft Skills,2026-02-12,2026-03-28,Completed,89.0,3.0,False,SAP SF Learning
ENR000218,EMP0030,C012,Sales Techniques & CRM,Sales,2025-08-18,2025-09-20,Completed,81.0,4.0,False,Cornerstone
ENR000219,EMP0031,C001,Data Privacy & GDPR Fundamentals,Compliance,2025-11-16,2025-12-14,Completed,80.0,2.0,True,Cornerstone
ENR000220,EMP0031,C002,Workplace Safety & Health,Compliance,2025-08-31,2025-10-06,Completed,76.0,1.5,True,SAP SF Learning
ENR000221,EMP0031,C004,Cybersecurity Awareness,Compliance,2025-11-10,2025-11-13,Completed,78.0,2.0,True,Cornerstone
ENR000222,EMP0031,C005,Anti-Harassment & Inclusion,Compliance,2026-05-21,2026-06-10,Completed,74.0,1.5,True,Cornerstone
ENR000223,EMP0031,C006,Python for Data Science,Technical,2026-04-24,,Not Started,,8.0,False,Cornerstone
ENR000224,EMP0031,C008,Leadership & Influence,Leadership,2026-05-20,2026-06-04,Completed,76.0,4.0,False,SAP SF Learning
ENR000225,EMP0031,C014,Agile & Scrum Practitioner,Technical,2025-10-04,2025-11-25,Completed,96.0,4.0,False,SAP SF Learning
ENR000226,EMP0031,C015,AI & Machine Learning Basics,Technical,2026-04-04,2026-05-31,Completed,87.0,5.0,False,SAP SF Learning
ENR000227,EMP0033,C001,Data Privacy & GDPR Fundamentals,Compliance,2025-07-26,,In Progress,,2.0,True,Cornerstone
ENR000228,EMP0033,C002,Workplace Safety & Health,Compliance,2026-02-10,2026-03-02,Completed,93.0,1.5,True,Cornerstone
ENR000229,EMP0033,C003,Code of Conduct & Ethics,Compliance,2026-01-14,2026-02-16,Completed,74.0,1.0,True,Cornerstone
ENR000230,EMP0033,C004,Cybersecurity Awareness,Compliance,2026-03-20,,Not Started,,2.0,True,Cornerstone
ENR000231,EMP0033,C005,Anti-Harassment & Inclusion,Compliance,2025-09-30,2025-10-10,Completed,68.0,1.5,True,SAP SF Learning
ENR000232,EMP0033,C009,Project Management (PMP Prep),Professional,2025-07-31,2025-08-13,Completed,91.0,10.0,False,SAP SF Learning
ENR000233,EMP0033,C010,Advanced Excel & Power BI,Technical,2026-02-03,,In Progress,,5.0,False,Cornerstone
ENR000234,EMP0033,C014,Agile & Scrum Practitioner,Technical,2025-10-12,2025-11-23,Completed,61.0,4.0,False,SAP SF Learning
ENR000235,EMP0034,C001,Data Privacy & GDPR Fundamentals,Compliance,2026-04-17,2026-04-27,Completed,88.0,2.0,True,Cornerstone
ENR000236,EMP0034,C002,Workplace Safety & Health,Compliance,2025-09-08,2025-10-02,Completed,69.0,1.5,True,Cornerstone
ENR000237,EMP0034,C003,Code of Conduct & Ethics,Compliance,2025-06-30,2025-08-09,Completed,69.0,1.0,True,SAP SF Learning
ENR000238,EMP0034,C004,Cybersecurity Awareness,Compliance,2026-03-05,2026-03-25,Completed,88.0,2.0,True,SAP SF Learning
ENR000239,EMP0034,C005,Anti-Harassment & Inclusion,Compliance,2025-08-29,2025-09-12,Completed,73.0,1.5,True,SAP SF Learning
ENR000240,EMP0034,C007,Azure Cloud Fundamentals,Technical,2026-02-24,2026-04-03,Completed,93.0,6.0,False,Cornerstone
ENR000241,EMP0034,C008,Leadership & Influence,Leadership,2025-08-26,,Not Started,,4.0,False,Cornerstone
ENR000242,EMP0034,C012,Sales Techniques & CRM,Sales,2025-10-01,,Not Started,,4.0,False,Cornerstone
ENR000243,EMP0034,C013,Financial Modelling,Finance,2026-03-12,2026-04-02,Completed,91.0,6.0,False,Cornerstone
ENR000244,EMP0035,C001,Data Privacy & GDPR Fundamentals,Compliance,2025-09-13,,Not Started,,2.0,True,SAP SF Learning
ENR000245,EMP0035,C002,Workplace Safety & Health,Compliance,2026-03-25,2026-04-17,Completed,82.0,1.5,True,SAP SF Learning
ENR000246,EMP0035,C003,Code of Conduct & Ethics,Compliance,2025-09-09,,Not Started,,1.0,True,Cornerstone
ENR000247,EMP0035,C004,Cybersecurity Awareness,Compliance,2026-05-16,2026-07-08,Completed,61.0,2.0,True,SAP SF Learning
ENR000248,EMP0035,C005,Anti-Harassment & Inclusion,Compliance,2025-10-20,,In Progress,,1.5,True,Cornerstone
ENR000249,EMP0035,C006,Python for Data Science,Technical,2026-02-27,,In Progress,,8.0,False,SAP SF Learning
ENR000250,EMP0035,C007,Azure Cloud Fundamentals,Technical,2025-10-08,,Not Started,,6.0,False,SAP SF Learning
ENR000251,EMP0035,C008,Leadership & Influence,Leadership,2025-08-02,2025-09-15,Completed,72.0,4.0,False,Cornerstone
ENR000252,EMP0035,C010,Advanced Excel & Power BI,Technical,2026-05-28,,In Progress,,5.0,False,Cornerstone
ENR000253,EMP0035,C012,Sales Techniques & CRM,Sales,2025-10-10,,In Progress,,4.0,False,Cornerstone
ENR000254,EMP0036,C001,Data Privacy & GDPR Fundamentals,Compliance,2026-06-06,2026-06-16,Completed,72.0,2.0,True,Cornerstone
ENR000255,EMP0036,C002,Workplace Safety & Health,Compliance,2025-06-19,2025-07-29,Completed,99.0,1.5,True,SAP SF Learning
ENR000256,EMP0036,C003,Code of Conduct & Ethics,Compliance,2026-02-02,2026-02-17,Completed,74.0,1.0,True,Cornerstone
ENR000257,EMP0036,C004,Cybersecurity Awareness,Compliance,2026-03-03,2026-03-12,Completed,92.0,2.0,True,SAP SF Learning
ENR000258,EMP0036,C005,Anti-Harassment & Inclusion,Compliance,2025-11-01,2025-11-26,Completed,91.0,1.5,True,SAP SF Learning
ENR000259,EMP0036,C006,Python for Data Science,Technical,2025-06-22,2025-06-23,Completed,77.0,8.0,False,SAP SF Learning
ENR000260,EMP0036,C008,Leadership & Influence,Leadership,2025-08-17,,Not Started,,4.0,False,SAP SF Learning
ENR000261,EMP0036,C010,Advanced Excel & Power BI,Technical,2026-04-06,2026-05-24,Completed,84.0,5.0,False,SAP SF Learning
ENR000262,EMP0036,C014,Agile & Scrum Practitioner,Technical,2025-12-03,,In Progress,,4.0,False,Cornerstone
ENR000263,EMP0036,C015,AI & Machine Learning Basics,Technical,2026-03-22,2026-04-16,Completed,93.0,5.0,False,Cornerstone
ENR000264,EMP0037,C001,Data Privacy & GDPR Fundamentals,Compliance,2025-11-27,2025-12-17,Completed,78.0,2.0,True,SAP SF Learning
ENR000265,EMP0037,C002,Workplace Safety & Health,Compliance,2025-10-01,2025-10-05,Completed,93.0,1.5,True,Cornerstone
ENR000266,EMP0037,C003,Code of Conduct & Ethics,Compliance,2026-02-15,2026-04-03,Completed,92.0,1.0,True,Cornerstone
ENR000267,EMP0037,C004,Cybersecurity Awareness,Compliance,2026-01-22,,In Progress,,2.0,True,SAP SF Learning
ENR000268,EMP0037,C005,Anti-Harassment & Inclusion,Compliance,2025-12-01,2025-12-31,Completed,97.0,1.5,True,Cornerstone
ENR000269,EMP0037,C006,Python for Data Science,Technical,2025-10-13,,In Progress,,8.0,False,Cornerstone
ENR000270,EMP0037,C008,Leadership & Influence,Leadership,2026-03-11,2026-05-01,Completed,92.0,4.0,False,Cornerstone
ENR000271,EMP0037,C009,Project Management (PMP Prep),Professional,2026-04-03,2026-04-25,Completed,96.0,10.0,False,Cornerstone
ENR000272,EMP0037,C010,Advanced Excel & Power BI,Technical,2026-04-04,,Not Started,,5.0,False,SAP SF Learning
ENR000273,EMP0037,C013,Financial Modelling,Finance,2025-08-27,2025-10-15,Completed,76.0,6.0,False,Cornerstone
ENR000274,EMP0037,C015,AI & Machine Learning Basics,Technical,2026-05-18,2026-06-01,Completed,97.0,5.0,False,SAP SF Learning
ENR000275,EMP0038,C001,Data Privacy & GDPR Fundamentals,Compliance,2025-11-28,2026-01-06,Completed,60.0,2.0,True,Cornerstone
ENR000276,EMP0038,C002,Workplace Safety & Health,Compliance,2025-09-25,2025-10-31,Completed,73.0,1.5,True,Cornerstone
ENR000277,EMP0038,C003,Code of Conduct & Ethics,Compliance,2025-06-30,2025-07-03,Completed,69.0,1.0,True,Cornerstone
ENR000278,EMP0038,C004,Cybersecurity Awareness,Compliance,2026-04-30,2026-05-22,Completed,65.0,2.0,True,Cornerstone
ENR000279,EMP0038,C005,Anti-Harassment & Inclusion,Compliance,2025-08-17,2025-09-05,Completed,99.0,1.5,True,Cornerstone
ENR000280,EMP0038,C007,Azure Cloud Fundamentals,Technical,2026-04-03,2026-04-27,Completed,84.0,6.0,False,Cornerstone
ENR000281,EMP0038,C012,Sales Techniques & CRM,Sales,2025-07-02,2025-08-18,Completed,100.0,4.0,False,Cornerstone
ENR000282,EMP0039,C001,Data Privacy & GDPR Fundamentals,Compliance,2025-12-30,2026-02-08,Completed,82.0,2.0,True,Cornerstone
ENR000283,EMP0039,C002,Workplace Safety & Health,Compliance,2025-12-19,2026-01-29,Completed,91.0,1.5,True,SAP SF Learning
ENR000284,EMP0039,C003,Code of Conduct & Ethics,Compliance,2026-05-18,2026-07-03,Completed,78.0,1.0,True,Cornerstone
ENR000285,EMP0039,C004,Cybersecurity Awareness,Compliance,2025-06-18,2025-08-08,Completed,67.0,2.0,True,Cornerstone
ENR000286,EMP0039,C005,Anti-Harassment & Inclusion,Compliance,2025-11-17,2025-12-09,Completed,82.0,1.5,True,Cornerstone
ENR000287,EMP0039,C006,Python for Data Science,Technical,2025-09-26,2025-10-01,Completed,79.0,8.0,False,SAP SF Learning
ENR000288,EMP0039,C007,Azure Cloud Fundamentals,Technical,2025-06-11,2025-07-03,Completed,81.0,6.0,False,SAP SF Learning
ENR000289,EMP0039,C009,Project Management (PMP Prep),Professional,2025-10-15,,Not Started,,10.0,False,SAP SF Learning
ENR000290,EMP0039,C012,Sales Techniques & CRM,Sales,2025-10-17,2025-12-09,Completed,86.0,4.0,False,Cornerstone
ENR000291,EMP0039,C013,Financial Modelling,Finance,2026-03-18,,In Progress,,6.0,False,Cornerstone
ENR000292,EMP0039,C014,Agile & Scrum Practitioner,Technical,2026-05-31,,Not Started,,4.0,False,Cornerstone
ENR000293,EMP0039,C015,AI & Machine Learning Basics,Technical,2025-06-21,2025-07-16,Completed,100.0,5.0,False,Cornerstone
ENR000294,EMP0040,C001,Data Privacy & GDPR Fundamentals,Compliance,2025-11-07,2025-11-15,Completed,79.0,2.0,True,SAP SF Learning
ENR000295,EMP0040,C002,Workplace Safety & Health,Compliance,2025-09-22,2025-10-24,Completed,75.0,1.5,True,SAP SF Learning
ENR000296,EMP0040,C003,Code of Conduct & Ethics,Compliance,2025-10-05,2025-10-25,Completed,71.0,1.0,True,Cornerstone
ENR000297,EMP0040,C004,Cybersecurity Awareness,Compliance,2025-06-24,2025-08-22,Completed,65.0,2.0,True,SAP SF Learning
ENR000298,EMP0040,C005,Anti-Harassment & Inclusion,Compliance,2026-04-15,2026-05-18,Completed,69.0,1.5,True,Cornerstone
ENR000299,EMP0040,C007,Azure Cloud Fundamentals,Technical,2025-10-14,2025-12-09,Completed,66.0,6.0,False,Cornerstone
ENR000300,EMP0040,C008,Leadership & Influence,Leadership,2025-11-07,,In Progress,,4.0,False,Cornerstone
ENR000301,EMP0040,C009,Project Management (PMP Prep),Professional,2026-05-04,2026-05-10,Completed,81.0,10.0,False,SAP SF Learning
ENR000302,EMP0040,C010,Advanced Excel & Power BI,Technical,2026-04-03,,Not Started,,5.0,False,Cornerstone
ENR000303,EMP0040,C011,Communication Skills,Soft Skills,2026-05-21,2026-06-03,Completed,72.0,3.0,False,SAP SF Learning
ENR000304,EMP0040,C012,Sales Techniques & CRM,Sales,2025-11-27,,Not Started,,4.0,False,Cornerstone
ENR000305,EMP0040,C013,Financial Modelling,Finance,2026-02-06,2026-02-13,Completed,73.0,6.0,False,SAP SF Learning
ENR000306,EMP0040,C014,Agile & Scrum Practitioner,Technical,2026-03-10,,In Progress,,4.0,False,Cornerstone
ENR000307,EMP0043,C001,Data Privacy & GDPR Fundamentals,Compliance,2025-11-28,2025-11-30,Completed,90.0,2.0,True,Cornerstone
ENR000308,EMP0043,C002,Workplace Safety & Health,Compliance,2025-06-30,2025-07-26,Completed,71.0,1.5,True,SAP SF Learning
ENR000309,EMP0043,C003,Code of Conduct & Ethics,Compliance,2025-10-08,2025-10-21,Completed,94.0,1.0,True,Cornerstone
ENR000310,EMP0043,C005,Anti-Harassment & Inclusion,Compliance,2025-12-07,2025-12-13,Completed,89.0,1.5,True,Cornerstone
ENR000311,EMP0043,C007,Azure Cloud Fundamentals,Technical,2025-09-07,,In Progress,,6.0,False,SAP SF Learning
ENR000312,EMP0043,C008,Leadership & Influence,Leadership,2026-03-08,,Not Started,,4.0,False,SAP SF Learning
ENR000313,EMP0043,C009,Project Management (PMP Prep),Professional,2025-12-11,2026-01-11,Completed,89.0,10.0,False,Cornerstone
ENR000314,EMP0044,C001,Data Privacy & GDPR Fundamentals,Compliance,2025-09-12,2025-10-13,Completed,84.0,2.0,True,Cornerstone
ENR000315,EMP0044,C002,Workplace Safety & Health,Compliance,2026-04-21,2026-05-19,Completed,87.0,1.5,True,SAP SF Learning
ENR000316,EMP0044,C003,Code of Conduct & Ethics,Compliance,2025-09-09,2025-10-22,Completed,64.0,1.0,True,SAP SF Learning
ENR000317,EMP0044,C004,Cybersecurity Awareness,Compliance,2026-01-26,2026-03-03,Completed,66.0,2.0,True,SAP SF Learning
ENR000318,EMP0044,C005,Anti-Harassment & Inclusion,Compliance,2025-11-14,2025-11-21,Completed,98.0,1.5,True,SAP SF Learning
ENR000319,EMP0044,C007,Azure Cloud Fundamentals,Technical,2025-08-02,,In Progress,,6.0,False,Cornerstone
ENR000320,EMP0044,C008,Leadership & Influence,Leadership,2025-09-30,2025-11-06,Completed,88.0,4.0,False,Cornerstone
ENR000321,EMP0045,C001,Data Privacy & GDPR Fundamentals,Compliance,2025-07-03,2025-08-08,Completed,63.0,2.0,True,Cornerstone
ENR000322,EMP0045,C002,Workplace Safety & Health,Compliance,2026-04-24,,In Progress,,1.5,True,SAP SF Learning
ENR000323,EMP0045,C003,Code of Conduct & Ethics,Compliance,2025-09-08,2025-10-16,Completed,85.0,1.0,True,SAP SF Learning
ENR000324,EMP0045,C004,Cybersecurity Awareness,Compliance,2025-11-14,2025-12-19,Completed,73.0,2.0,True,Cornerstone
ENR000325,EMP0045,C005,Anti-Harassment & Inclusion,Compliance,2025-08-21,2025-10-14,Completed,83.0,1.5,True,SAP SF Learning
ENR000326,EMP0045,C007,Azure Cloud Fundamentals,Technical,2025-07-07,,In Progress,,6.0,False,SAP SF Learning
ENR000327,EMP0045,C009,Project Management (PMP Prep),Professional,2026-04-18,2026-05-18,Completed,98.0,10.0,False,SAP SF Learning
ENR000328,EMP0045,C010,Advanced Excel & Power BI,Technical,2025-11-21,2025-12-20,Completed,84.0,5.0,False,SAP SF Learning
ENR000329,EMP0045,C015,AI & Machine Learning Basics,Technical,2025-06-24,2025-08-09,Completed,83.0,5.0,False,Cornerstone
ENR000330,EMP0047,C001,Data Privacy & GDPR Fundamentals,Compliance,2026-03-04,2026-04-20,Completed,93.0,2.0,True,SAP SF Learning
ENR000331,EMP0047,C002,Workplace Safety & Health,Compliance,2025-07-09,2025-08-18,Completed,65.0,1.5,True,Cornerstone
ENR000332,EMP0047,C003,Code of Conduct & Ethics,Compliance,2026-03-24,2026-05-06,Completed,64.0,1.0,True,SAP SF Learning
ENR000333,EMP0047,C004,Cybersecurity Awareness,Compliance,2026-05-26,2026-07-15,Completed,60.0,2.0,True,SAP SF Learning
ENR000334,EMP0047,C005,Anti-Harassment & Inclusion,Compliance,2026-05-27,2026-07-13,Completed,81.0,1.5,True,SAP SF Learning
ENR000335,EMP0047,C007,Azure Cloud Fundamentals,Technical,2026-03-06,,Not Started,,6.0,False,SAP SF Learning
ENR000336,EMP0047,C009,Project Management (PMP Prep),Professional,2025-09-30,,In Progress,,10.0,False,SAP SF Learning
ENR000337,EMP0047,C010,Advanced Excel & Power BI,Technical,2025-07-09,,Not Started,,5.0,False,SAP SF Learning
ENR000338,EMP0047,C012,Sales Techniques & CRM,Sales,2025-07-22,,In Progress,,4.0,False,SAP SF Learning
ENR000339,EMP0047,C013,Financial Modelling,Finance,2026-04-09,,Not Started,,6.0,False,Cornerstone
ENR000340,EMP0047,C015,AI & Machine Learning Basics,Technical,2025-08-04,2025-09-26,Completed,69.0,5.0,False,SAP SF Learning
ENR000341,EMP0048,C001,Data Privacy & GDPR Fundamentals,Compliance,2025-11-16,2025-12-02,Completed,88.0,2.0,True,Cornerstone
ENR000342,EMP0048,C002,Workplace Safety & Health,Compliance,2026-03-21,2026-03-25,Completed,76.0,1.5,True,Cornerstone
ENR000343,EMP0048,C003,Code of Conduct & Ethics,Compliance,2025-12-06,2025-12-26,Completed,90.0,1.0,True,Cornerstone
ENR000344,EMP0048,C004,Cybersecurity Awareness,Compliance,2026-03-10,2026-03-27,Completed,69.0,2.0,True,SAP SF Learning
ENR000345,EMP0048,C005,Anti-Harassment & Inclusion,Compliance,2026-06-04,2026-06-29,Completed,80.0,1.5,True,Cornerstone
ENR000346,EMP0048,C009,Project Management (PMP Prep),Professional,2026-04-17,2026-05-29,Completed,97.0,10.0,False,SAP SF Learning
ENR000347,EMP0048,C012,Sales Techniques & CRM,Sales,2026-02-27,,In Progress,,4.0,False,SAP SF Learning
ENR000348,EMP0048,C014,Agile & Scrum Practitioner,Technical,2025-07-17,2025-08-30,Completed,88.0,4.0,False,SAP SF Learning
ENR000349,EMP0048,C015,AI & Machine Learning Basics,Technical,2025-08-23,2025-10-02,Completed,65.0,5.0,False,Cornerstone
ENR000350,EMP0049,C001,Data Privacy & GDPR Fundamentals,Compliance,2026-02-19,,In Progress,,2.0,True,Cornerstone
ENR000351,EMP0049,C002,Workplace Safety & Health,Compliance,2025-07-26,2025-09-03,Completed,68.0,1.5,True,SAP SF Learning
ENR000352,EMP0049,C003,Code of Conduct & Ethics,Compliance,2026-05-24,2026-07-15,Completed,71.0,1.0,True,Cornerstone
ENR000353,EMP0049,C004,Cybersecurity Awareness,Compliance,2025-09-15,2025-10-28,Completed,64.0,2.0,True,SAP SF Learning
ENR000354,EMP0049,C005,Anti-Harassment & Inclusion,Compliance,2025-09-24,2025-11-08,Completed,80.0,1.5,True,SAP SF Learning
ENR000355,EMP0049,C006,Python for Data Science,Technical,2026-04-07,2026-05-02,Completed,81.0,8.0,False,Cornerstone
ENR000356,EMP0049,C008,Leadership & Influence,Leadership,2026-06-05,2026-07-01,Completed,71.0,4.0,False,SAP SF Learning
ENR000357,EMP0049,C012,Sales Techniques & CRM,Sales,2025-07-06,2025-07-23,Completed,88.0,4.0,False,Cornerstone
ENR000358,EMP0049,C013,Financial Modelling,Finance,2026-02-13,2026-02-16,Completed,84.0,6.0,False,SAP SF Learning
ENR000359,EMP0049,C015,AI & Machine Learning Basics,Technical,2026-03-11,,Not Started,,5.0,False,SAP SF Learning
ENR000360,EMP0055,C001,Data Privacy & GDPR Fundamentals,Compliance,2026-05-03,2026-06-24,Completed,64.0,2.0,True,Cornerstone
ENR000361,EMP0055,C002,Workplace Safety & Health,Compliance,2026-03-04,2026-04-04,Completed,67.0,1.5,True,SAP SF Learning
ENR000362,EMP0055,C003,Code of Conduct & Ethics,Compliance,2025-10-05,2025-11-15,Completed,65.0,1.0,True,SAP SF Learning
ENR000363,EMP0055,C004,Cybersecurity Awareness,Compliance,2025-10-19,2025-11-18,Completed,78.0,2.0,True,Cornerstone
ENR000364,EMP0055,C005,Anti-Harassment & Inclusion,Compliance,2025-06-24,,In Progress,,1.5,True,SAP SF Learning
ENR000365,EMP0055,C007,Azure Cloud Fundamentals,Technical,2025-07-12,,Not Started,,6.0,False,Cornerstone
ENR000366,EMP0055,C008,Leadership & Influence,Leadership,2026-03-16,,In Progress,,4.0,False,SAP SF Learning
ENR000367,EMP0055,C010,Advanced Excel & Power BI,Technical,2026-04-29,,In Progress,,5.0,False,Cornerstone
ENR000368,EMP0055,C011,Communication Skills,Soft Skills,2026-03-16,2026-03-24,Completed,73.0,3.0,False,SAP SF Learning
ENR000369,EMP0055,C014,Agile & Scrum Practitioner,Technical,2026-03-22,2026-05-03,Completed,61.0,4.0,False,SAP SF Learning
ENR000370,EMP0055,C015,AI & Machine Learning Basics,Technical,2025-09-11,,In Progress,,5.0,False,Cornerstone
ENR000371,EMP0056,C001,Data Privacy & GDPR Fundamentals,Compliance,2025-06-28,,In Progress,,2.0,True,SAP SF Learning
ENR000372,EMP0056,C002,Workplace Safety & Health,Compliance,2026-04-29,2026-06-21,Completed,66.0,1.5,True,Cornerstone
ENR000373,EMP0056,C003,Code of Conduct & Ethics,Compliance,2026-04-15,2026-04-20,Completed,72.0,1.0,True,SAP SF Learning
ENR000374,EMP0056,C004,Cybersecurity Awareness,Compliance,2026-04-30,,Not Started,,2.0,True,SAP SF Learning
ENR000375,EMP0056,C005,Anti-Harassment & Inclusion,Compliance,2026-03-02,2026-03-11,Completed,80.0,1.5,True,Cornerstone
ENR000376,EMP0056,C007,Azure Cloud Fundamentals,Technical,2025-08-03,,In Progress,,6.0,False,SAP SF Learning
ENR000377,EMP0056,C008,Leadership & Influence,Leadership,2026-06-03,2026-06-12,Completed,66.0,4.0,False,SAP SF Learning
ENR000378,EMP0056,C009,Project Management (PMP Prep),Professional,2025-12-15,2025-12-16,Completed,71.0,10.0,False,Cornerstone
ENR000379,EMP0056,C012,Sales Techniques & CRM,Sales,2025-07-28,2025-09-07,Completed,77.0,4.0,False,SAP SF Learning
ENR000380,EMP0056,C014,Agile & Scrum Practitioner,Technical,2025-08-18,,In Progress,,4.0,False,SAP SF Learning
ENR000381,EMP0056,C015,AI & Machine Learning Basics,Technical,2025-09-09,2025-10-13,Completed,66.0,5.0,False,SAP SF Learning
ENR000382,EMP0057,C001,Data Privacy & GDPR Fundamentals,Compliance,2026-01-05,2026-02-04,Completed,100.0,2.0,True,Cornerstone
ENR000383,EMP0057,C002,Workplace Safety & Health,Compliance,2025-08-23,2025-09-02,Completed,90.0,1.5,True,SAP SF Learning
ENR000384,EMP0057,C003,Code of Conduct & Ethics,Compliance,2026-02-24,,In Progress,,1.0,True,SAP SF Learning
ENR000385,EMP0057,C004,Cybersecurity Awareness,Compliance,2025-11-25,2026-01-04,Completed,89.0,2.0,True,Cornerstone
ENR000386,EMP0057,C005,Anti-Harassment & Inclusion,Compliance,2025-06-29,,In Progress,,1.5,True,Cornerstone
ENR000387,EMP0057,C006,Python for Data Science,Technical,2025-07-24,2025-08-09,Completed,88.0,8.0,False,SAP SF Learning
ENR000388,EMP0057,C008,Leadership & Influence,Leadership,2025-07-22,2025-07-29,Completed,75.0,4.0,False,SAP SF Learning
ENR000389,EMP0057,C009,Project Management (PMP Prep),Professional,2025-09-03,2025-10-11,Completed,91.0,10.0,False,Cornerstone
ENR000390,EMP0057,C010,Advanced Excel & Power BI,Technical,2026-06-04,,In Progress,,5.0,False,SAP SF Learning
ENR000391,EMP0057,C015,AI & Machine Learning Basics,Technical,2025-12-07,2025-12-18,Completed,81.0,5.0,False,Cornerstone
ENR000392,EMP0058,C001,Data Privacy & GDPR Fundamentals,Compliance,2026-01-29,2026-03-21,Completed,100.0,2.0,True,Cornerstone
ENR000393,EMP0058,C002,Workplace Safety & Health,Compliance,2026-01-10,,In Progress,,1.5,True,SAP SF Learning
ENR000394,EMP0058,C003,Code of Conduct & Ethics,Compliance,2025-12-16,,In Progress,,1.0,True,SAP SF Learning
ENR000395,EMP0058,C004,Cybersecurity Awareness,Compliance,2025-09-25,2025-10-23,Completed,75.0,2.0,True,Cornerstone
ENR000396,EMP0058,C005,Anti-Harassment & Inclusion,Compliance,2026-01-20,2026-03-21,Completed,97.0,1.5,True,Cornerstone
ENR000397,EMP0058,C007,Azure Cloud Fundamentals,Technical,2025-12-09,,In Progress,,6.0,False,SAP SF Learning
ENR000398,EMP0058,C010,Advanced Excel & Power BI,Technical,2026-01-12,,Not Started,,5.0,False,Cornerstone
ENR000399,EMP0058,C012,Sales Techniques & CRM,Sales,2025-12-12,,In Progress,,4.0,False,SAP SF Learning
ENR000400,EMP0059,C001,Data Privacy & GDPR Fundamentals,Compliance,2026-04-12,,Not Started,,2.0,True,Cornerstone
ENR000401,EMP0059,C002,Workplace Safety & Health,Compliance,2025-07-06,2025-08-20,Completed,81.0,1.5,True,Cornerstone
ENR000402,EMP0059,C003,Code of Conduct & Ethics,Compliance,2026-03-28,2026-05-07,Completed,94.0,1.0,True,Cornerstone
ENR000403,EMP0059,C004,Cybersecurity Awareness,Compliance,2025-07-10,2025-08-01,Completed,63.0,2.0,True,SAP SF Learning
ENR000404,EMP0059,C005,Anti-Harassment & Inclusion,Compliance,2025-07-22,2025-08-21,Completed,99.0,1.5,True,Cornerstone
ENR000405,EMP0059,C006,Python for Data Science,Technical,2026-01-12,,In Progress,,8.0,False,Cornerstone
ENR000406,EMP0059,C007,Azure Cloud Fundamentals,Technical,2025-07-23,,In Progress,,6.0,False,Cornerstone
ENR000407,EMP0059,C009,Project Management (PMP Prep),Professional,2025-06-30,2025-07-23,Completed,88.0,10.0,False,SAP SF Learning
ENR000408,EMP0059,C013,Financial Modelling,Finance,2026-02-25,,In Progress,,6.0,False,Cornerstone
ENR000409,EMP0059,C014,Agile & Scrum Practitioner,Technical,2025-07-10,2025-07-22,Completed,78.0,4.0,False,Cornerstone
ENR000410,EMP0060,C001,Data Privacy & GDPR Fundamentals,Compliance,2025-12-19,2026-01-02,Completed,93.0,2.0,True,Cornerstone
ENR000411,EMP0060,C002,Workplace Safety & Health,Compliance,2026-03-01,2026-03-10,Completed,90.0,1.5,True,SAP SF Learning
ENR000412,EMP0060,C003,Code of Conduct & Ethics,Compliance,2026-03-22,2026-04-10,Completed,72.0,1.0,True,Cornerstone
ENR000413,EMP0060,C004,Cybersecurity Awareness,Compliance,2026-04-16,2026-05-20,Completed,81.0,2.0,True,SAP SF Learning
ENR000414,EMP0060,C005,Anti-Harassment & Inclusion,Compliance,2026-02-19,2026-03-12,Completed,91.0,1.5,True,SAP SF Learning
ENR000415,EMP0060,C007,Azure Cloud Fundamentals,Technical,2026-04-12,2026-05-13,Completed,83.0,6.0,False,SAP SF Learning
ENR000416,EMP0060,C008,Leadership & Influence,Leadership,2025-10-24,2025-11-04,Completed,99.0,4.0,False,Cornerstone
ENR000417,EMP0060,C009,Project Management (PMP Prep),Professional,2025-08-16,,In Progress,,10.0,False,Cornerstone
ENR000418,EMP0060,C010,Advanced Excel & Power BI,Technical,2025-10-10,2025-11-08,Completed,76.0,5.0,False,SAP SF Learning
ENR000419,EMP0060,C014,Agile & Scrum Practitioner,Technical,2025-10-04,2025-10-06,Completed,85.0,4.0,False,SAP SF Learning
ENR000420,EMP0062,C001,Data Privacy & GDPR Fundamentals,Compliance,2025-08-09,2025-09-26,Completed,94.0,2.0,True,SAP SF Learning
ENR000421,EMP0062,C002,Workplace Safety & Health,Compliance,2025-10-02,2025-10-21,Completed,96.0,1.5,True,Cornerstone
ENR000422,EMP0062,C003,Code of Conduct & Ethics,Compliance,2026-03-19,,Not Started,,1.0,True,SAP SF Learning
ENR000423,EMP0062,C004,Cybersecurity Awareness,Compliance,2026-03-20,2026-03-23,Completed,68.0,2.0,True,Cornerstone
ENR000424,EMP0062,C005,Anti-Harassment & Inclusion,Compliance,2025-11-12,2025-11-27,Completed,88.0,1.5,True,SAP SF Learning
ENR000425,EMP0062,C006,Python for Data Science,Technical,2026-02-13,2026-03-19,Completed,74.0,8.0,False,SAP SF Learning
ENR000426,EMP0062,C007,Azure Cloud Fundamentals,Technical,2026-05-05,2026-06-17,Completed,65.0,6.0,False,SAP SF Learning
ENR000427,EMP0062,C010,Advanced Excel & Power BI,Technical,2025-08-05,,Not Started,,5.0,False,SAP SF Learning
ENR000428,EMP0062,C011,Communication Skills,Soft Skills,2025-10-21,2025-11-19,Completed,95.0,3.0,False,Cornerstone
ENR000429,EMP0062,C013,Financial Modelling,Finance,2025-11-28,2026-01-19,Completed,87.0,6.0,False,SAP SF Learning
ENR000430,EMP0062,C015,AI & Machine Learning Basics,Technical,2025-12-10,,Not Started,,5.0,False,Cornerstone
ENR000431,EMP0063,C001,Data Privacy & GDPR Fundamentals,Compliance,2026-01-24,2026-01-30,Completed,60.0,2.0,True,SAP SF Learning
ENR000432,EMP0063,C002,Workplace Safety & Health,Compliance,2025-09-23,2025-10-29,Completed,89.0,1.5,True,Cornerstone
ENR000433,EMP0063,C003,Code of Conduct & Ethics,Compliance,2026-04-28,2026-06-03,Completed,91.0,1.0,True,Cornerstone
ENR000434,EMP0063,C004,Cybersecurity Awareness,Compliance,2025-10-04,2025-10-24,Completed,91.0,2.0,True,SAP SF Learning
ENR000435,EMP0063,C005,Anti-Harassment & Inclusion,Compliance,2026-04-12,2026-04-29,Completed,79.0,1.5,True,SAP SF Learning
ENR000436,EMP0063,C007,Azure Cloud Fundamentals,Technical,2026-05-27,,In Progress,,6.0,False,Cornerstone
ENR000437,EMP0063,C009,Project Management (PMP Prep),Professional,2026-03-26,2026-04-26,Completed,96.0,10.0,False,SAP SF Learning
ENR000438,EMP0063,C010,Advanced Excel & Power BI,Technical,2025-12-11,,In Progress,,5.0,False,SAP SF Learning
ENR000439,EMP0063,C012,Sales Techniques & CRM,Sales,2025-07-02,2025-08-01,Completed,68.0,4.0,False,SAP SF Learning
ENR000440,EMP0063,C013,Financial Modelling,Finance,2025-11-19,,Not Started,,6.0,False,Cornerstone
ENR000441,EMP0063,C015,AI & Machine Learning Basics,Technical,2026-04-03,,In Progress,,5.0,False,Cornerstone
ENR000442,EMP0065,C001,Data Privacy & GDPR Fundamentals,Compliance,2026-05-14,2026-07-08,Completed,79.0,2.0,True,SAP SF Learning
ENR000443,EMP0065,C002,Workplace Safety & Health,Compliance,2026-03-03,2026-04-07,Completed,97.0,1.5,True,SAP SF Learning
ENR000444,EMP0065,C003,Code of Conduct & Ethics,Compliance,2025-06-14,2025-07-03,Completed,83.0,1.0,True,SAP SF Learning
ENR000445,EMP0065,C004,Cybersecurity Awareness,Compliance,2026-06-02,,In Progress,,2.0,True,Cornerstone
ENR000446,EMP0065,C005,Anti-Harassment & Inclusion,Compliance,2025-09-03,2025-10-24,Completed,95.0,1.5,True,Cornerstone
ENR000447,EMP0065,C007,Azure Cloud Fundamentals,Technical,2025-06-16,2025-07-06,Completed,83.0,6.0,False,Cornerstone
ENR000448,EMP0065,C013,Financial Modelling,Finance,2025-07-28,2025-08-03,Completed,87.0,6.0,False,Cornerstone
ENR000449,EMP0065,C015,AI & Machine Learning Basics,Technical,2025-07-21,2025-09-02,Completed,92.0,5.0,False,Cornerstone
ENR000450,EMP0066,C001,Data Privacy & GDPR Fundamentals,Compliance,2026-05-28,2026-06-02,Completed,79.0,2.0,True,Cornerstone
ENR000451,EMP0066,C002,Workplace Safety & Health,Compliance,2026-04-09,2026-05-18,Completed,73.0,1.5,True,Cornerstone
ENR000452,EMP0066,C003,Code of Conduct & Ethics,Compliance,2025-10-24,2025-11-03,Completed,77.0,1.0,True,SAP SF Learning
ENR000453,EMP0066,C004,Cybersecurity Awareness,Compliance,2026-05-07,2026-06-23,Completed,99.0,2.0,True,Cornerstone
ENR000454,EMP0066,C005,Anti-Harassment & Inclusion,Compliance,2025-07-06,2025-08-13,Completed,60.0,1.5,True,Cornerstone
ENR000455,EMP0066,C010,Advanced Excel & Power BI,Technical,2026-03-07,2026-04-05,Completed,66.0,5.0,False,Cornerstone
ENR000456,EMP0067,C001,Data Privacy & GDPR Fundamentals,Compliance,2025-09-29,2025-10-02,Completed,65.0,2.0,True,SAP SF Learning
ENR000457,EMP0067,C002,Workplace Safety & Health,Compliance,2025-11-05,2025-12-14,Completed,79.0,1.5,True,SAP SF Learning
ENR000458,EMP0067,C003,Code of Conduct & Ethics,Compliance,2025-11-14,2026-01-08,Completed,87.0,1.0,True,Cornerstone
ENR000459,EMP0067,C004,Cybersecurity Awareness,Compliance,2026-05-22,2026-06-22,Completed,83.0,2.0,True,Cornerstone
ENR000460,EMP0067,C005,Anti-Harassment & Inclusion,Compliance,2026-02-26,2026-03-05,Completed,85.0,1.5,True,SAP SF Learning
ENR000461,EMP0067,C011,Communication Skills,Soft Skills,2026-05-03,,In Progress,,3.0,False,Cornerstone
ENR000462,EMP0067,C014,Agile & Scrum Practitioner,Technical,2026-04-12,,Not Started,,4.0,False,SAP SF Learning
ENR000463,EMP0069,C001,Data Privacy & GDPR Fundamentals,Compliance,2025-12-14,2025-12-24,Completed,89.0,2.0,True,Cornerstone
ENR000464,EMP0069,C002,Workplace Safety & Health,Compliance,2025-12-16,2026-01-26,Completed,68.0,1.5,True,Cornerstone
ENR000465,EMP0069,C003,Code of Conduct & Ethics,Compliance,2025-06-30,2025-08-01,Completed,61.0,1.0,True,Cornerstone
ENR000466,EMP0069,C004,Cybersecurity Awareness,Compliance,2026-02-28,2026-03-20,Completed,99.0,2.0,True,Cornerstone
ENR000467,EMP0069,C005,Anti-Harassment & Inclusion,Compliance,2026-02-21,2026-04-12,Completed,91.0,1.5,True,SAP SF Learning
ENR000468,EMP0069,C007,Azure Cloud Fundamentals,Technical,2025-10-20,,In Progress,,6.0,False,Cornerstone
ENR000469,EMP0069,C010,Advanced Excel & Power BI,Technical,2025-06-23,2025-07-29,Completed,79.0,5.0,False,Cornerstone
ENR000470,EMP0069,C011,Communication Skills,Soft Skills,2026-03-14,2026-05-02,Completed,67.0,3.0,False,SAP SF Learning
ENR000471,EMP0069,C013,Financial Modelling,Finance,2026-05-07,2026-05-11,Completed,85.0,6.0,False,SAP SF Learning
ENR000472,EMP0069,C015,AI & Machine Learning Basics,Technical,2025-09-27,2025-09-29,Completed,97.0,5.0,False,Cornerstone
ENR000473,EMP0070,C001,Data Privacy & GDPR Fundamentals,Compliance,2025-10-29,2025-12-16,Completed,97.0,2.0,True,Cornerstone
ENR000474,EMP0070,C002,Workplace Safety & Health,Compliance,2026-02-07,2026-02-14,Completed,87.0,1.5,True,SAP SF Learning
ENR000475,EMP0070,C004,Cybersecurity Awareness,Compliance,2025-07-01,2025-07-17,Completed,75.0,2.0,True,SAP SF Learning
ENR000476,EMP0070,C005,Anti-Harassment & Inclusion,Compliance,2026-05-29,2026-07-24,Completed,79.0,1.5,True,Cornerstone
ENR000477,EMP0070,C006,Python for Data Science,Technical,2025-10-14,2025-11-26,Completed,87.0,8.0,False,SAP SF Learning
ENR000478,EMP0070,C013,Financial Modelling,Finance,2026-02-03,2026-03-03,Completed,72.0,6.0,False,SAP SF Learning
ENR000479,EMP0071,C001,Data Privacy & GDPR Fundamentals,Compliance,2025-09-20,2025-10-27,Completed,85.0,2.0,True,Cornerstone
ENR000480,EMP0071,C002,Workplace Safety & Health,Compliance,2025-07-15,2025-08-22,Completed,66.0,1.5,True,SAP SF Learning
ENR000481,EMP0071,C003,Code of Conduct & Ethics,Compliance,2026-01-15,2026-02-15,Completed,87.0,1.0,True,Cornerstone
ENR000482,EMP0071,C004,Cybersecurity Awareness,Compliance,2025-07-09,2025-07-29,Completed,92.0,2.0,True,SAP SF Learning
ENR000483,EMP0071,C005,Anti-Harassment & Inclusion,Compliance,2026-01-05,2026-02-01,Completed,85.0,1.5,True,SAP SF Learning
ENR000484,EMP0071,C006,Python for Data Science,Technical,2026-04-01,2026-05-28,Completed,61.0,8.0,False,Cornerstone
ENR000485,EMP0071,C007,Azure Cloud Fundamentals,Technical,2026-04-25,,Not Started,,6.0,False,SAP SF Learning
ENR000486,EMP0071,C008,Leadership & Influence,Leadership,2026-02-03,,Not Started,,4.0,False,Cornerstone
ENR000487,EMP0071,C009,Project Management (PMP Prep),Professional,2025-08-05,2025-09-22,Completed,79.0,10.0,False,SAP SF Learning
ENR000488,EMP0071,C011,Communication Skills,Soft Skills,2026-05-04,2026-06-26,Completed,78.0,3.0,False,Cornerstone
ENR000489,EMP0071,C013,Financial Modelling,Finance,2025-08-23,2025-10-14,Completed,79.0,6.0,False,SAP SF Learning
ENR000490,EMP0072,C001,Data Privacy & GDPR Fundamentals,Compliance,2025-09-23,2025-10-10,Completed,77.0,2.0,True,Cornerstone
ENR000491,EMP0072,C002,Workplace Safety & Health,Compliance,2025-06-25,,Not Started,,1.5,True,Cornerstone
ENR000492,EMP0072,C003,Code of Conduct & Ethics,Compliance,2026-05-23,2026-07-01,Completed,79.0,1.0,True,Cornerstone
ENR000493,EMP0072,C004,Cybersecurity Awareness,Compliance,2025-11-14,,In Progress,,2.0,True,SAP SF Learning
ENR000494,EMP0072,C005,Anti-Harassment & Inclusion,Compliance,2026-03-17,2026-04-02,Completed,67.0,1.5,True,Cornerstone
ENR000495,EMP0072,C009,Project Management (PMP Prep),Professional,2026-04-18,2026-06-11,Completed,97.0,10.0,False,SAP SF Learning
ENR000496,EMP0072,C011,Communication Skills,Soft Skills,2025-07-20,2025-08-07,Completed,88.0,3.0,False,SAP SF Learning
ENR000497,EMP0072,C013,Financial Modelling,Finance,2025-07-23,2025-08-20,Completed,90.0,6.0,False,Cornerstone
ENR000498,EMP0072,C015,AI & Machine Learning Basics,Technical,2026-03-14,2026-04-03,Completed,61.0,5.0,False,Cornerstone
ENR000499,EMP0073,C001,Data Privacy & GDPR Fundamentals,Compliance,2026-02-21,2026-02-25,Completed,75.0,2.0,True,SAP SF Learning
ENR000500,EMP0073,C002,Workplace Safety & Health,Compliance,2025-10-07,2025-11-21,Completed,83.0,1.5,True,Cornerstone
ENR000501,EMP0073,C003,Code of Conduct & Ethics,Compliance,2025-09-09,,Not Started,,1.0,True,Cornerstone
ENR000502,EMP0073,C004,Cybersecurity Awareness,Compliance,2025-11-09,,Not Started,,2.0,True,SAP SF Learning
ENR000503,EMP0073,C005,Anti-Harassment & Inclusion,Compliance,2026-04-25,2026-05-15,Completed,73.0,1.5,True,Cornerstone
ENR000504,EMP0073,C006,Python for Data Science,Technical,2026-05-17,,Not Started,,8.0,False,Cornerstone
ENR000505,EMP0073,C007,Azure Cloud Fundamentals,Technical,2026-04-08,,Not Started,,6.0,False,SAP SF Learning
ENR000506,EMP0073,C008,Leadership & Influence,Leadership,2025-11-20,,In Progress,,4.0,False,Cornerstone
ENR000507,EMP0073,C009,Project Management (PMP Prep),Professional,2025-10-24,2025-12-10,Completed,95.0,10.0,False,SAP SF Learning
ENR000508,EMP0073,C010,Advanced Excel & Power BI,Technical,2025-06-29,,In Progress,,5.0,False,SAP SF Learning
ENR000509,EMP0073,C011,Communication Skills,Soft Skills,2025-11-12,2025-12-02,Completed,80.0,3.0,False,Cornerstone
ENR000510,EMP0073,C012,Sales Techniques & CRM,Sales,2026-03-13,,In Progress,,4.0,False,SAP SF Learning
ENR000511,EMP0073,C013,Financial Modelling,Finance,2025-12-12,,In Progress,,6.0,False,SAP SF Learning
ENR000512,EMP0073,C015,AI & Machine Learning Basics,Technical,2025-07-12,2025-07-24,Completed,85.0,5.0,False,SAP SF Learning
ENR000513,EMP0075,C001,Data Privacy & GDPR Fundamentals,Compliance,2026-05-18,2026-05-20,Completed,61.0,2.0,True,Cornerstone
ENR000514,EMP0075,C002,Workplace Safety & Health,Compliance,2025-12-06,2026-01-20,Completed,70.0,1.5,True,Cornerstone
ENR000515,EMP0075,C003,Code of Conduct & Ethics,Compliance,2025-11-23,2025-12-03,Completed,65.0,1.0,True,SAP SF Learning
ENR000516,EMP0075,C004,Cybersecurity Awareness,Compliance,2026-01-15,2026-03-02,Completed,93.0,2.0,True,SAP SF Learning
ENR000517,EMP0075,C005,Anti-Harassment & Inclusion,Compliance,2026-06-05,2026-07-19,Completed,91.0,1.5,True,Cornerstone
ENR000518,EMP0075,C006,Python for Data Science,Technical,2026-05-10,,Not Started,,8.0,False,SAP SF Learning
ENR000519,EMP0075,C007,Azure Cloud Fundamentals,Technical,2025-11-24,,In Progress,,6.0,False,SAP SF Learning
ENR000520,EMP0075,C008,Leadership & Influence,Leadership,2025-08-18,2025-08-28,Completed,61.0,4.0,False,SAP SF Learning
ENR000521,EMP0075,C009,Project Management (PMP Prep),Professional,2025-12-01,,Not Started,,10.0,False,SAP SF Learning
ENR000522,EMP0075,C012,Sales Techniques & CRM,Sales,2025-11-05,,Not Started,,4.0,False,Cornerstone
ENR000523,EMP0075,C013,Financial Modelling,Finance,2025-10-16,,Not Started,,6.0,False,SAP SF Learning
ENR000524,EMP0075,C015,AI & Machine Learning Basics,Technical,2026-03-27,,In Progress,,5.0,False,SAP SF Learning
ENR000525,EMP0077,C001,Data Privacy & GDPR Fundamentals,Compliance,2025-11-04,2025-11-30,Completed,83.0,2.0,True,Cornerstone
ENR000526,EMP0077,C003,Code of Conduct & Ethics,Compliance,2026-01-20,2026-01-31,Completed,92.0,1.0,True,SAP SF Learning
ENR000527,EMP0077,C004,Cybersecurity Awareness,Compliance,2026-05-16,2026-05-22,Completed,80.0,2.0,True,SAP SF Learning
ENR000528,EMP0077,C005,Anti-Harassment & Inclusion,Compliance,2025-07-24,2025-08-02,Completed,91.0,1.5,True,SAP SF Learning
ENR000529,EMP0077,C009,Project Management (PMP Prep),Professional,2026-05-22,2026-07-09,Completed,91.0,10.0,False,Cornerstone
ENR000530,EMP0077,C011,Communication Skills,Soft Skills,2025-08-21,2025-09-05,Completed,71.0,3.0,False,Cornerstone
ENR000531,EMP0077,C012,Sales Techniques & CRM,Sales,2025-12-07,2026-02-03,Completed,91.0,4.0,False,Cornerstone
ENR000532,EMP0077,C014,Agile & Scrum Practitioner,Technical,2025-07-23,,In Progress,,4.0,False,Cornerstone
ENR000533,EMP0077,C015,AI & Machine Learning Basics,Technical,2025-09-27,2025-10-08,Completed,92.0,5.0,False,SAP SF Learning
ENR000534,EMP0078,C001,Data Privacy & GDPR Fundamentals,Compliance,2026-02-22,2026-04-01,Completed,60.0,2.0,True,Cornerstone
ENR000535,EMP0078,C002,Workplace Safety & Health,Compliance,2025-07-09,2025-08-10,Completed,66.0,1.5,True,SAP SF Learning
ENR000536,EMP0078,C003,Code of Conduct & Ethics,Compliance,2026-03-01,,In Progress,,1.0,True,SAP SF Learning
ENR000537,EMP0078,C004,Cybersecurity Awareness,Compliance,2026-06-05,,Not Started,,2.0,True,Cornerstone
ENR000538,EMP0078,C005,Anti-Harassment & Inclusion,Compliance,2025-12-05,2026-01-17,Completed,90.0,1.5,True,SAP SF Learning
ENR000539,EMP0078,C006,Python for Data Science,Technical,2026-02-20,2026-02-23,Completed,99.0,8.0,False,SAP SF Learning
ENR000540,EMP0078,C009,Project Management (PMP Prep),Professional,2025-06-28,,Not Started,,10.0,False,SAP SF Learning
ENR000541,EMP0078,C014,Agile & Scrum Practitioner,Technical,2025-08-29,2025-10-18,Completed,85.0,4.0,False,SAP SF Learning
ENR000542,EMP0080,C001,Data Privacy & GDPR Fundamentals,Compliance,2025-10-03,2025-10-31,Completed,79.0,2.0,True,Cornerstone
ENR000543,EMP0080,C002,Workplace Safety & Health,Compliance,2025-07-16,2025-08-18,Completed,72.0,1.5,True,SAP SF Learning
ENR000544,EMP0080,C003,Code of Conduct & Ethics,Compliance,2025-11-07,2025-12-14,Completed,98.0,1.0,True,SAP SF Learning
ENR000545,EMP0080,C004,Cybersecurity Awareness,Compliance,2025-11-20,2025-12-30,Completed,71.0,2.0,True,SAP SF Learning
ENR000546,EMP0080,C005,Anti-Harassment & Inclusion,Compliance,2025-07-15,2025-08-06,Completed,89.0,1.5,True,Cornerstone
ENR000547,EMP0080,C007,Azure Cloud Fundamentals,Technical,2026-02-15,2026-03-06,Completed,89.0,6.0,False,SAP SF Learning
ENR000548,EMP0080,C010,Advanced Excel & Power BI,Technical,2025-09-14,2025-10-03,Completed,96.0,5.0,False,Cornerstone
ENR000549,EMP0081,C001,Data Privacy & GDPR Fundamentals,Compliance,2025-06-15,2025-07-28,Completed,89.0,2.0,True,Cornerstone
ENR000550,EMP0081,C002,Workplace Safety & Health,Compliance,2026-05-02,2026-05-08,Completed,86.0,1.5,True,SAP SF Learning
ENR000551,EMP0081,C003,Code of Conduct & Ethics,Compliance,2026-03-17,2026-04-29,Completed,88.0,1.0,True,SAP SF Learning
ENR000552,EMP0081,C004,Cybersecurity Awareness,Compliance,2026-06-01,,In Progress,,2.0,True,Cornerstone
ENR000553,EMP0081,C005,Anti-Harassment & Inclusion,Compliance,2026-03-26,,Not Started,,1.5,True,Cornerstone
ENR000554,EMP0081,C006,Python for Data Science,Technical,2025-11-09,2025-11-20,Completed,90.0,8.0,False,SAP SF Learning
ENR000555,EMP0081,C008,Leadership & Influence,Leadership,2025-12-15,2026-02-06,Completed,99.0,4.0,False,SAP SF Learning
ENR000556,EMP0081,C011,Communication Skills,Soft Skills,2025-08-22,2025-08-24,Completed,72.0,3.0,False,Cornerstone
ENR000557,EMP0081,C013,Financial Modelling,Finance,2026-02-07,,In Progress,,6.0,False,Cornerstone
ENR000558,EMP0081,C015,AI & Machine Learning Basics,Technical,2025-08-13,,Not Started,,5.0,False,SAP SF Learning
ENR000559,EMP0082,C001,Data Privacy & GDPR Fundamentals,Compliance,2026-05-09,2026-05-25,Completed,72.0,2.0,True,SAP SF Learning
ENR000560,EMP0082,C002,Workplace Safety & Health,Compliance,2026-04-29,2026-05-21,Completed,60.0,1.5,True,Cornerstone
ENR000561,EMP0082,C003,Code of Conduct & Ethics,Compliance,2026-03-13,2026-04-09,Completed,91.0,1.0,True,SAP SF Learning
ENR000562,EMP0082,C004,Cybersecurity Awareness,Compliance,2025-11-11,2025-12-19,Completed,99.0,2.0,True,SAP SF Learning
ENR000563,EMP0082,C005,Anti-Harassment & Inclusion,Compliance,2025-07-03,2025-07-31,Completed,96.0,1.5,True,SAP SF Learning
ENR000564,EMP0082,C006,Python for Data Science,Technical,2026-02-16,2026-03-19,Completed,67.0,8.0,False,SAP SF Learning
ENR000565,EMP0082,C015,AI & Machine Learning Basics,Technical,2025-11-18,,Not Started,,5.0,False,SAP SF Learning
ENR000566,EMP0083,C001,Data Privacy & GDPR Fundamentals,Compliance,2026-05-03,2026-05-17,Completed,78.0,2.0,True,Cornerstone
ENR000567,EMP0083,C002,Workplace Safety & Health,Compliance,2025-07-29,2025-08-09,Completed,98.0,1.5,True,SAP SF Learning
ENR000568,EMP0083,C003,Code of Conduct & Ethics,Compliance,2025-11-18,,Not Started,,1.0,True,SAP SF Learning
ENR000569,EMP0083,C004,Cybersecurity Awareness,Compliance,2026-01-11,2026-01-13,Completed,82.0,2.0,True,SAP SF Learning
ENR000570,EMP0083,C005,Anti-Harassment & Inclusion,Compliance,2025-08-10,2025-10-05,Completed,92.0,1.5,True,Cornerstone
ENR000571,EMP0083,C006,Python for Data Science,Technical,2025-07-23,,In Progress,,8.0,False,Cornerstone
ENR000572,EMP0083,C009,Project Management (PMP Prep),Professional,2026-05-23,2026-07-07,Completed,92.0,10.0,False,Cornerstone
ENR000573,EMP0083,C012,Sales Techniques & CRM,Sales,2025-07-20,,In Progress,,4.0,False,Cornerstone
ENR000574,EMP0083,C013,Financial Modelling,Finance,2025-07-25,,Not Started,,6.0,False,Cornerstone
ENR000575,EMP0083,C015,AI & Machine Learning Basics,Technical,2026-05-13,2026-06-24,Completed,83.0,5.0,False,SAP SF Learning
ENR000576,EMP0084,C001,Data Privacy & GDPR Fundamentals,Compliance,2025-07-27,2025-08-25,Completed,86.0,2.0,True,Cornerstone
ENR000577,EMP0084,C002,Workplace Safety & Health,Compliance,2026-04-19,2026-05-08,Completed,92.0,1.5,True,Cornerstone
ENR000578,EMP0084,C003,Code of Conduct & Ethics,Compliance,2025-11-01,2025-11-28,Completed,83.0,1.0,True,Cornerstone
ENR000579,EMP0084,C004,Cybersecurity Awareness,Compliance,2026-03-29,2026-05-19,Completed,74.0,2.0,True,Cornerstone
ENR000580,EMP0084,C005,Anti-Harassment & Inclusion,Compliance,2025-11-17,,Not Started,,1.5,True,SAP SF Learning
ENR000581,EMP0084,C006,Python for Data Science,Technical,2026-04-04,2026-05-26,Completed,93.0,8.0,False,Cornerstone
ENR000582,EMP0084,C008,Leadership & Influence,Leadership,2025-07-03,2025-07-06,Completed,69.0,4.0,False,Cornerstone
ENR000583,EMP0084,C011,Communication Skills,Soft Skills,2026-05-19,,Not Started,,3.0,False,SAP SF Learning
ENR000584,EMP0084,C012,Sales Techniques & CRM,Sales,2025-09-26,,In Progress,,4.0,False,SAP SF Learning
ENR000585,EMP0084,C013,Financial Modelling,Finance,2026-01-06,,Not Started,,6.0,False,SAP SF Learning
ENR000586,EMP0084,C015,AI & Machine Learning Basics,Technical,2025-10-04,2025-11-08,Completed,81.0,5.0,False,SAP SF Learning
ENR000587,EMP0085,C001,Data Privacy & GDPR Fundamentals,Compliance,2026-03-23,,Not Started,,2.0,True,Cornerstone
ENR000588,EMP0085,C002,Workplace Safety & Health,Compliance,2026-01-09,2026-01-31,Completed,100.0,1.5,True,Cornerstone
ENR000589,EMP0085,C003,Code of Conduct & Ethics,Compliance,2026-05-21,2026-06-28,Completed,76.0,1.0,True,Cornerstone
ENR000590,EMP0085,C004,Cybersecurity Awareness,Compliance,2025-10-05,2025-11-07,Completed,67.0,2.0,True,Cornerstone
ENR000591,EMP0085,C005,Anti-Harassment & Inclusion,Compliance,2025-09-18,2025-10-11,Completed,67.0,1.5,True,Cornerstone
ENR000592,EMP0085,C011,Communication Skills,Soft Skills,2026-05-03,2026-05-26,Completed,79.0,3.0,False,SAP SF Learning
ENR000593,EMP0085,C013,Financial Modelling,Finance,2025-11-03,2025-11-19,Completed,66.0,6.0,False,SAP SF Learning
ENR000594,EMP0085,C014,Agile & Scrum Practitioner,Technical,2026-04-07,2026-04-14,Completed,69.0,4.0,False,SAP SF Learning
ENR000595,EMP0085,C015,AI & Machine Learning Basics,Technical,2025-07-03,2025-07-12,Completed,90.0,5.0,False,Cornerstone
ENR000596,EMP0087,C001,Data Privacy & GDPR Fundamentals,Compliance,2025-10-30,2025-11-25,Completed,97.0,2.0,True,SAP SF Learning
ENR000597,EMP0087,C002,Workplace Safety & Health,Compliance,2026-01-22,2026-02-19,Completed,88.0,1.5,True,SAP SF Learning
ENR000598,EMP0087,C003,Code of Conduct & Ethics,Compliance,2025-11-18,2025-11-28,Completed,92.0,1.0,True,Cornerstone
ENR000599,EMP0087,C004,Cybersecurity Awareness,Compliance,2025-12-04,2026-01-19,Completed,92.0,2.0,True,Cornerstone
ENR000600,EMP0087,C005,Anti-Harassment & Inclusion,Compliance,2025-12-03,2026-01-20,Completed,70.0,1.5,True,SAP SF Learning
ENR000601,EMP0087,C006,Python for Data Science,Technical,2026-05-06,2026-05-14,Completed,83.0,8.0,False,SAP SF Learning
ENR000602,EMP0087,C007,Azure Cloud Fundamentals,Technical,2025-10-31,2025-11-24,Completed,79.0,6.0,False,SAP SF Learning
ENR000603,EMP0087,C011,Communication Skills,Soft Skills,2026-04-23,,In Progress,,3.0,False,Cornerstone
ENR000604,EMP0087,C012,Sales Techniques & CRM,Sales,2025-06-26,2025-08-02,Completed,79.0,4.0,False,SAP SF Learning
ENR000605,EMP0090,C001,Data Privacy & GDPR Fundamentals,Compliance,2025-12-05,2026-01-17,Completed,88.0,2.0,True,Cornerstone
ENR000606,EMP0090,C002,Workplace Safety & Health,Compliance,2025-10-13,2025-11-22,Completed,99.0,1.5,True,SAP SF Learning
ENR000607,EMP0090,C003,Code of Conduct & Ethics,Compliance,2026-05-25,2026-06-29,Completed,62.0,1.0,True,SAP SF Learning
ENR000608,EMP0090,C004,Cybersecurity Awareness,Compliance,2026-02-15,2026-02-26,Completed,61.0,2.0,True,SAP SF Learning
ENR000609,EMP0090,C005,Anti-Harassment & Inclusion,Compliance,2025-07-27,2025-08-02,Completed,72.0,1.5,True,Cornerstone
ENR000610,EMP0090,C006,Python for Data Science,Technical,2026-03-27,2026-05-24,Completed,61.0,8.0,False,Cornerstone
ENR000611,EMP0090,C008,Leadership & Influence,Leadership,2025-08-28,2025-10-13,Completed,97.0,4.0,False,SAP SF Learning
ENR000612,EMP0090,C012,Sales Techniques & CRM,Sales,2025-06-18,,Not Started,,4.0,False,SAP SF Learning
ENR000613,EMP0090,C013,Financial Modelling,Finance,2025-07-18,2025-08-06,Completed,69.0,6.0,False,Cornerstone
ENR000614,EMP0090,C014,Agile & Scrum Practitioner,Technical,2025-10-06,,In Progress,,4.0,False,Cornerstone
ENR000615,EMP0090,C015,AI & Machine Learning Basics,Technical,2025-06-20,,Not Started,,5.0,False,SAP SF Learning
ENR000616,EMP0091,C001,Data Privacy & GDPR Fundamentals,Compliance,2025-08-03,2025-08-24,Completed,76.0,2.0,True,SAP SF Learning
ENR000617,EMP0091,C002,Workplace Safety & Health,Compliance,2026-05-24,2026-06-06,Completed,75.0,1.5,True,Cornerstone
ENR000618,EMP0091,C003,Code of Conduct & Ethics,Compliance,2026-03-28,2026-04-05,Completed,77.0,1.0,True,Cornerstone
ENR000619,EMP0091,C004,Cybersecurity Awareness,Compliance,2026-01-10,2026-02-10,Completed,61.0,2.0,True,SAP SF Learning
ENR000620,EMP0091,C005,Anti-Harassment & Inclusion,Compliance,2026-05-30,,Not Started,,1.5,True,Cornerstone
ENR000621,EMP0091,C007,Azure Cloud Fundamentals,Technical,2025-11-14,2026-01-08,Completed,100.0,6.0,False,Cornerstone
ENR000622,EMP0091,C008,Leadership & Influence,Leadership,2026-01-05,,In Progress,,4.0,False,SAP SF Learning
ENR000623,EMP0091,C009,Project Management (PMP Prep),Professional,2025-06-25,2025-07-25,Completed,99.0,10.0,False,SAP SF Learning
ENR000624,EMP0091,C010,Advanced Excel & Power BI,Technical,2025-07-02,,Not Started,,5.0,False,SAP SF Learning
ENR000625,EMP0091,C012,Sales Techniques & CRM,Sales,2026-02-10,2026-04-05,Completed,92.0,4.0,False,SAP SF Learning
ENR000626,EMP0091,C014,Agile & Scrum Practitioner,Technical,2025-11-10,,In Progress,,4.0,False,SAP SF Learning
ENR000627,EMP0091,C015,AI & Machine Learning Basics,Technical,2025-12-22,,Not Started,,5.0,False,SAP SF Learning
ENR000628,EMP0092,C001,Data Privacy & GDPR Fundamentals,Compliance,2026-03-28,2026-04-15,Completed,75.0,2.0,True,SAP SF Learning
ENR000629,EMP0092,C002,Workplace Safety & Health,Compliance,2025-12-05,,Not Started,,1.5,True,Cornerstone
ENR000630,EMP0092,C003,Code of Conduct & Ethics,Compliance,2025-07-31,2025-08-01,Completed,98.0,1.0,True,SAP SF Learning
ENR000631,EMP0092,C004,Cybersecurity Awareness,Compliance,2025-06-13,2025-07-10,Completed,95.0,2.0,True,SAP SF Learning
ENR000632,EMP0092,C005,Anti-Harassment & Inclusion,Compliance,2026-01-04,2026-03-02,Completed,64.0,1.5,True,Cornerstone
ENR000633,EMP0092,C007,Azure Cloud Fundamentals,Technical,2026-04-21,2026-05-30,Completed,82.0,6.0,False,SAP SF Learning
ENR000634,EMP0092,C009,Project Management (PMP Prep),Professional,2025-12-06,2025-12-19,Completed,88.0,10.0,False,Cornerstone
ENR000635,EMP0092,C010,Advanced Excel & Power BI,Technical,2025-09-26,,Not Started,,5.0,False,Cornerstone
ENR000636,EMP0092,C014,Agile & Scrum Practitioner,Technical,2026-05-26,,In Progress,,4.0,False,Cornerstone
ENR000637,EMP0093,C001,Data Privacy & GDPR Fundamentals,Compliance,2026-05-13,2026-06-15,Completed,91.0,2.0,True,Cornerstone
ENR000638,EMP0093,C002,Workplace Safety & Health,Compliance,2026-02-20,2026-04-05,Completed,98.0,1.5,True,Cornerstone
ENR000639,EMP0093,C003,Code of Conduct & Ethics,Compliance,2025-07-29,2025-08-07,Completed,76.0,1.0,True,Cornerstone
ENR000640,EMP0093,C004,Cybersecurity Awareness,Compliance,2026-03-19,2026-04-01,Completed,61.0,2.0,True,SAP SF Learning
ENR000641,EMP0093,C005,Anti-Harassment & Inclusion,Compliance,2026-05-18,2026-06-15,Completed,63.0,1.5,True,SAP SF Learning
ENR000642,EMP0093,C008,Leadership & Influence,Leadership,2026-03-31,2026-05-17,Completed,74.0,4.0,False,Cornerstone
ENR000643,EMP0093,C010,Advanced Excel & Power BI,Technical,2025-08-24,2025-10-20,Completed,96.0,5.0,False,Cornerstone
ENR000644,EMP0093,C011,Communication Skills,Soft Skills,2026-03-04,2026-03-09,Completed,75.0,3.0,False,Cornerstone
ENR000645,EMP0093,C013,Financial Modelling,Finance,2025-12-12,2025-12-14,Completed,97.0,6.0,False,SAP SF Learning
ENR000646,EMP0093,C014,Agile & Scrum Practitioner,Technical,2025-12-10,2026-01-01,Completed,63.0,4.0,False,SAP SF Learning
ENR000647,EMP0093,C015,AI & Machine Learning Basics,Technical,2025-07-07,,Not Started,,5.0,False,Cornerstone
ENR000648,EMP0094,C001,Data Privacy & GDPR Fundamentals,Compliance,2026-01-20,2026-01-24,Completed,62.0,2.0,True,SAP SF Learning
ENR000649,EMP0094,C002,Workplace Safety & Health,Compliance,2026-05-04,2026-06-24,Completed,68.0,1.5,True,Cornerstone
ENR000650,EMP0094,C003,Code of Conduct & Ethics,Compliance,2025-11-28,2026-01-07,Completed,100.0,1.0,True,SAP SF Learning
ENR000651,EMP0094,C004,Cybersecurity Awareness,Compliance,2026-02-27,2026-03-03,Completed,78.0,2.0,True,SAP SF Learning
ENR000652,EMP0094,C005,Anti-Harassment & Inclusion,Compliance,2026-02-04,2026-02-19,Completed,98.0,1.5,True,Cornerstone
ENR000653,EMP0094,C009,Project Management (PMP Prep),Professional,2025-12-27,2026-01-09,Completed,66.0,10.0,False,Cornerstone
ENR000654,EMP0094,C012,Sales Techniques & CRM,Sales,2025-12-24,2026-01-20,Completed,90.0,4.0,False,SAP SF Learning
ENR000655,EMP0094,C013,Financial Modelling,Finance,2025-06-26,2025-07-16,Completed,97.0,6.0,False,SAP SF Learning
ENR000656,EMP0095,C001,Data Privacy & GDPR Fundamentals,Compliance,2025-08-05,2025-08-25,Completed,98.0,2.0,True,SAP SF Learning
ENR000657,EMP0095,C002,Workplace Safety & Health,Compliance,2025-06-12,2025-07-25,Completed,69.0,1.5,True,Cornerstone
ENR000658,EMP0095,C003,Code of Conduct & Ethics,Compliance,2026-04-23,2026-06-17,Completed,63.0,1.0,True,SAP SF Learning
ENR000659,EMP0095,C004,Cybersecurity Awareness,Compliance,2025-08-26,2025-09-08,Completed,64.0,2.0,True,SAP SF Learning
ENR000660,EMP0095,C005,Anti-Harassment & Inclusion,Compliance,2025-12-11,2026-01-10,Completed,98.0,1.5,True,SAP SF Learning
ENR000661,EMP0095,C006,Python for Data Science,Technical,2025-10-17,,Not Started,,8.0,False,SAP SF Learning
ENR000662,EMP0095,C008,Leadership & Influence,Leadership,2025-09-02,,In Progress,,4.0,False,Cornerstone
ENR000663,EMP0095,C009,Project Management (PMP Prep),Professional,2025-12-13,,Not Started,,10.0,False,SAP SF Learning
ENR000664,EMP0095,C010,Advanced Excel & Power BI,Technical,2025-06-12,2025-06-17,Completed,82.0,5.0,False,Cornerstone
ENR000665,EMP0095,C011,Communication Skills,Soft Skills,2025-11-27,2026-01-04,Completed,83.0,3.0,False,Cornerstone
ENR000666,EMP0095,C012,Sales Techniques & CRM,Sales,2025-09-27,2025-11-23,Completed,76.0,4.0,False,Cornerstone
ENR000667,EMP0095,C014,Agile & Scrum Practitioner,Technical,2026-05-02,2026-05-09,Completed,61.0,4.0,False,Cornerstone
ENR000668,EMP0096,C001,Data Privacy & GDPR Fundamentals,Compliance,2026-06-08,2026-07-08,Completed,75.0,2.0,True,SAP SF Learning
ENR000669,EMP0096,C002,Workplace Safety & Health,Compliance,2026-02-21,2026-03-27,Completed,99.0,1.5,True,SAP SF Learning
ENR000670,EMP0096,C003,Code of Conduct & Ethics,Compliance,2025-07-04,2025-08-30,Completed,68.0,1.0,True,Cornerstone
ENR000671,EMP0096,C004,Cybersecurity Awareness,Compliance,2025-11-03,2025-11-24,Completed,98.0,2.0,True,SAP SF Learning
ENR000672,EMP0096,C006,Python for Data Science,Technical,2026-02-03,2026-03-30,Completed,94.0,8.0,False,SAP SF Learning
ENR000673,EMP0096,C007,Azure Cloud Fundamentals,Technical,2025-06-30,,Not Started,,6.0,False,Cornerstone
ENR000674,EMP0096,C009,Project Management (PMP Prep),Professional,2025-07-11,,In Progress,,10.0,False,Cornerstone
ENR000675,EMP0096,C011,Communication Skills,Soft Skills,2025-12-20,2026-01-01,Completed,80.0,3.0,False,SAP SF Learning
ENR000676,EMP0096,C013,Financial Modelling,Finance,2026-01-21,2026-03-21,Completed,97.0,6.0,False,Cornerstone
ENR000677,EMP0096,C015,AI & Machine Learning Basics,Technical,2025-09-02,2025-10-29,Completed,84.0,5.0,False,Cornerstone
ENR000678,EMP0097,C001,Data Privacy & GDPR Fundamentals,Compliance,2025-11-01,2025-11-07,Completed,68.0,2.0,True,Cornerstone
ENR000679,EMP0097,C002,Workplace Safety & Health,Compliance,2025-12-27,2026-02-03,Completed,62.0,1.5,True,SAP SF Learning
ENR000680,EMP0097,C003,Code of Conduct & Ethics,Compliance,2025-10-18,2025-11-17,Completed,87.0,1.0,True,SAP SF Learning
ENR000681,EMP0097,C004,Cybersecurity Awareness,Compliance,2025-12-19,2026-01-13,Completed,61.0,2.0,True,Cornerstone
ENR000682,EMP0097,C005,Anti-Harassment & Inclusion,Compliance,2025-09-20,2025-10-13,Completed,65.0,1.5,True,SAP SF Learning
ENR000683,EMP0097,C006,Python for Data Science,Technical,2026-02-14,2026-03-04,Completed,74.0,8.0,False,Cornerstone
ENR000684,EMP0097,C008,Leadership & Influence,Leadership,2026-02-26,2026-03-18,Completed,77.0,4.0,False,Cornerstone
ENR000685,EMP0098,C001,Data Privacy & GDPR Fundamentals,Compliance,2025-12-25,,In Progress,,2.0,True,SAP SF Learning
ENR000686,EMP0098,C002,Workplace Safety & Health,Compliance,2026-03-17,2026-04-17,Completed,74.0,1.5,True,SAP SF Learning
ENR000687,EMP0098,C003,Code of Conduct & Ethics,Compliance,2025-12-05,2025-12-11,Completed,80.0,1.0,True,Cornerstone
ENR000688,EMP0098,C004,Cybersecurity Awareness,Compliance,2026-03-07,2026-04-05,Completed,88.0,2.0,True,Cornerstone
ENR000689,EMP0098,C005,Anti-Harassment & Inclusion,Compliance,2026-01-19,,Not Started,,1.5,True,Cornerstone
ENR000690,EMP0098,C007,Azure Cloud Fundamentals,Technical,2025-11-21,,Not Started,,6.0,False,SAP SF Learning
ENR000691,EMP0098,C008,Leadership & Influence,Leadership,2026-04-10,2026-04-19,Completed,69.0,4.0,False,SAP SF Learning
ENR000692,EMP0098,C010,Advanced Excel & Power BI,Technical,2025-11-08,,In Progress,,5.0,False,SAP SF Learning
ENR000693,EMP0098,C012,Sales Techniques & CRM,Sales,2025-12-01,,Not Started,,4.0,False,Cornerstone
ENR000694,EMP0098,C015,AI & Machine Learning Basics,Technical,2025-08-25,2025-09-19,Completed,78.0,5.0,False,Cornerstone
ENR000695,EMP0100,C001,Data Privacy & GDPR Fundamentals,Compliance,2026-02-20,2026-03-22,Completed,63.0,2.0,True,SAP SF Learning
ENR000696,EMP0100,C002,Workplace Safety & Health,Compliance,2025-08-15,2025-10-13,Completed,86.0,1.5,True,SAP SF Learning
ENR000697,EMP0100,C003,Code of Conduct & Ethics,Compliance,2025-07-22,2025-08-18,Completed,90.0,1.0,True,Cornerstone
ENR000698,EMP0100,C004,Cybersecurity Awareness,Compliance,2026-05-26,,In Progress,,2.0,True,Cornerstone
ENR000699,EMP0100,C005,Anti-Harassment & Inclusion,Compliance,2026-04-23,2026-05-24,Completed,70.0,1.5,True,SAP SF Learning
ENR000700,EMP0100,C007,Azure Cloud Fundamentals,Technical,2025-06-12,,Not Started,,6.0,False,Cornerstone
ENR000701,EMP0100,C008,Leadership & Influence,Leadership,2025-09-13,2025-11-11,Completed,96.0,4.0,False,SAP SF Learning
ENR000702,EMP0100,C010,Advanced Excel & Power BI,Technical,2026-05-17,,Not Started,,5.0,False,SAP SF Learning
ENR000703,EMP0100,C012,Sales Techniques & CRM,Sales,2025-08-18,,Not Started,,4.0,False,SAP SF Learning
ENR000704,EMP0100,C014,Agile & Scrum Practitioner,Technical,2026-03-07,,In Progress,,4.0,False,Cornerstone
ENR000705,EMP0101,C001,Data Privacy & GDPR Fundamentals,Compliance,2026-05-31,2026-07-17,Completed,73.0,2.0,True,SAP SF Learning
ENR000706,EMP0101,C002,Workplace Safety & Health,Compliance,2026-04-01,2026-04-25,Completed,64.0,1.5,True,Cornerstone
ENR000707,EMP0101,C003,Code of Conduct & Ethics,Compliance,2026-04-08,2026-05-07,Completed,70.0,1.0,True,SAP SF Learning
ENR000708,EMP0101,C004,Cybersecurity Awareness,Compliance,2025-06-26,2025-07-01,Completed,100.0,2.0,True,SAP SF Learning
ENR000709,EMP0101,C005,Anti-Harassment & Inclusion,Compliance,2026-03-26,2026-04-08,Completed,85.0,1.5,True,Cornerstone
ENR000710,EMP0101,C006,Python for Data Science,Technical,2026-05-31,2026-07-13,Completed,89.0,8.0,False,SAP SF Learning
ENR000711,EMP0101,C007,Azure Cloud Fundamentals,Technical,2026-02-19,2026-03-20,Completed,68.0,6.0,False,SAP SF Learning
ENR000712,EMP0101,C009,Project Management (PMP Prep),Professional,2025-07-18,2025-07-26,Completed,94.0,10.0,False,SAP SF Learning
ENR000713,EMP0101,C012,Sales Techniques & CRM,Sales,2026-03-13,2026-04-26,Completed,94.0,4.0,False,Cornerstone
ENR000714,EMP0101,C013,Financial Modelling,Finance,2026-02-11,,In Progress,,6.0,False,SAP SF Learning
ENR000715,EMP0101,C014,Agile & Scrum Practitioner,Technical,2026-01-27,2026-03-18,Completed,84.0,4.0,False,Cornerstone
ENR000716,EMP0101,C015,AI & Machine Learning Basics,Technical,2025-09-10,2025-09-12,Completed,86.0,5.0,False,Cornerstone
ENR000717,EMP0102,C002,Workplace Safety & Health,Compliance,2025-08-23,2025-08-28,Completed,74.0,1.5,True,Cornerstone
ENR000718,EMP0102,C003,Code of Conduct & Ethics,Compliance,2026-04-28,2026-06-14,Completed,70.0,1.0,True,Cornerstone
ENR000719,EMP0102,C004,Cybersecurity Awareness,Compliance,2025-07-21,2025-08-11,Completed,95.0,2.0,True,Cornerstone
ENR000720,EMP0102,C005,Anti-Harassment & Inclusion,Compliance,2026-06-07,2026-07-05,Completed,67.0,1.5,True,Cornerstone
ENR000721,EMP0102,C009,Project Management (PMP Prep),Professional,2026-04-22,2026-06-01,Completed,83.0,10.0,False,Cornerstone
ENR000722,EMP0102,C010,Advanced Excel & Power BI,Technical,2025-10-04,,Not Started,,5.0,False,Cornerstone
ENR000723,EMP0102,C012,Sales Techniques & CRM,Sales,2025-09-15,,Not Started,,4.0,False,SAP SF Learning
ENR000724,EMP0102,C014,Agile & Scrum Practitioner,Technical,2026-02-11,,Not Started,,4.0,False,SAP SF Learning
ENR000725,EMP0102,C015,AI & Machine Learning Basics,Technical,2026-05-29,2026-06-23,Completed,92.0,5.0,False,Cornerstone
ENR000726,EMP0103,C001,Data Privacy & GDPR Fundamentals,Compliance,2026-03-10,,In Progress,,2.0,True,Cornerstone
ENR000727,EMP0103,C002,Workplace Safety & Health,Compliance,2026-05-23,2026-06-08,Completed,87.0,1.5,True,Cornerstone
ENR000728,EMP0103,C003,Code of Conduct & Ethics,Compliance,2025-07-02,2025-08-03,Completed,78.0,1.0,True,Cornerstone
ENR000729,EMP0103,C004,Cybersecurity Awareness,Compliance,2025-08-27,2025-09-12,Completed,98.0,2.0,True,SAP SF Learning
ENR000730,EMP0103,C005,Anti-Harassment & Inclusion,Compliance,2025-10-15,2025-11-05,Completed,62.0,1.5,True,SAP SF Learning
ENR000731,EMP0103,C006,Python for Data Science,Technical,2025-06-18,2025-08-04,Completed,81.0,8.0,False,SAP SF Learning
ENR000732,EMP0103,C011,Communication Skills,Soft Skills,2025-11-28,,In Progress,,3.0,False,SAP SF Learning
ENR000733,EMP0103,C012,Sales Techniques & CRM,Sales,2026-02-10,,In Progress,,4.0,False,Cornerstone
ENR000734,EMP0103,C015,AI & Machine Learning Basics,Technical,2026-03-18,2026-03-29,Completed,72.0,5.0,False,Cornerstone
ENR000735,EMP0104,C001,Data Privacy & GDPR Fundamentals,Compliance,2026-01-30,2026-02-18,Completed,96.0,2.0,True,SAP SF Learning
ENR000736,EMP0104,C003,Code of Conduct & Ethics,Compliance,2026-05-10,2026-05-16,Completed,83.0,1.0,True,SAP SF Learning
ENR000737,EMP0104,C004,Cybersecurity Awareness,Compliance,2025-12-09,2026-01-11,Completed,99.0,2.0,True,SAP SF Learning
ENR000738,EMP0104,C005,Anti-Harassment & Inclusion,Compliance,2026-04-23,,Not Started,,1.5,True,Cornerstone
ENR000739,EMP0104,C006,Python for Data Science,Technical,2025-07-11,,Not Started,,8.0,False,Cornerstone
ENR000740,EMP0104,C007,Azure Cloud Fundamentals,Technical,2025-11-04,2025-12-04,Completed,78.0,6.0,False,SAP SF Learning
ENR000741,EMP0104,C008,Leadership & Influence,Leadership,2025-10-16,2025-11-16,Completed,72.0,4.0,False,Cornerstone
ENR000742,EMP0104,C009,Project Management (PMP Prep),Professional,2026-05-10,2026-06-26,Completed,83.0,10.0,False,SAP SF Learning
ENR000743,EMP0104,C012,Sales Techniques & CRM,Sales,2026-01-23,2026-03-21,Completed,62.0,4.0,False,Cornerstone
ENR000744,EMP0105,C001,Data Privacy & GDPR Fundamentals,Compliance,2025-12-24,2026-02-03,Completed,83.0,2.0,True,Cornerstone
ENR000745,EMP0105,C002,Workplace Safety & Health,Compliance,2026-06-04,2026-06-20,Completed,75.0,1.5,True,SAP SF Learning
ENR000746,EMP0105,C003,Code of Conduct & Ethics,Compliance,2026-04-21,2026-06-06,Completed,61.0,1.0,True,Cornerstone
ENR000747,EMP0105,C004,Cybersecurity Awareness,Compliance,2025-12-03,,In Progress,,2.0,True,SAP SF Learning
ENR000748,EMP0105,C005,Anti-Harassment & Inclusion,Compliance,2026-01-20,,In Progress,,1.5,True,Cornerstone
ENR000749,EMP0105,C006,Python for Data Science,Technical,2026-03-12,,Not Started,,8.0,False,Cornerstone
ENR000750,EMP0105,C007,Azure Cloud Fundamentals,Technical,2025-11-20,2025-12-18,Completed,76.0,6.0,False,SAP SF Learning
ENR000751,EMP0105,C009,Project Management (PMP Prep),Professional,2026-03-21,2026-05-17,Completed,65.0,10.0,False,Cornerstone
ENR000752,EMP0105,C011,Communication Skills,Soft Skills,2026-03-27,2026-05-14,Completed,85.0,3.0,False,SAP SF Learning
ENR000753,EMP0105,C012,Sales Techniques & CRM,Sales,2025-12-17,2025-12-22,Completed,86.0,4.0,False,SAP SF Learning
ENR000754,EMP0105,C015,AI & Machine Learning Basics,Technical,2025-08-19,2025-08-27,Completed,88.0,5.0,False,Cornerstone
ENR000755,EMP0106,C001,Data Privacy & GDPR Fundamentals,Compliance,2025-07-02,2025-08-23,Completed,72.0,2.0,True,SAP SF Learning
ENR000756,EMP0106,C003,Code of Conduct & Ethics,Compliance,2025-11-27,2026-01-06,Completed,66.0,1.0,True,Cornerstone
ENR000757,EMP0106,C004,Cybersecurity Awareness,Compliance,2025-07-12,2025-07-30,Completed,64.0,2.0,True,SAP SF Learning
ENR000758,EMP0106,C005,Anti-Harassment & Inclusion,Compliance,2025-09-08,2025-10-22,Completed,66.0,1.5,True,Cornerstone
ENR000759,EMP0106,C008,Leadership & Influence,Leadership,2025-12-29,,Not Started,,4.0,False,SAP SF Learning
ENR000760,EMP0106,C009,Project Management (PMP Prep),Professional,2025-10-18,,Not Started,,10.0,False,SAP SF Learning
ENR000761,EMP0106,C010,Advanced Excel & Power BI,Technical,2025-10-09,,Not Started,,5.0,False,SAP SF Learning
ENR000762,EMP0106,C011,Communication Skills,Soft Skills,2025-10-25,,In Progress,,3.0,False,Cornerstone
ENR000763,EMP0106,C015,AI & Machine Learning Basics,Technical,2026-03-08,,In Progress,,5.0,False,SAP SF Learning
ENR000764,EMP0107,C001,Data Privacy & GDPR Fundamentals,Compliance,2026-03-02,2026-04-02,Completed,92.0,2.0,True,SAP SF Learning
ENR000765,EMP0107,C002,Workplace Safety & Health,Compliance,2025-06-10,,Not Started,,1.5,True,Cornerstone
ENR000766,EMP0107,C003,Code of Conduct & Ethics,Compliance,2026-05-14,2026-07-05,Completed,80.0,1.0,True,SAP SF Learning
ENR000767,EMP0107,C004,Cybersecurity Awareness,Compliance,2025-12-14,2026-01-23,Completed,65.0,2.0,True,SAP SF Learning
ENR000768,EMP0107,C005,Anti-Harassment & Inclusion,Compliance,2026-06-06,,Not Started,,1.5,True,Cornerstone
ENR000769,EMP0107,C006,Python for Data Science,Technical,2025-08-24,,In Progress,,8.0,False,Cornerstone
ENR000770,EMP0107,C007,Azure Cloud Fundamentals,Technical,2026-04-28,,Not Started,,6.0,False,Cornerstone
ENR000771,EMP0107,C010,Advanced Excel & Power BI,Technical,2026-02-20,,In Progress,,5.0,False,SAP SF Learning
ENR000772,EMP0107,C011,Communication Skills,Soft Skills,2026-06-05,,Not Started,,3.0,False,SAP SF Learning
ENR000773,EMP0107,C012,Sales Techniques & CRM,Sales,2025-12-11,,In Progress,,4.0,False,Cornerstone
ENR000774,EMP0107,C013,Financial Modelling,Finance,2025-12-17,2026-01-31,Completed,81.0,6.0,False,Cornerstone
ENR000775,EMP0108,C001,Data Privacy & GDPR Fundamentals,Compliance,2026-03-15,2026-05-01,Completed,84.0,2.0,True,SAP SF Learning
ENR000776,EMP0108,C002,Workplace Safety & Health,Compliance,2025-09-04,2025-09-23,Completed,65.0,1.5,True,Cornerstone
ENR000777,EMP0108,C003,Code of Conduct & Ethics,Compliance,2026-03-24,2026-04-06,Completed,67.0,1.0,True,SAP SF Learning
ENR000778,EMP0108,C004,Cybersecurity Awareness,Compliance,2025-10-09,,In Progress,,2.0,True,SAP SF Learning
ENR000779,EMP0108,C005,Anti-Harassment & Inclusion,Compliance,2026-01-03,2026-01-28,Completed,87.0,1.5,True,SAP SF Learning
ENR000780,EMP0108,C007,Azure Cloud Fundamentals,Technical,2026-02-22,,In Progress,,6.0,False,Cornerstone
ENR000781,EMP0108,C009,Project Management (PMP Prep),Professional,2025-10-02,,Not Started,,10.0,False,SAP SF Learning
ENR000782,EMP0108,C012,Sales Techniques & CRM,Sales,2025-10-11,2025-11-25,Completed,67.0,4.0,False,SAP SF Learning
ENR000783,EMP0109,C001,Data Privacy & GDPR Fundamentals,Compliance,2026-04-20,2026-06-12,Completed,73.0,2.0,True,Cornerstone
ENR000784,EMP0109,C002,Workplace Safety & Health,Compliance,2025-06-29,,In Progress,,1.5,True,SAP SF Learning
ENR000785,EMP0109,C003,Code of Conduct & Ethics,Compliance,2025-10-03,,In Progress,,1.0,True,Cornerstone
ENR000786,EMP0109,C004,Cybersecurity Awareness,Compliance,2025-10-18,2025-11-18,Completed,82.0,2.0,True,SAP SF Learning
ENR000787,EMP0109,C005,Anti-Harassment & Inclusion,Compliance,2025-12-31,2026-01-19,Completed,72.0,1.5,True,SAP SF Learning
ENR000788,EMP0109,C010,Advanced Excel & Power BI,Technical,2025-12-13,2025-12-23,Completed,73.0,5.0,False,Cornerstone
ENR000789,EMP0109,C011,Communication Skills,Soft Skills,2026-02-17,2026-04-05,Completed,96.0,3.0,False,Cornerstone
ENR000790,EMP0109,C015,AI & Machine Learning Basics,Technical,2025-12-10,2025-12-14,Completed,67.0,5.0,False,SAP SF Learning
ENR000791,EMP0110,C001,Data Privacy & GDPR Fundamentals,Compliance,2025-08-06,2025-09-01,Completed,75.0,2.0,True,Cornerstone
ENR000792,EMP0110,C002,Workplace Safety & Health,Compliance,2025-11-10,2025-12-25,Completed,98.0,1.5,True,Cornerstone
ENR000793,EMP0110,C003,Code of Conduct & Ethics,Compliance,2025-11-02,2025-12-23,Completed,65.0,1.0,True,SAP SF Learning
ENR000794,EMP0110,C004,Cybersecurity Awareness,Compliance,2026-02-17,2026-03-30,Completed,88.0,2.0,True,SAP SF Learning
ENR000795,EMP0110,C005,Anti-Harassment & Inclusion,Compliance,2025-07-24,2025-08-25,Completed,92.0,1.5,True,Cornerstone
ENR000796,EMP0110,C007,Azure Cloud Fundamentals,Technical,2026-03-25,2026-05-02,Completed,71.0,6.0,False,SAP SF Learning
ENR000797,EMP0110,C010,Advanced Excel & Power BI,Technical,2026-05-28,,In Progress,,5.0,False,SAP SF Learning
ENR000798,EMP0110,C011,Communication Skills,Soft Skills,2026-01-11,,Not Started,,3.0,False,Cornerstone
ENR000799,EMP0111,C001,Data Privacy & GDPR Fundamentals,Compliance,2026-01-28,2026-01-29,Completed,95.0,2.0,True,SAP SF Learning
ENR000800,EMP0111,C002,Workplace Safety & Health,Compliance,2025-07-27,2025-09-02,Completed,73.0,1.5,True,Cornerstone
ENR000801,EMP0111,C003,Code of Conduct & Ethics,Compliance,2025-09-17,,In Progress,,1.0,True,Cornerstone
ENR000802,EMP0111,C005,Anti-Harassment & Inclusion,Compliance,2025-10-28,,In Progress,,1.5,True,SAP SF Learning
ENR000803,EMP0111,C006,Python for Data Science,Technical,2025-09-13,2025-10-17,Completed,78.0,8.0,False,SAP SF Learning
ENR000804,EMP0111,C009,Project Management (PMP Prep),Professional,2025-12-24,2025-12-31,Completed,62.0,10.0,False,Cornerstone
ENR000805,EMP0111,C010,Advanced Excel & Power BI,Technical,2026-05-07,,In Progress,,5.0,False,Cornerstone
ENR000806,EMP0111,C011,Communication Skills,Soft Skills,2026-03-19,,In Progress,,3.0,False,SAP SF Learning
ENR000807,EMP0111,C015,AI & Machine Learning Basics,Technical,2025-08-27,2025-10-13,Completed,77.0,5.0,False,Cornerstone
ENR000808,EMP0112,C001,Data Privacy & GDPR Fundamentals,Compliance,2026-01-14,2026-03-08,Completed,92.0,2.0,True,Cornerstone
ENR000809,EMP0112,C002,Workplace Safety & Health,Compliance,2025-08-08,2025-09-28,Completed,87.0,1.5,True,SAP SF Learning
ENR000810,EMP0112,C003,Code of Conduct & Ethics,Compliance,2026-01-29,2026-02-16,Completed,67.0,1.0,True,Cornerstone
ENR000811,EMP0112,C004,Cybersecurity Awareness,Compliance,2025-11-14,2025-12-25,Completed,65.0,2.0,True,SAP SF Learning
ENR000812,EMP0112,C005,Anti-Harassment & Inclusion,Compliance,2026-04-07,2026-06-02,Completed,74.0,1.5,True,SAP SF Learning
ENR000813,EMP0112,C007,Azure Cloud Fundamentals,Technical,2025-07-20,,In Progress,,6.0,False,Cornerstone
ENR000814,EMP0112,C011,Communication Skills,Soft Skills,2025-09-22,,In Progress,,3.0,False,Cornerstone
ENR000815,EMP0113,C001,Data Privacy & GDPR Fundamentals,Compliance,2026-01-25,2026-01-26,Completed,92.0,2.0,True,Cornerstone
ENR000816,EMP0113,C002,Workplace Safety & Health,Compliance,2025-08-03,2025-09-20,Completed,77.0,1.5,True,Cornerstone
ENR000817,EMP0113,C003,Code of Conduct & Ethics,Compliance,2026-02-12,,In Progress,,1.0,True,SAP SF Learning
ENR000818,EMP0113,C004,Cybersecurity Awareness,Compliance,2025-08-19,2025-09-11,Completed,89.0,2.0,True,SAP SF Learning
ENR000819,EMP0113,C005,Anti-Harassment & Inclusion,Compliance,2025-11-22,2026-01-07,Completed,74.0,1.5,True,SAP SF Learning
ENR000820,EMP0113,C006,Python for Data Science,Technical,2025-10-06,2025-10-27,Completed,65.0,8.0,False,Cornerstone
ENR000821,EMP0113,C015,AI & Machine Learning Basics,Technical,2025-06-14,,In Progress,,5.0,False,SAP SF Learning
ENR000822,EMP0114,C001,Data Privacy & GDPR Fundamentals,Compliance,2026-03-27,2026-05-14,Completed,93.0,2.0,True,Cornerstone
ENR000823,EMP0114,C002,Workplace Safety & Health,Compliance,2025-08-13,2025-10-09,Completed,93.0,1.5,True,Cornerstone
ENR000824,EMP0114,C003,Code of Conduct & Ethics,Compliance,2025-10-30,2025-12-02,Completed,82.0,1.0,True,Cornerstone
ENR000825,EMP0114,C004,Cybersecurity Awareness,Compliance,2025-11-03,2025-11-11,Completed,81.0,2.0,True,Cornerstone
ENR000826,EMP0114,C005,Anti-Harassment & Inclusion,Compliance,2026-05-05,2026-05-13,Completed,78.0,1.5,True,SAP SF Learning
ENR000827,EMP0114,C006,Python for Data Science,Technical,2025-06-10,,Not Started,,8.0,False,Cornerstone
ENR000828,EMP0114,C008,Leadership & Influence,Leadership,2026-05-22,2026-06-21,Completed,99.0,4.0,False,SAP SF Learning
ENR000829,EMP0114,C009,Project Management (PMP Prep),Professional,2025-12-05,2025-12-28,Completed,66.0,10.0,False,Cornerstone
ENR000830,EMP0114,C011,Communication Skills,Soft Skills,2025-11-23,2025-11-29,Completed,93.0,3.0,False,Cornerstone
ENR000831,EMP0114,C015,AI & Machine Learning Basics,Technical,2026-05-21,2026-07-12,Completed,77.0,5.0,False,Cornerstone
ENR000832,EMP0115,C002,Workplace Safety & Health,Compliance,2025-11-27,2025-12-20,Completed,87.0,1.5,True,Cornerstone
ENR000833,EMP0115,C003,Code of Conduct & Ethics,Compliance,2026-05-13,2026-05-21,Completed,72.0,1.0,True,SAP SF Learning
ENR000834,EMP0115,C004,Cybersecurity Awareness,Compliance,2025-11-09,2025-12-01,Completed,62.0,2.0,True,Cornerstone
ENR000835,EMP0115,C005,Anti-Harassment & Inclusion,Compliance,2025-12-12,,Not Started,,1.5,True,Cornerstone
ENR000836,EMP0115,C009,Project Management (PMP Prep),Professional,2026-06-03,,Not Started,,10.0,False,Cornerstone
ENR000837,EMP0115,C010,Advanced Excel & Power BI,Technical,2025-06-17,2025-07-10,Completed,92.0,5.0,False,Cornerstone
ENR000838,EMP0115,C011,Communication Skills,Soft Skills,2026-02-27,,Not Started,,3.0,False,Cornerstone
ENR000839,EMP0115,C012,Sales Techniques & CRM,Sales,2025-12-15,2026-01-12,Completed,75.0,4.0,False,Cornerstone
ENR000840,EMP0115,C013,Financial Modelling,Finance,2025-09-26,,Not Started,,6.0,False,Cornerstone
ENR000841,EMP0115,C014,Agile & Scrum Practitioner,Technical,2025-12-10,,In Progress,,4.0,False,Cornerstone
ENR000842,EMP0116,C001,Data Privacy & GDPR Fundamentals,Compliance,2025-08-06,2025-08-15,Completed,85.0,2.0,True,Cornerstone
ENR000843,EMP0116,C002,Workplace Safety & Health,Compliance,2025-08-23,,Not Started,,1.5,True,Cornerstone
ENR000844,EMP0116,C003,Code of Conduct & Ethics,Compliance,2025-07-14,,Not Started,,1.0,True,SAP SF Learning
ENR000845,EMP0116,C004,Cybersecurity Awareness,Compliance,2026-03-08,2026-03-23,Completed,74.0,2.0,True,SAP SF Learning
ENR000846,EMP0116,C005,Anti-Harassment & Inclusion,Compliance,2025-07-03,2025-08-14,Completed,63.0,1.5,True,SAP SF Learning
ENR000847,EMP0116,C009,Project Management (PMP Prep),Professional,2026-02-20,,In Progress,,10.0,False,SAP SF Learning
ENR000848,EMP0116,C011,Communication Skills,Soft Skills,2025-12-17,2026-01-06,Completed,67.0,3.0,False,Cornerstone
ENR000849,EMP0116,C013,Financial Modelling,Finance,2025-10-27,,Not Started,,6.0,False,SAP SF Learning
ENR000850,EMP0116,C014,Agile & Scrum Practitioner,Technical,2026-01-22,2026-03-20,Completed,66.0,4.0,False,Cornerstone
ENR000851,EMP0117,C001,Data Privacy & GDPR Fundamentals,Compliance,2026-05-29,,In Progress,,2.0,True,Cornerstone
ENR000852,EMP0117,C002,Workplace Safety & Health,Compliance,2026-06-03,2026-07-08,Completed,99.0,1.5,True,SAP SF Learning
ENR000853,EMP0117,C003,Code of Conduct & Ethics,Compliance,2025-12-10,,In Progress,,1.0,True,Cornerstone
ENR000854,EMP0117,C004,Cybersecurity Awareness,Compliance,2025-08-22,2025-10-07,Completed,76.0,2.0,True,SAP SF Learning
ENR000855,EMP0117,C005,Anti-Harassment & Inclusion,Compliance,2025-11-30,2025-12-08,Completed,87.0,1.5,True,Cornerstone
ENR000856,EMP0117,C008,Leadership & Influence,Leadership,2025-07-29,2025-09-04,Completed,63.0,4.0,False,Cornerstone
ENR000857,EMP0117,C009,Project Management (PMP Prep),Professional,2026-03-02,2026-04-04,Completed,64.0,10.0,False,Cornerstone
ENR000858,EMP0117,C011,Communication Skills,Soft Skills,2026-01-31,2026-02-12,Completed,60.0,3.0,False,Cornerstone
ENR000859,EMP0117,C015,AI & Machine Learning Basics,Technical,2026-05-06,2026-06-21,Completed,77.0,5.0,False,Cornerstone
ENR000860,EMP0118,C001,Data Privacy & GDPR Fundamentals,Compliance,2025-06-27,2025-07-16,Completed,62.0,2.0,True,Cornerstone
ENR000861,EMP0118,C002,Workplace Safety & Health,Compliance,2025-09-25,,Not Started,,1.5,True,Cornerstone
ENR000862,EMP0118,C003,Code of Conduct & Ethics,Compliance,2025-09-14,,In Progress,,1.0,True,Cornerstone
ENR000863,EMP0118,C004,Cybersecurity Awareness,Compliance,2025-10-22,2025-11-15,Completed,80.0,2.0,True,Cornerstone
ENR000864,EMP0118,C005,Anti-Harassment & Inclusion,Compliance,2026-05-18,2026-07-04,Completed,68.0,1.5,True,SAP SF Learning
ENR000865,EMP0118,C006,Python for Data Science,Technical,2025-07-01,,In Progress,,8.0,False,SAP SF Learning
ENR000866,EMP0118,C013,Financial Modelling,Finance,2026-01-09,2026-02-07,Completed,74.0,6.0,False,SAP SF Learning
ENR000867,EMP0119,C001,Data Privacy & GDPR Fundamentals,Compliance,2025-09-07,2025-10-05,Completed,83.0,2.0,True,Cornerstone
ENR000868,EMP0119,C002,Workplace Safety & Health,Compliance,2025-07-15,2025-08-14,Completed,71.0,1.5,True,Cornerstone
ENR000869,EMP0119,C003,Code of Conduct & Ethics,Compliance,2025-12-16,,In Progress,,1.0,True,SAP SF Learning
ENR000870,EMP0119,C004,Cybersecurity Awareness,Compliance,2025-08-11,,Not Started,,2.0,True,Cornerstone
ENR000871,EMP0119,C005,Anti-Harassment & Inclusion,Compliance,2025-07-07,2025-08-06,Completed,85.0,1.5,True,Cornerstone
ENR000872,EMP0119,C006,Python for Data Science,Technical,2026-03-27,,In Progress,,8.0,False,SAP SF Learning
ENR000873,EMP0119,C007,Azure Cloud Fundamentals,Technical,2025-06-14,,In Progress,,6.0,False,Cornerstone
ENR000874,EMP0119,C008,Leadership & Influence,Leadership,2025-08-03,,In Progress,,4.0,False,Cornerstone
ENR000875,EMP0119,C009,Project Management (PMP Prep),Professional,2026-03-22,,In Progress,,10.0,False,Cornerstone
ENR000876,EMP0119,C015,AI & Machine Learning Basics,Technical,2026-01-07,2026-02-09,Completed,86.0,5.0,False,Cornerstone
ENR000877,EMP0120,C001,Data Privacy & GDPR Fundamentals,Compliance,2025-09-04,2025-10-02,Completed,84.0,2.0,True,Cornerstone
ENR000878,EMP0120,C002,Workplace Safety & Health,Compliance,2025-09-28,2025-11-24,Completed,84.0,1.5,True,Cornerstone
ENR000879,EMP0120,C003,Code of Conduct & Ethics,Compliance,2025-07-22,2025-08-10,Completed,82.0,1.0,True,Cornerstone
ENR000880,EMP0120,C004,Cybersecurity Awareness,Compliance,2025-07-25,2025-09-23,Completed,65.0,2.0,True,Cornerstone
ENR000881,EMP0120,C005,Anti-Harassment & Inclusion,Compliance,2025-08-17,2025-09-08,Completed,98.0,1.5,True,Cornerstone
ENR000882,EMP0120,C006,Python for Data Science,Technical,2026-02-23,,Not Started,,8.0,False,SAP SF Learning
ENR000883,EMP0120,C007,Azure Cloud Fundamentals,Technical,2025-12-20,,Not Started,,6.0,False,Cornerstone
ENR000884,EMP0120,C010,Advanced Excel & Power BI,Technical,2025-11-29,,Not Started,,5.0,False,Cornerstone
ENR000885,EMP0120,C012,Sales Techniques & CRM,Sales,2025-10-12,,In Progress,,4.0,False,SAP SF Learning
ENR000886,EMP0121,C001,Data Privacy & GDPR Fundamentals,Compliance,2026-02-18,,Not Started,,2.0,True,SAP SF Learning
ENR000887,EMP0121,C002,Workplace Safety & Health,Compliance,2026-01-04,2026-02-08,Completed,94.0,1.5,True,Cornerstone
ENR000888,EMP0121,C003,Code of Conduct & Ethics,Compliance,2026-01-21,2026-02-24,Completed,96.0,1.0,True,Cornerstone
ENR000889,EMP0121,C004,Cybersecurity Awareness,Compliance,2025-09-08,2025-09-22,Completed,61.0,2.0,True,SAP SF Learning
ENR000890,EMP0121,C005,Anti-Harassment & Inclusion,Compliance,2025-07-31,,In Progress,,1.5,True,SAP SF Learning
ENR000891,EMP0121,C007,Azure Cloud Fundamentals,Technical,2025-12-05,2026-01-29,Completed,95.0,6.0,False,SAP SF Learning
ENR000892,EMP0121,C009,Project Management (PMP Prep),Professional,2026-03-06,,Not Started,,10.0,False,Cornerstone
ENR000893,EMP0121,C010,Advanced Excel & Power BI,Technical,2025-06-30,,In Progress,,5.0,False,SAP SF Learning
ENR000894,EMP0121,C013,Financial Modelling,Finance,2026-01-16,,Not Started,,6.0,False,Cornerstone
ENR000895,EMP0121,C014,Agile & Scrum Practitioner,Technical,2025-08-02,,Not Started,,4.0,False,SAP SF Learning
ENR000896,EMP0121,C015,AI & Machine Learning Basics,Technical,2026-04-08,,In Progress,,5.0,False,SAP SF Learning
ENR000897,EMP0123,C001,Data Privacy & GDPR Fundamentals,Compliance,2025-07-02,,In Progress,,2.0,True,Cornerstone
ENR000898,EMP0123,C002,Workplace Safety & Health,Compliance,2025-06-13,2025-07-11,Completed,89.0,1.5,True,SAP SF Learning
ENR000899,EMP0123,C003,Code of Conduct & Ethics,Compliance,2025-12-21,2026-01-05,Completed,87.0,1.0,True,Cornerstone
ENR000900,EMP0123,C004,Cybersecurity Awareness,Compliance,2025-07-15,2025-07-24,Completed,73.0,2.0,True,SAP SF Learning
ENR000901,EMP0123,C005,Anti-Harassment & Inclusion,Compliance,2025-09-02,2025-10-25,Completed,95.0,1.5,True,Cornerstone
ENR000902,EMP0123,C006,Python for Data Science,Technical,2025-10-09,,Not Started,,8.0,False,SAP SF Learning
ENR000903,EMP0123,C008,Leadership & Influence,Leadership,2025-07-21,2025-08-14,Completed,98.0,4.0,False,SAP SF Learning
ENR000904,EMP0123,C010,Advanced Excel & Power BI,Technical,2026-01-27,2026-03-27,Completed,79.0,5.0,False,Cornerstone
ENR000905,EMP0123,C013,Financial Modelling,Finance,2026-01-14,,Not Started,,6.0,False,Cornerstone
ENR000906,EMP0123,C014,Agile & Scrum Practitioner,Technical,2025-10-07,2025-10-30,Completed,78.0,4.0,False,SAP SF Learning
ENR000907,EMP0123,C015,AI & Machine Learning Basics,Technical,2025-11-08,,In Progress,,5.0,False,Cornerstone
ENR000908,EMP0124,C001,Data Privacy & GDPR Fundamentals,Compliance,2026-05-23,2026-05-30,Completed,92.0,2.0,True,Cornerstone
ENR000909,EMP0124,C002,Workplace Safety & Health,Compliance,2026-04-14,2026-05-22,Completed,62.0,1.5,True,SAP SF Learning
ENR000910,EMP0124,C003,Code of Conduct & Ethics,Compliance,2026-03-01,2026-04-27,Completed,100.0,1.0,True,Cornerstone
ENR000911,EMP0124,C005,Anti-Harassment & Inclusion,Compliance,2025-09-01,2025-10-13,Completed,69.0,1.5,True,Cornerstone
ENR000912,EMP0124,C006,Python for Data Science,Technical,2026-03-19,,Not Started,,8.0,False,SAP SF Learning
ENR000913,EMP0124,C007,Azure Cloud Fundamentals,Technical,2025-10-27,,Not Started,,6.0,False,Cornerstone
ENR000914,EMP0124,C009,Project Management (PMP Prep),Professional,2026-02-01,,In Progress,,10.0,False,SAP SF Learning
ENR000915,EMP0124,C010,Advanced Excel & Power BI,Technical,2026-04-03,,In Progress,,5.0,False,SAP SF Learning
ENR000916,EMP0124,C012,Sales Techniques & CRM,Sales,2025-09-26,2025-10-19,Completed,65.0,4.0,False,Cornerstone
ENR000917,EMP0125,C001,Data Privacy & GDPR Fundamentals,Compliance,2025-08-03,,Not Started,,2.0,True,Cornerstone
ENR000918,EMP0125,C002,Workplace Safety & Health,Compliance,2025-09-28,2025-11-22,Completed,99.0,1.5,True,Cornerstone
ENR000919,EMP0125,C003,Code of Conduct & Ethics,Compliance,2025-12-25,2026-01-15,Completed,83.0,1.0,True,Cornerstone
ENR000920,EMP0125,C004,Cybersecurity Awareness,Compliance,2025-12-22,2026-02-17,Completed,62.0,2.0,True,Cornerstone
ENR000921,EMP0125,C005,Anti-Harassment & Inclusion,Compliance,2025-09-12,2025-10-18,Completed,60.0,1.5,True,Cornerstone
ENR000922,EMP0125,C006,Python for Data Science,Technical,2025-08-09,2025-10-03,Completed,64.0,8.0,False,Cornerstone
ENR000923,EMP0125,C010,Advanced Excel & Power BI,Technical,2026-03-20,2026-05-19,Completed,85.0,5.0,False,SAP SF Learning
ENR000924,EMP0125,C014,Agile & Scrum Practitioner,Technical,2025-06-24,2025-07-25,Completed,69.0,4.0,False,Cornerstone
ENR000925,EMP0125,C015,AI & Machine Learning Basics,Technical,2026-01-28,,In Progress,,5.0,False,SAP SF Learning
ENR000926,EMP0126,C001,Data Privacy & GDPR Fundamentals,Compliance,2025-12-10,2025-12-24,Completed,61.0,2.0,True,SAP SF Learning
ENR000927,EMP0126,C002,Workplace Safety & Health,Compliance,2026-02-11,2026-02-21,Completed,64.0,1.5,True,SAP SF Learning
ENR000928,EMP0126,C003,Code of Conduct & Ethics,Compliance,2025-10-03,,Not Started,,1.0,True,SAP SF Learning
ENR000929,EMP0126,C004,Cybersecurity Awareness,Compliance,2026-02-24,,In Progress,,2.0,True,Cornerstone
ENR000930,EMP0126,C005,Anti-Harassment & Inclusion,Compliance,2026-05-25,2026-07-13,Completed,79.0,1.5,True,Cornerstone
ENR000931,EMP0126,C013,Financial Modelling,Finance,2026-02-22,,Not Started,,6.0,False,Cornerstone
ENR000932,EMP0127,C001,Data Privacy & GDPR Fundamentals,Compliance,2026-02-26,2026-04-01,Completed,60.0,2.0,True,SAP SF Learning
ENR000933,EMP0127,C002,Workplace Safety & Health,Compliance,2026-05-08,2026-06-06,Completed,100.0,1.5,True,Cornerstone
ENR000934,EMP0127,C003,Code of Conduct & Ethics,Compliance,2026-03-26,,Not Started,,1.0,True,Cornerstone
ENR000935,EMP0127,C004,Cybersecurity Awareness,Compliance,2025-09-01,2025-09-14,Completed,96.0,2.0,True,Cornerstone
ENR000936,EMP0127,C005,Anti-Harassment & Inclusion,Compliance,2025-10-28,2025-12-25,Completed,79.0,1.5,True,Cornerstone
ENR000937,EMP0127,C007,Azure Cloud Fundamentals,Technical,2025-10-24,,Not Started,,6.0,False,SAP SF Learning
ENR000938,EMP0127,C008,Leadership & Influence,Leadership,2025-11-22,2025-12-28,Completed,98.0,4.0,False,Cornerstone
ENR000939,EMP0127,C009,Project Management (PMP Prep),Professional,2026-05-03,,Not Started,,10.0,False,SAP SF Learning
ENR000940,EMP0127,C011,Communication Skills,Soft Skills,2025-07-13,,In Progress,,3.0,False,Cornerstone
ENR000941,EMP0128,C001,Data Privacy & GDPR Fundamentals,Compliance,2025-06-22,2025-08-16,Completed,86.0,2.0,True,Cornerstone
ENR000942,EMP0128,C002,Workplace Safety & Health,Compliance,2025-12-03,2025-12-11,Completed,72.0,1.5,True,SAP SF Learning
ENR000943,EMP0128,C004,Cybersecurity Awareness,Compliance,2026-04-13,,Not Started,,2.0,True,SAP SF Learning
ENR000944,EMP0128,C005,Anti-Harassment & Inclusion,Compliance,2025-11-01,2025-12-04,Completed,78.0,1.5,True,SAP SF Learning
ENR000945,EMP0128,C006,Python for Data Science,Technical,2026-05-01,,Not Started,,8.0,False,Cornerstone
ENR000946,EMP0128,C008,Leadership & Influence,Leadership,2026-04-12,2026-06-04,Completed,93.0,4.0,False,SAP SF Learning
ENR000947,EMP0128,C010,Advanced Excel & Power BI,Technical,2025-11-08,2025-12-20,Completed,85.0,5.0,False,Cornerstone
ENR000948,EMP0128,C011,Communication Skills,Soft Skills,2025-07-29,,Not Started,,3.0,False,Cornerstone
ENR000949,EMP0128,C012,Sales Techniques & CRM,Sales,2025-08-10,2025-08-17,Completed,68.0,4.0,False,Cornerstone
ENR000950,EMP0129,C001,Data Privacy & GDPR Fundamentals,Compliance,2025-08-27,2025-08-29,Completed,87.0,2.0,True,Cornerstone
ENR000951,EMP0129,C002,Workplace Safety & Health,Compliance,2026-01-25,2026-03-06,Completed,94.0,1.5,True,Cornerstone
ENR000952,EMP0129,C003,Code of Conduct & Ethics,Compliance,2025-06-19,2025-06-28,Completed,89.0,1.0,True,SAP SF Learning
ENR000953,EMP0129,C004,Cybersecurity Awareness,Compliance,2026-02-17,,Not Started,,2.0,True,Cornerstone
ENR000954,EMP0129,C005,Anti-Harassment & Inclusion,Compliance,2025-09-12,2025-11-03,Completed,84.0,1.5,True,SAP SF Learning
ENR000955,EMP0129,C006,Python for Data Science,Technical,2026-06-07,2026-06-09,Completed,100.0,8.0,False,Cornerstone
ENR000956,EMP0129,C008,Leadership & Influence,Leadership,2025-09-19,,In Progress,,4.0,False,Cornerstone
ENR000957,EMP0129,C009,Project Management (PMP Prep),Professional,2026-05-01,2026-05-08,Completed,91.0,10.0,False,Cornerstone
ENR000958,EMP0129,C011,Communication Skills,Soft Skills,2025-11-19,2025-12-10,Completed,100.0,3.0,False,SAP SF Learning
ENR000959,EMP0129,C012,Sales Techniques & CRM,Sales,2025-06-13,,In Progress,,4.0,False,Cornerstone
ENR000960,EMP0129,C015,AI & Machine Learning Basics,Technical,2026-03-24,2026-04-01,Completed,72.0,5.0,False,Cornerstone
ENR000961,EMP0130,C001,Data Privacy & GDPR Fundamentals,Compliance,2025-12-27,2026-01-06,Completed,73.0,2.0,True,SAP SF Learning
ENR000962,EMP0130,C002,Workplace Safety & Health,Compliance,2025-09-01,2025-09-10,Completed,74.0,1.5,True,Cornerstone
ENR000963,EMP0130,C003,Code of Conduct & Ethics,Compliance,2025-07-28,2025-08-28,Completed,72.0,1.0,True,Cornerstone
ENR000964,EMP0130,C004,Cybersecurity Awareness,Compliance,2026-01-09,2026-02-08,Completed,91.0,2.0,True,SAP SF Learning
ENR000965,EMP0130,C005,Anti-Harassment & Inclusion,Compliance,2025-11-11,,Not Started,,1.5,True,Cornerstone
ENR000966,EMP0130,C009,Project Management (PMP Prep),Professional,2025-08-28,,Not Started,,10.0,False,SAP SF Learning
ENR000967,EMP0130,C010,Advanced Excel & Power BI,Technical,2026-03-26,2026-04-16,Completed,99.0,5.0,False,Cornerstone
ENR000968,EMP0130,C011,Communication Skills,Soft Skills,2026-01-15,2026-03-14,Completed,100.0,3.0,False,Cornerstone
ENR000969,EMP0130,C013,Financial Modelling,Finance,2025-11-15,2026-01-07,Completed,93.0,6.0,False,SAP SF Learning
ENR000970,EMP0130,C014,Agile & Scrum Practitioner,Technical,2026-04-19,2026-06-09,Completed,71.0,4.0,False,SAP SF Learning
ENR000971,EMP0130,C015,AI & Machine Learning Basics,Technical,2025-10-31,2025-12-20,Completed,80.0,5.0,False,Cornerstone
ENR000972,EMP0131,C001,Data Privacy & GDPR Fundamentals,Compliance,2026-03-03,2026-03-25,Completed,73.0,2.0,True,SAP SF Learning
ENR000973,EMP0131,C002,Workplace Safety & Health,Compliance,2025-10-12,,In Progress,,1.5,True,SAP SF Learning
ENR000974,EMP0131,C003,Code of Conduct & Ethics,Compliance,2025-08-30,2025-09-06,Completed,95.0,1.0,True,SAP SF Learning
ENR000975,EMP0131,C004,Cybersecurity Awareness,Compliance,2026-05-18,2026-06-30,Completed,64.0,2.0,True,SAP SF Learning
ENR000976,EMP0131,C005,Anti-Harassment & Inclusion,Compliance,2025-11-25,2025-12-16,Completed,72.0,1.5,True,Cornerstone
ENR000977,EMP0131,C010,Advanced Excel & Power BI,Technical,2025-06-16,,In Progress,,5.0,False,SAP SF Learning
ENR000978,EMP0131,C013,Financial Modelling,Finance,2026-02-14,2026-03-17,Completed,66.0,6.0,False,SAP SF Learning
ENR000979,EMP0131,C014,Agile & Scrum Practitioner,Technical,2026-03-29,2026-04-04,Completed,95.0,4.0,False,SAP SF Learning
ENR000980,EMP0131,C015,AI & Machine Learning Basics,Technical,2025-10-03,,Not Started,,5.0,False,SAP SF Learning
ENR000981,EMP0133,C001,Data Privacy & GDPR Fundamentals,Compliance,2026-05-29,2026-06-22,Completed,99.0,2.0,True,Cornerstone
ENR000982,EMP0133,C002,Workplace Safety & Health,Compliance,2025-06-28,2025-07-07,Completed,66.0,1.5,True,SAP SF Learning
ENR000983,EMP0133,C003,Code of Conduct & Ethics,Compliance,2026-03-17,2026-03-28,Completed,65.0,1.0,True,Cornerstone
ENR000984,EMP0133,C004,Cybersecurity Awareness,Compliance,2026-04-20,2026-06-17,Completed,94.0,2.0,True,Cornerstone
ENR000985,EMP0133,C005,Anti-Harassment & Inclusion,Compliance,2026-05-12,2026-07-08,Completed,62.0,1.5,True,Cornerstone
ENR000986,EMP0133,C008,Leadership & Influence,Leadership,2026-03-07,2026-03-16,Completed,97.0,4.0,False,SAP SF Learning
ENR000987,EMP0133,C013,Financial Modelling,Finance,2025-12-12,,Not Started,,6.0,False,SAP SF Learning
ENR000988,EMP0133,C014,Agile & Scrum Practitioner,Technical,2025-07-15,2025-08-03,Completed,65.0,4.0,False,SAP SF Learning
ENR000989,EMP0134,C001,Data Privacy & GDPR Fundamentals,Compliance,2026-03-22,,In Progress,,2.0,True,Cornerstone
ENR000990,EMP0134,C003,Code of Conduct & Ethics,Compliance,2025-06-14,2025-07-14,Completed,84.0,1.0,True,Cornerstone
ENR000991,EMP0134,C004,Cybersecurity Awareness,Compliance,2025-10-19,2025-11-26,Completed,93.0,2.0,True,SAP SF Learning
ENR000992,EMP0134,C005,Anti-Harassment & Inclusion,Compliance,2025-10-08,2025-11-19,Completed,69.0,1.5,True,Cornerstone
ENR000993,EMP0134,C006,Python for Data Science,Technical,2025-10-28,2025-11-26,Completed,99.0,8.0,False,Cornerstone
ENR000994,EMP0134,C007,Azure Cloud Fundamentals,Technical,2025-09-25,2025-11-08,Completed,79.0,6.0,False,Cornerstone
ENR000995,EMP0134,C009,Project Management (PMP Prep),Professional,2026-05-22,2026-06-09,Completed,61.0,10.0,False,SAP SF Learning
ENR000996,EMP0134,C010,Advanced Excel & Power BI,Technical,2025-09-20,2025-10-26,Completed,65.0,5.0,False,SAP SF Learning
ENR000997,EMP0134,C011,Communication Skills,Soft Skills,2025-12-21,2026-01-12,Completed,63.0,3.0,False,SAP SF Learning
ENR000998,EMP0134,C012,Sales Techniques & CRM,Sales,2026-02-16,2026-04-17,Completed,87.0,4.0,False,Cornerstone
ENR000999,EMP0134,C015,AI & Machine Learning Basics,Technical,2026-03-01,2026-03-17,Completed,67.0,5.0,False,Cornerstone
ENR001000,EMP0135,C001,Data Privacy & GDPR Fundamentals,Compliance,2026-05-23,2026-06-10,Completed,75.0,2.0,True,Cornerstone
ENR001001,EMP0135,C002,Workplace Safety & Health,Compliance,2025-09-24,2025-11-03,Completed,85.0,1.5,True,SAP SF Learning
ENR001002,EMP0135,C003,Code of Conduct & Ethics,Compliance,2025-09-02,2025-10-29,Completed,77.0,1.0,True,SAP SF Learning
ENR001003,EMP0135,C004,Cybersecurity Awareness,Compliance,2026-04-10,2026-05-21,Completed,78.0,2.0,True,SAP SF Learning
ENR001004,EMP0135,C005,Anti-Harassment & Inclusion,Compliance,2025-07-16,2025-09-13,Completed,99.0,1.5,True,SAP SF Learning
ENR001005,EMP0135,C007,Azure Cloud Fundamentals,Technical,2026-03-01,2026-03-13,Completed,81.0,6.0,False,SAP SF Learning
ENR001006,EMP0135,C008,Leadership & Influence,Leadership,2025-12-10,2025-12-12,Completed,71.0,4.0,False,SAP SF Learning
ENR001007,EMP0135,C009,Project Management (PMP Prep),Professional,2026-03-31,,Not Started,,10.0,False,SAP SF Learning
ENR001008,EMP0135,C010,Advanced Excel & Power BI,Technical,2025-09-13,2025-09-16,Completed,61.0,5.0,False,SAP SF Learning
ENR001009,EMP0135,C011,Communication Skills,Soft Skills,2025-08-13,,In Progress,,3.0,False,Cornerstone
ENR001010,EMP0135,C014,Agile & Scrum Practitioner,Technical,2025-12-15,2026-01-14,Completed,60.0,4.0,False,SAP SF Learning
ENR001011,EMP0135,C015,AI & Machine Learning Basics,Technical,2025-12-27,,Not Started,,5.0,False,Cornerstone
ENR001012,EMP0136,C001,Data Privacy & GDPR Fundamentals,Compliance,2025-12-28,2025-12-30,Completed,69.0,2.0,True,SAP SF Learning
ENR001013,EMP0136,C002,Workplace Safety & Health,Compliance,2026-02-20,,Not Started,,1.5,True,SAP SF Learning
ENR001014,EMP0136,C003,Code of Conduct & Ethics,Compliance,2026-01-19,2026-02-16,Completed,83.0,1.0,True,Cornerstone
ENR001015,EMP0136,C004,Cybersecurity Awareness,Compliance,2025-08-23,,Not Started,,2.0,True,Cornerstone
ENR001016,EMP0136,C007,Azure Cloud Fundamentals,Technical,2026-05-15,2026-06-01,Completed,82.0,6.0,False,SAP SF Learning
ENR001017,EMP0136,C009,Project Management (PMP Prep),Professional,2025-06-25,2025-08-09,Completed,81.0,10.0,False,Cornerstone
ENR001018,EMP0136,C014,Agile & Scrum Practitioner,Technical,2025-09-30,,In Progress,,4.0,False,SAP SF Learning
ENR001019,EMP0136,C015,AI & Machine Learning Basics,Technical,2025-10-01,2025-10-04,Completed,73.0,5.0,False,SAP SF Learning
ENR001020,EMP0137,C001,Data Privacy & GDPR Fundamentals,Compliance,2025-07-27,2025-08-16,Completed,60.0,2.0,True,SAP SF Learning
ENR001021,EMP0137,C002,Workplace Safety & Health,Compliance,2026-04-29,2026-05-16,Completed,68.0,1.5,True,SAP SF Learning
ENR001022,EMP0137,C003,Code of Conduct & Ethics,Compliance,2026-04-10,,In Progress,,1.0,True,Cornerstone
ENR001023,EMP0137,C004,Cybersecurity Awareness,Compliance,2025-08-03,,In Progress,,2.0,True,SAP SF Learning
ENR001024,EMP0137,C005,Anti-Harassment & Inclusion,Compliance,2025-07-10,2025-07-13,Completed,90.0,1.5,True,SAP SF Learning
ENR001025,EMP0137,C009,Project Management (PMP Prep),Professional,2025-08-15,2025-09-28,Completed,80.0,10.0,False,Cornerstone
ENR001026,EMP0137,C010,Advanced Excel & Power BI,Technical,2025-08-01,2025-08-14,Completed,79.0,5.0,False,SAP SF Learning
ENR001027,EMP0137,C014,Agile & Scrum Practitioner,Technical,2025-11-28,,Not Started,,4.0,False,SAP SF Learning
ENR001028,EMP0138,C002,Workplace Safety & Health,Compliance,2026-05-29,2026-07-18,Completed,86.0,1.5,True,Cornerstone
ENR001029,EMP0138,C003,Code of Conduct & Ethics,Compliance,2026-02-03,,In Progress,,1.0,True,SAP SF Learning
ENR001030,EMP0138,C004,Cybersecurity Awareness,Compliance,2026-01-06,,Not Started,,2.0,True,Cornerstone
ENR001031,EMP0138,C005,Anti-Harassment & Inclusion,Compliance,2025-11-08,2025-12-21,Completed,60.0,1.5,True,SAP SF Learning
ENR001032,EMP0138,C007,Azure Cloud Fundamentals,Technical,2025-06-30,2025-08-11,Completed,66.0,6.0,False,SAP SF Learning
ENR001033,EMP0138,C010,Advanced Excel & Power BI,Technical,2026-01-22,,In Progress,,5.0,False,Cornerstone
ENR001034,EMP0138,C012,Sales Techniques & CRM,Sales,2026-05-23,,In Progress,,4.0,False,SAP SF Learning
ENR001035,EMP0138,C015,AI & Machine Learning Basics,Technical,2025-07-05,2025-08-13,Completed,67.0,5.0,False,Cornerstone
ENR001036,EMP0139,C001,Data Privacy & GDPR Fundamentals,Compliance,2025-07-19,2025-09-11,Completed,92.0,2.0,True,SAP SF Learning
ENR001037,EMP0139,C002,Workplace Safety & Health,Compliance,2026-06-04,2026-06-30,Completed,90.0,1.5,True,Cornerstone
ENR001038,EMP0139,C003,Code of Conduct & Ethics,Compliance,2026-05-02,2026-05-19,Completed,99.0,1.0,True,SAP SF Learning
ENR001039,EMP0139,C004,Cybersecurity Awareness,Compliance,2026-02-04,2026-02-14,Completed,100.0,2.0,True,Cornerstone
ENR001040,EMP0139,C005,Anti-Harassment & Inclusion,Compliance,2026-04-23,2026-05-09,Completed,70.0,1.5,True,Cornerstone
ENR001041,EMP0139,C006,Python for Data Science,Technical,2026-02-23,2026-04-02,Completed,91.0,8.0,False,SAP SF Learning
ENR001042,EMP0139,C007,Azure Cloud Fundamentals,Technical,2026-03-07,,Not Started,,6.0,False,SAP SF Learning
ENR001043,EMP0139,C008,Leadership & Influence,Leadership,2025-09-27,2025-11-03,Completed,84.0,4.0,False,Cornerstone
ENR001044,EMP0139,C009,Project Management (PMP Prep),Professional,2026-02-17,,Not Started,,10.0,False,Cornerstone
ENR001045,EMP0139,C010,Advanced Excel & Power BI,Technical,2025-08-02,2025-09-18,Completed,89.0,5.0,False,SAP SF Learning
ENR001046,EMP0139,C011,Communication Skills,Soft Skills,2025-12-20,,In Progress,,3.0,False,SAP SF Learning
ENR001047,EMP0139,C012,Sales Techniques & CRM,Sales,2025-12-25,2026-02-05,Completed,69.0,4.0,False,SAP SF Learning
ENR001048,EMP0140,C001,Data Privacy & GDPR Fundamentals,Compliance,2026-06-03,2026-08-01,Completed,90.0,2.0,True,SAP SF Learning
ENR001049,EMP0140,C003,Code of Conduct & Ethics,Compliance,2025-08-18,2025-10-17,Completed,92.0,1.0,True,SAP SF Learning
ENR001050,EMP0140,C004,Cybersecurity Awareness,Compliance,2025-10-13,2025-11-20,Completed,82.0,2.0,True,SAP SF Learning
ENR001051,EMP0140,C005,Anti-Harassment & Inclusion,Compliance,2025-06-20,,In Progress,,1.5,True,Cornerstone
ENR001052,EMP0140,C006,Python for Data Science,Technical,2026-06-07,,Not Started,,8.0,False,Cornerstone
ENR001053,EMP0140,C008,Leadership & Influence,Leadership,2026-05-24,,Not Started,,4.0,False,SAP SF Learning
ENR001054,EMP0140,C009,Project Management (PMP Prep),Professional,2025-09-14,2025-11-08,Completed,64.0,10.0,False,SAP SF Learning
ENR001055,EMP0140,C014,Agile & Scrum Practitioner,Technical,2025-09-15,2025-10-29,Completed,78.0,4.0,False,Cornerstone
ENR001056,EMP0140,C015,AI & Machine Learning Basics,Technical,2026-04-21,2026-06-11,Completed,72.0,5.0,False,Cornerstone
ENR001057,EMP0142,C001,Data Privacy & GDPR Fundamentals,Compliance,2026-02-08,,In Progress,,2.0,True,Cornerstone
ENR001058,EMP0142,C002,Workplace Safety & Health,Compliance,2025-08-03,,Not Started,,1.5,True,SAP SF Learning
ENR001059,EMP0142,C003,Code of Conduct & Ethics,Compliance,2026-05-11,2026-05-23,Completed,93.0,1.0,True,SAP SF Learning
ENR001060,EMP0142,C004,Cybersecurity Awareness,Compliance,2025-08-29,2025-09-29,Completed,92.0,2.0,True,SAP SF Learning
ENR001061,EMP0142,C005,Anti-Harassment & Inclusion,Compliance,2026-05-24,2026-06-02,Completed,64.0,1.5,True,SAP SF Learning
ENR001062,EMP0142,C006,Python for Data Science,Technical,2025-07-07,2025-07-16,Completed,93.0,8.0,False,SAP SF Learning
ENR001063,EMP0142,C011,Communication Skills,Soft Skills,2026-05-14,,Not Started,,3.0,False,Cornerstone
ENR001064,EMP0142,C012,Sales Techniques & CRM,Sales,2025-12-27,,Not Started,,4.0,False,SAP SF Learning
ENR001065,EMP0142,C014,Agile & Scrum Practitioner,Technical,2026-06-08,,Not Started,,4.0,False,Cornerstone
ENR001066,EMP0143,C001,Data Privacy & GDPR Fundamentals,Compliance,2026-05-20,2026-05-29,Completed,73.0,2.0,True,SAP SF Learning
ENR001067,EMP0143,C002,Workplace Safety & Health,Compliance,2026-02-22,,In Progress,,1.5,True,Cornerstone
ENR001068,EMP0143,C003,Code of Conduct & Ethics,Compliance,2026-04-18,,In Progress,,1.0,True,SAP SF Learning
ENR001069,EMP0143,C005,Anti-Harassment & Inclusion,Compliance,2026-01-27,2026-03-28,Completed,65.0,1.5,True,SAP SF Learning
ENR001070,EMP0143,C006,Python for Data Science,Technical,2025-06-25,2025-07-27,Completed,92.0,8.0,False,Cornerstone
ENR001071,EMP0143,C007,Azure Cloud Fundamentals,Technical,2025-10-05,,In Progress,,6.0,False,Cornerstone
ENR001072,EMP0143,C008,Leadership & Influence,Leadership,2026-04-09,,Not Started,,4.0,False,Cornerstone
ENR001073,EMP0143,C009,Project Management (PMP Prep),Professional,2026-04-02,2026-04-11,Completed,87.0,10.0,False,SAP SF Learning
ENR001074,EMP0143,C010,Advanced Excel & Power BI,Technical,2025-07-25,,Not Started,,5.0,False,SAP SF Learning
ENR001075,EMP0143,C013,Financial Modelling,Finance,2026-03-26,,In Progress,,6.0,False,Cornerstone
ENR001076,EMP0143,C014,Agile & Scrum Practitioner,Technical,2025-07-01,2025-07-10,Completed,88.0,4.0,False,Cornerstone
ENR001077,EMP0143,C015,AI & Machine Learning Basics,Technical,2026-01-29,,In Progress,,5.0,False,SAP SF Learning
ENR001078,EMP0144,C001,Data Privacy & GDPR Fundamentals,Compliance,2025-11-10,2025-11-18,Completed,64.0,2.0,True,Cornerstone
ENR001079,EMP0144,C002,Workplace Safety & Health,Compliance,2026-01-06,2026-02-21,Completed,82.0,1.5,True,Cornerstone
ENR001080,EMP0144,C003,Code of Conduct & Ethics,Compliance,2025-10-05,,Not Started,,1.0,True,Cornerstone
ENR001081,EMP0144,C004,Cybersecurity Awareness,Compliance,2025-09-21,2025-10-26,Completed,92.0,2.0,True,Cornerstone
ENR001082,EMP0144,C005,Anti-Harassment & Inclusion,Compliance,2026-05-25,2026-07-04,Completed,91.0,1.5,True,SAP SF Learning
ENR001083,EMP0144,C007,Azure Cloud Fundamentals,Technical,2025-10-05,,In Progress,,6.0,False,Cornerstone
ENR001084,EMP0144,C011,Communication Skills,Soft Skills,2025-12-20,,Not Started,,3.0,False,SAP SF Learning
ENR001085,EMP0144,C012,Sales Techniques & CRM,Sales,2025-07-12,2025-09-05,Completed,99.0,4.0,False,SAP SF Learning
ENR001086,EMP0144,C014,Agile & Scrum Practitioner,Technical,2025-08-28,2025-10-10,Completed,87.0,4.0,False,Cornerstone
ENR001087,EMP0144,C015,AI & Machine Learning Basics,Technical,2026-04-01,2026-04-03,Completed,98.0,5.0,False,SAP SF Learning
ENR001088,EMP0146,C001,Data Privacy & GDPR Fundamentals,Compliance,2026-05-27,2026-07-15,Completed,97.0,2.0,True,Cornerstone
ENR001089,EMP0146,C002,Workplace Safety & Health,Compliance,2025-10-19,2025-11-28,Completed,87.0,1.5,True,SAP SF Learning
ENR001090,EMP0146,C003,Code of Conduct & Ethics,Compliance,2026-06-05,2026-06-09,Completed,66.0,1.0,True,SAP SF Learning
ENR001091,EMP0146,C005,Anti-Harassment & Inclusion,Compliance,2025-09-29,,Not Started,,1.5,True,SAP SF Learning
ENR001092,EMP0146,C007,Azure Cloud Fundamentals,Technical,2025-11-04,2026-01-03,Completed,75.0,6.0,False,Cornerstone
ENR001093,EMP0146,C008,Leadership & Influence,Leadership,2026-03-01,,In Progress,,4.0,False,Cornerstone
ENR001094,EMP0146,C009,Project Management (PMP Prep),Professional,2026-01-17,2026-02-26,Completed,77.0,10.0,False,SAP SF Learning
ENR001095,EMP0146,C010,Advanced Excel & Power BI,Technical,2026-02-18,,In Progress,,5.0,False,Cornerstone
ENR001096,EMP0146,C013,Financial Modelling,Finance,2025-06-12,2025-07-05,Completed,90.0,6.0,False,Cornerstone
ENR001097,EMP0147,C001,Data Privacy & GDPR Fundamentals,Compliance,2025-07-04,2025-07-21,Completed,77.0,2.0,True,SAP SF Learning
ENR001098,EMP0147,C002,Workplace Safety & Health,Compliance,2025-07-28,2025-08-09,Completed,69.0,1.5,True,Cornerstone
ENR001099,EMP0147,C003,Code of Conduct & Ethics,Compliance,2026-02-18,2026-04-03,Completed,92.0,1.0,True,SAP SF Learning
ENR001100,EMP0147,C004,Cybersecurity Awareness,Compliance,2025-06-25,2025-07-10,Completed,63.0,2.0,True,SAP SF Learning
ENR001101,EMP0147,C007,Azure Cloud Fundamentals,Technical,2025-06-26,,Not Started,,6.0,False,Cornerstone
ENR001102,EMP0147,C009,Project Management (PMP Prep),Professional,2025-10-14,2025-12-07,Completed,86.0,10.0,False,Cornerstone
ENR001103,EMP0147,C012,Sales Techniques & CRM,Sales,2025-11-15,,Not Started,,4.0,False,SAP SF Learning
ENR001104,EMP0147,C013,Financial Modelling,Finance,2025-06-21,2025-06-24,Completed,78.0,6.0,False,Cornerstone
ENR001105,EMP0147,C014,Agile & Scrum Practitioner,Technical,2026-02-01,2026-02-22,Completed,92.0,4.0,False,SAP SF Learning
ENR001106,EMP0147,C015,AI & Machine Learning Basics,Technical,2026-01-21,2026-03-09,Completed,69.0,5.0,False,SAP SF Learning
ENR001107,EMP0149,C001,Data Privacy & GDPR Fundamentals,Compliance,2026-02-16,2026-02-21,Completed,74.0,2.0,True,SAP SF Learning
ENR001108,EMP0149,C002,Workplace Safety & Health,Compliance,2025-07-26,2025-08-29,Completed,63.0,1.5,True,SAP SF Learning
ENR001109,EMP0149,C003,Code of Conduct & Ethics,Compliance,2025-12-28,2026-01-15,Completed,72.0,1.0,True,SAP SF Learning
ENR001110,EMP0149,C004,Cybersecurity Awareness,Compliance,2025-10-15,2025-12-04,Completed,83.0,2.0,True,Cornerstone
ENR001111,EMP0149,C005,Anti-Harassment & Inclusion,Compliance,2026-03-27,,In Progress,,1.5,True,SAP SF Learning
ENR001112,EMP0149,C007,Azure Cloud Fundamentals,Technical,2025-12-22,2026-01-15,Completed,90.0,6.0,False,Cornerstone
ENR001113,EMP0149,C008,Leadership & Influence,Leadership,2026-01-16,,In Progress,,4.0,False,Cornerstone
ENR001114,EMP0149,C009,Project Management (PMP Prep),Professional,2026-01-22,,Not Started,,10.0,False,SAP SF Learning
ENR001115,EMP0149,C010,Advanced Excel & Power BI,Technical,2025-11-15,2025-11-25,Completed,96.0,5.0,False,SAP SF Learning
ENR001116,EMP0149,C013,Financial Modelling,Finance,2025-09-19,,Not Started,,6.0,False,Cornerstone
ENR001117,EMP0149,C014,Agile & Scrum Practitioner,Technical,2025-11-24,2025-12-05,Completed,64.0,4.0,False,Cornerstone
ENR001118,EMP0150,C001,Data Privacy & GDPR Fundamentals,Compliance,2025-11-20,2025-12-16,Completed,95.0,2.0,True,Cornerstone
ENR001119,EMP0150,C002,Workplace Safety & Health,Compliance,2025-07-25,2025-09-16,Completed,81.0,1.5,True,Cornerstone
ENR001120,EMP0150,C004,Cybersecurity Awareness,Compliance,2026-03-23,,Not Started,,2.0,True,SAP SF Learning
ENR001121,EMP0150,C005,Anti-Harassment & Inclusion,Compliance,2026-03-24,2026-04-12,Completed,90.0,1.5,True,Cornerstone
ENR001122,EMP0150,C008,Leadership & Influence,Leadership,2025-06-12,2025-07-06,Completed,89.0,4.0,False,SAP SF Learning
ENR001123,EMP0150,C009,Project Management (PMP Prep),Professional,2026-03-17,2026-05-06,Completed,66.0,10.0,False,Cornerstone
ENR001124,EMP0150,C010,Advanced Excel & Power BI,Technical,2026-01-14,2026-02-17,Completed,97.0,5.0,False,SAP SF Learning
ENR001125,EMP0150,C015,AI & Machine Learning Basics,Technical,2026-05-17,,In Progress,,5.0,False,SAP SF Learning
ENR001126,EMP0151,C001,Data Privacy & GDPR Fundamentals,Compliance,2025-07-25,2025-08-26,Completed,88.0,2.0,True,Cornerstone
ENR001127,EMP0151,C002,Workplace Safety & Health,Compliance,2025-09-29,,Not Started,,1.5,True,Cornerstone
ENR001128,EMP0151,C003,Code of Conduct & Ethics,Compliance,2026-02-23,2026-03-02,Completed,73.0,1.0,True,Cornerstone
ENR001129,EMP0151,C004,Cybersecurity Awareness,Compliance,2026-05-26,2026-07-23,Completed,94.0,2.0,True,Cornerstone
ENR001130,EMP0151,C005,Anti-Harassment & Inclusion,Compliance,2026-04-28,2026-05-22,Completed,73.0,1.5,True,SAP SF Learning
ENR001131,EMP0151,C006,Python for Data Science,Technical,2026-03-20,2026-03-29,Completed,89.0,8.0,False,SAP SF Learning
ENR001132,EMP0151,C008,Leadership & Influence,Leadership,2026-05-20,2026-06-06,Completed,65.0,4.0,False,Cornerstone
ENR001133,EMP0151,C012,Sales Techniques & CRM,Sales,2025-12-23,2026-01-22,Completed,100.0,4.0,False,Cornerstone
ENR001134,EMP0151,C013,Financial Modelling,Finance,2026-06-03,2026-06-10,Completed,93.0,6.0,False,SAP SF Learning
ENR001135,EMP0152,C001,Data Privacy & GDPR Fundamentals,Compliance,2026-02-08,2026-02-17,Completed,97.0,2.0,True,SAP SF Learning
ENR001136,EMP0152,C002,Workplace Safety & Health,Compliance,2025-09-03,2025-09-20,Completed,90.0,1.5,True,Cornerstone
ENR001137,EMP0152,C003,Code of Conduct & Ethics,Compliance,2025-08-21,2025-09-09,Completed,68.0,1.0,True,Cornerstone
ENR001138,EMP0152,C004,Cybersecurity Awareness,Compliance,2025-07-13,,In Progress,,2.0,True,Cornerstone
ENR001139,EMP0152,C005,Anti-Harassment & Inclusion,Compliance,2025-12-17,2025-12-31,Completed,71.0,1.5,True,Cornerstone
ENR001140,EMP0152,C006,Python for Data Science,Technical,2025-11-04,,In Progress,,8.0,False,SAP SF Learning
ENR001141,EMP0152,C009,Project Management (PMP Prep),Professional,2025-12-14,2026-01-24,Completed,85.0,10.0,False,SAP SF Learning
ENR001142,EMP0152,C010,Advanced Excel & Power BI,Technical,2025-09-02,2025-10-29,Completed,78.0,5.0,False,SAP SF Learning
ENR001143,EMP0152,C011,Communication Skills,Soft Skills,2026-02-21,2026-03-05,Completed,89.0,3.0,False,SAP SF Learning
ENR001144,EMP0152,C012,Sales Techniques & CRM,Sales,2025-11-11,,Not Started,,4.0,False,SAP SF Learning
ENR001145,EMP0153,C001,Data Privacy & GDPR Fundamentals,Compliance,2026-01-13,2026-01-30,Completed,80.0,2.0,True,SAP SF Learning
ENR001146,EMP0153,C002,Workplace Safety & Health,Compliance,2025-11-28,2025-12-15,Completed,63.0,1.5,True,SAP SF Learning
ENR001147,EMP0153,C003,Code of Conduct & Ethics,Compliance,2025-09-02,2025-10-25,Completed,62.0,1.0,True,SAP SF Learning
ENR001148,EMP0153,C004,Cybersecurity Awareness,Compliance,2025-09-03,2025-09-14,Completed,94.0,2.0,True,Cornerstone
ENR001149,EMP0153,C005,Anti-Harassment & Inclusion,Compliance,2025-07-22,,Not Started,,1.5,True,Cornerstone
ENR001150,EMP0153,C006,Python for Data Science,Technical,2026-03-16,2026-04-10,Completed,65.0,8.0,False,SAP SF Learning
ENR001151,EMP0153,C009,Project Management (PMP Prep),Professional,2025-08-25,,Not Started,,10.0,False,Cornerstone
ENR001152,EMP0153,C010,Advanced Excel & Power BI,Technical,2025-11-01,2025-11-15,Completed,95.0,5.0,False,Cornerstone
ENR001153,EMP0153,C011,Communication Skills,Soft Skills,2025-06-17,,In Progress,,3.0,False,SAP SF Learning
ENR001154,EMP0153,C012,Sales Techniques & CRM,Sales,2025-09-27,2025-10-12,Completed,100.0,4.0,False,Cornerstone
ENR001155,EMP0153,C014,Agile & Scrum Practitioner,Technical,2025-11-12,2025-12-30,Completed,77.0,4.0,False,Cornerstone
ENR001156,EMP0154,C001,Data Privacy & GDPR Fundamentals,Compliance,2026-03-21,2026-03-22,Completed,94.0,2.0,True,Cornerstone
ENR001157,EMP0154,C002,Workplace Safety & Health,Compliance,2026-01-23,2026-02-05,Completed,98.0,1.5,True,SAP SF Learning
ENR001158,EMP0154,C003,Code of Conduct & Ethics,Compliance,2025-11-21,2025-11-23,Completed,79.0,1.0,True,SAP SF Learning
ENR001159,EMP0154,C004,Cybersecurity Awareness,Compliance,2025-07-18,2025-08-29,Completed,96.0,2.0,True,SAP SF Learning
ENR001160,EMP0154,C005,Anti-Harassment & Inclusion,Compliance,2025-11-23,2025-12-20,Completed,95.0,1.5,True,SAP SF Learning
ENR001161,EMP0154,C007,Azure Cloud Fundamentals,Technical,2025-06-16,,Not Started,,6.0,False,SAP SF Learning
ENR001162,EMP0156,C001,Data Privacy & GDPR Fundamentals,Compliance,2025-07-12,2025-08-21,Completed,90.0,2.0,True,Cornerstone
ENR001163,EMP0156,C002,Workplace Safety & Health,Compliance,2025-12-18,2026-01-07,Completed,81.0,1.5,True,Cornerstone
ENR001164,EMP0156,C003,Code of Conduct & Ethics,Compliance,2026-03-04,2026-03-31,Completed,60.0,1.0,True,SAP SF Learning
ENR001165,EMP0156,C004,Cybersecurity Awareness,Compliance,2026-03-29,2026-04-30,Completed,94.0,2.0,True,SAP SF Learning
ENR001166,EMP0156,C005,Anti-Harassment & Inclusion,Compliance,2026-02-17,2026-03-19,Completed,90.0,1.5,True,Cornerstone
ENR001167,EMP0156,C006,Python for Data Science,Technical,2025-07-09,2025-08-27,Completed,60.0,8.0,False,Cornerstone
ENR001168,EMP0156,C007,Azure Cloud Fundamentals,Technical,2025-08-25,2025-09-02,Completed,62.0,6.0,False,SAP SF Learning
ENR001169,EMP0156,C009,Project Management (PMP Prep),Professional,2026-05-15,2026-06-10,Completed,60.0,10.0,False,SAP SF Learning
ENR001170,EMP0156,C012,Sales Techniques & CRM,Sales,2026-05-20,2026-07-01,Completed,70.0,4.0,False,Cornerstone
ENR001171,EMP0157,C001,Data Privacy & GDPR Fundamentals,Compliance,2025-08-30,,In Progress,,2.0,True,Cornerstone
ENR001172,EMP0157,C002,Workplace Safety & Health,Compliance,2026-04-27,2026-05-18,Completed,86.0,1.5,True,Cornerstone
ENR001173,EMP0157,C003,Code of Conduct & Ethics,Compliance,2025-07-05,,In Progress,,1.0,True,SAP SF Learning
ENR001174,EMP0157,C004,Cybersecurity Awareness,Compliance,2025-08-25,2025-09-29,Completed,89.0,2.0,True,SAP SF Learning
ENR001175,EMP0157,C005,Anti-Harassment & Inclusion,Compliance,2026-02-07,2026-02-18,Completed,64.0,1.5,True,SAP SF Learning
ENR001176,EMP0157,C007,Azure Cloud Fundamentals,Technical,2025-08-23,2025-10-15,Completed,87.0,6.0,False,SAP SF Learning
ENR001177,EMP0157,C009,Project Management (PMP Prep),Professional,2026-02-13,,In Progress,,10.0,False,Cornerstone
ENR001178,EMP0157,C010,Advanced Excel & Power BI,Technical,2025-08-17,2025-08-24,Completed,68.0,5.0,False,SAP SF Learning
ENR001179,EMP0157,C012,Sales Techniques & CRM,Sales,2026-04-19,,Not Started,,4.0,False,Cornerstone
ENR001180,EMP0157,C014,Agile & Scrum Practitioner,Technical,2026-04-17,,In Progress,,4.0,False,Cornerstone
ENR001181,EMP0157,C015,AI & Machine Learning Basics,Technical,2025-07-09,,In Progress,,5.0,False,Cornerstone
ENR001182,EMP0158,C001,Data Privacy & GDPR Fundamentals,Compliance,2025-11-27,2025-12-28,Completed,80.0,2.0,True,SAP SF Learning
ENR001183,EMP0158,C002,Workplace Safety & Health,Compliance,2025-07-25,2025-08-20,Completed,84.0,1.5,True,SAP SF Learning
ENR001184,EMP0158,C003,Code of Conduct & Ethics,Compliance,2025-10-25,2025-11-28,Completed,80.0,1.0,True,Cornerstone
ENR001185,EMP0158,C004,Cybersecurity Awareness,Compliance,2026-05-02,2026-05-13,Completed,100.0,2.0,True,SAP SF Learning
ENR001186,EMP0158,C005,Anti-Harassment & Inclusion,Compliance,2026-05-01,2026-05-30,Completed,91.0,1.5,True,SAP SF Learning
ENR001187,EMP0158,C007,Azure Cloud Fundamentals,Technical,2025-06-19,,Not Started,,6.0,False,SAP SF Learning
ENR001188,EMP0158,C008,Leadership & Influence,Leadership,2026-01-12,,In Progress,,4.0,False,SAP SF Learning
ENR001189,EMP0158,C010,Advanced Excel & Power BI,Technical,2025-10-27,2025-10-28,Completed,97.0,5.0,False,SAP SF Learning
ENR001190,EMP0158,C012,Sales Techniques & CRM,Sales,2025-06-14,,In Progress,,4.0,False,SAP SF Learning
ENR001191,EMP0158,C013,Financial Modelling,Finance,2026-03-06,,Not Started,,6.0,False,Cornerstone
ENR001192,EMP0159,C002,Workplace Safety & Health,Compliance,2025-12-16,2026-02-02,Completed,94.0,1.5,True,Cornerstone
ENR001193,EMP0159,C003,Code of Conduct & Ethics,Compliance,2025-06-20,2025-08-05,Completed,69.0,1.0,True,Cornerstone
ENR001194,EMP0159,C004,Cybersecurity Awareness,Compliance,2025-07-30,2025-09-22,Completed,67.0,2.0,True,Cornerstone
ENR001195,EMP0159,C005,Anti-Harassment & Inclusion,Compliance,2026-03-12,2026-03-19,Completed,94.0,1.5,True,SAP SF Learning
ENR001196,EMP0159,C006,Python for Data Science,Technical,2026-02-02,,Not Started,,8.0,False,SAP SF Learning
ENR001197,EMP0159,C007,Azure Cloud Fundamentals,Technical,2026-01-23,,Not Started,,6.0,False,Cornerstone
ENR001198,EMP0159,C008,Leadership & Influence,Leadership,2026-04-30,,In Progress,,4.0,False,Cornerstone
ENR001199,EMP0159,C010,Advanced Excel & Power BI,Technical,2025-08-15,2025-09-02,Completed,98.0,5.0,False,Cornerstone
ENR001200,EMP0159,C011,Communication Skills,Soft Skills,2026-02-11,,In Progress,,3.0,False,SAP SF Learning
ENR001201,EMP0159,C015,AI & Machine Learning Basics,Technical,2025-07-14,2025-07-20,Completed,71.0,5.0,False,SAP SF Learning
ENR001202,EMP0160,C001,Data Privacy & GDPR Fundamentals,Compliance,2025-06-17,2025-08-07,Completed,60.0,2.0,True,Cornerstone
ENR001203,EMP0160,C002,Workplace Safety & Health,Compliance,2025-12-05,2026-01-21,Completed,75.0,1.5,True,SAP SF Learning
ENR001204,EMP0160,C003,Code of Conduct & Ethics,Compliance,2026-02-13,,In Progress,,1.0,True,Cornerstone
ENR001205,EMP0160,C004,Cybersecurity Awareness,Compliance,2025-11-03,2025-11-15,Completed,77.0,2.0,True,Cornerstone
ENR001206,EMP0160,C005,Anti-Harassment & Inclusion,Compliance,2025-11-17,2025-11-30,Completed,77.0,1.5,True,Cornerstone
ENR001207,EMP0160,C007,Azure Cloud Fundamentals,Technical,2025-12-16,2026-01-09,Completed,82.0,6.0,False,SAP SF Learning
ENR001208,EMP0160,C010,Advanced Excel & Power BI,Technical,2026-01-16,2026-03-02,Completed,87.0,5.0,False,SAP SF Learning
ENR001209,EMP0160,C012,Sales Techniques & CRM,Sales,2025-12-22,2026-02-08,Completed,77.0,4.0,False,Cornerstone
ENR001210,EMP0160,C013,Financial Modelling,Finance,2025-09-02,2025-09-05,Completed,67.0,6.0,False,Cornerstone
ENR001211,EMP0161,C001,Data Privacy & GDPR Fundamentals,Compliance,2026-05-25,2026-07-09,Completed,66.0,2.0,True,SAP SF Learning
ENR001212,EMP0161,C002,Workplace Safety & Health,Compliance,2025-06-12,2025-07-13,Completed,81.0,1.5,True,SAP SF Learning
ENR001213,EMP0161,C003,Code of Conduct & Ethics,Compliance,2025-07-18,2025-08-10,Completed,79.0,1.0,True,Cornerstone
ENR001214,EMP0161,C004,Cybersecurity Awareness,Compliance,2025-08-20,2025-09-18,Completed,99.0,2.0,True,SAP SF Learning
ENR001215,EMP0161,C005,Anti-Harassment & Inclusion,Compliance,2026-03-06,2026-04-01,Completed,90.0,1.5,True,Cornerstone
ENR001216,EMP0161,C010,Advanced Excel & Power BI,Technical,2025-11-19,2025-12-07,Completed,96.0,5.0,False,SAP SF Learning
ENR001217,EMP0161,C011,Communication Skills,Soft Skills,2025-08-13,,In Progress,,3.0,False,Cornerstone
ENR001218,EMP0161,C015,AI & Machine Learning Basics,Technical,2025-08-12,2025-09-24,Completed,69.0,5.0,False,Cornerstone
ENR001219,EMP0162,C001,Data Privacy & GDPR Fundamentals,Compliance,2025-10-04,2025-10-16,Completed,75.0,2.0,True,Cornerstone
ENR001220,EMP0162,C002,Workplace Safety & Health,Compliance,2026-03-17,2026-04-30,Completed,95.0,1.5,True,SAP SF Learning
ENR001221,EMP0162,C003,Code of Conduct & Ethics,Compliance,2025-08-10,2025-09-10,Completed,95.0,1.0,True,SAP SF Learning
ENR001222,EMP0162,C004,Cybersecurity Awareness,Compliance,2026-05-30,2026-06-24,Completed,89.0,2.0,True,Cornerstone
ENR001223,EMP0162,C005,Anti-Harassment & Inclusion,Compliance,2025-07-16,2025-08-06,Completed,68.0,1.5,True,SAP SF Learning
ENR001224,EMP0162,C008,Leadership & Influence,Leadership,2025-07-07,2025-08-19,Completed,97.0,4.0,False,Cornerstone
ENR001225,EMP0162,C010,Advanced Excel & Power BI,Technical,2025-10-19,2025-10-20,Completed,99.0,5.0,False,SAP SF Learning
ENR001226,EMP0162,C011,Communication Skills,Soft Skills,2025-08-02,2025-08-05,Completed,73.0,3.0,False,SAP SF Learning
ENR001227,EMP0162,C012,Sales Techniques & CRM,Sales,2026-02-18,2026-02-28,Completed,78.0,4.0,False,SAP SF Learning
ENR001228,EMP0162,C015,AI & Machine Learning Basics,Technical,2026-03-01,2026-03-08,Completed,89.0,5.0,False,Cornerstone
ENR001229,EMP0163,C001,Data Privacy & GDPR Fundamentals,Compliance,2026-03-21,2026-05-16,Completed,85.0,2.0,True,Cornerstone
ENR001230,EMP0163,C002,Workplace Safety & Health,Compliance,2025-07-29,2025-08-23,Completed,89.0,1.5,True,Cornerstone
ENR001231,EMP0163,C003,Code of Conduct & Ethics,Compliance,2026-02-24,2026-04-15,Completed,63.0,1.0,True,SAP SF Learning
ENR001232,EMP0163,C004,Cybersecurity Awareness,Compliance,2026-03-24,2026-05-02,Completed,88.0,2.0,True,SAP SF Learning
ENR001233,EMP0163,C005,Anti-Harassment & Inclusion,Compliance,2026-03-13,2026-04-17,Completed,83.0,1.5,True,Cornerstone
ENR001234,EMP0163,C007,Azure Cloud Fundamentals,Technical,2026-02-26,2026-02-27,Completed,81.0,6.0,False,SAP SF Learning
ENR001235,EMP0163,C009,Project Management (PMP Prep),Professional,2025-06-28,2025-07-01,Completed,67.0,10.0,False,SAP SF Learning
ENR001236,EMP0163,C010,Advanced Excel & Power BI,Technical,2026-01-28,,Not Started,,5.0,False,SAP SF Learning
ENR001237,EMP0163,C011,Communication Skills,Soft Skills,2026-04-23,2026-05-11,Completed,71.0,3.0,False,SAP SF Learning
ENR001238,EMP0163,C012,Sales Techniques & CRM,Sales,2025-10-13,2025-10-16,Completed,98.0,4.0,False,Cornerstone
ENR001239,EMP0163,C013,Financial Modelling,Finance,2026-03-23,2026-04-04,Completed,65.0,6.0,False,Cornerstone
ENR001240,EMP0163,C014,Agile & Scrum Practitioner,Technical,2025-12-18,2026-01-05,Completed,82.0,4.0,False,SAP SF Learning
ENR001241,EMP0163,C015,AI & Machine Learning Basics,Technical,2026-04-26,,Not Started,,5.0,False,Cornerstone
ENR001242,EMP0164,C001,Data Privacy & GDPR Fundamentals,Compliance,2025-11-01,2025-12-10,Completed,100.0,2.0,True,Cornerstone
ENR001243,EMP0164,C002,Workplace Safety & Health,Compliance,2026-03-18,2026-05-17,Completed,100.0,1.5,True,SAP SF Learning
ENR001244,EMP0164,C003,Code of Conduct & Ethics,Compliance,2025-06-18,2025-08-05,Completed,76.0,1.0,True,Cornerstone
ENR001245,EMP0164,C004,Cybersecurity Awareness,Compliance,2025-11-24,,In Progress,,2.0,True,SAP SF Learning
ENR001246,EMP0164,C013,Financial Modelling,Finance,2025-06-11,2025-06-13,Completed,86.0,6.0,False,Cornerstone
ENR001247,EMP0165,C001,Data Privacy & GDPR Fundamentals,Compliance,2025-09-04,2025-09-25,Completed,74.0,2.0,True,Cornerstone
ENR001248,EMP0165,C002,Workplace Safety & Health,Compliance,2026-03-19,2026-05-11,Completed,89.0,1.5,True,SAP SF Learning
ENR001249,EMP0165,C003,Code of Conduct & Ethics,Compliance,2025-10-15,2025-11-15,Completed,95.0,1.0,True,Cornerstone
ENR001250,EMP0165,C004,Cybersecurity Awareness,Compliance,2025-10-11,2025-11-09,Completed,69.0,2.0,True,SAP SF Learning
ENR001251,EMP0165,C005,Anti-Harassment & Inclusion,Compliance,2025-12-20,2026-02-03,Completed,70.0,1.5,True,SAP SF Learning
ENR001252,EMP0165,C006,Python for Data Science,Technical,2026-05-06,2026-05-12,Completed,100.0,8.0,False,SAP SF Learning
ENR001253,EMP0165,C007,Azure Cloud Fundamentals,Technical,2025-08-29,,Not Started,,6.0,False,SAP SF Learning
ENR001254,EMP0165,C008,Leadership & Influence,Leadership,2026-02-26,2026-03-08,Completed,99.0,4.0,False,Cornerstone
ENR001255,EMP0165,C011,Communication Skills,Soft Skills,2026-03-25,2026-04-10,Completed,84.0,3.0,False,Cornerstone
ENR001256,EMP0165,C014,Agile & Scrum Practitioner,Technical,2025-09-29,2025-10-10,Completed,85.0,4.0,False,SAP SF Learning
ENR001257,EMP0165,C015,AI & Machine Learning Basics,Technical,2026-05-25,2026-06-15,Completed,83.0,5.0,False,Cornerstone
ENR001258,EMP0167,C001,Data Privacy & GDPR Fundamentals,Compliance,2026-03-03,,Not Started,,2.0,True,SAP SF Learning
ENR001259,EMP0167,C002,Workplace Safety & Health,Compliance,2025-11-13,2025-12-13,Completed,78.0,1.5,True,SAP SF Learning
ENR001260,EMP0167,C003,Code of Conduct & Ethics,Compliance,2026-05-14,2026-06-02,Completed,60.0,1.0,True,SAP SF Learning
ENR001261,EMP0167,C004,Cybersecurity Awareness,Compliance,2026-02-19,2026-04-19,Completed,66.0,2.0,True,SAP SF Learning
ENR001262,EMP0167,C005,Anti-Harassment & Inclusion,Compliance,2025-11-18,,Not Started,,1.5,True,Cornerstone
ENR001263,EMP0167,C008,Leadership & Influence,Leadership,2026-03-20,2026-03-22,Completed,80.0,4.0,False,Cornerstone
ENR001264,EMP0167,C012,Sales Techniques & CRM,Sales,2025-12-25,,In Progress,,4.0,False,SAP SF Learning
ENR001265,EMP0167,C015,AI & Machine Learning Basics,Technical,2025-10-01,2025-10-03,Completed,73.0,5.0,False,SAP SF Learning
ENR001266,EMP0168,C001,Data Privacy & GDPR Fundamentals,Compliance,2026-03-02,2026-03-18,Completed,71.0,2.0,True,SAP SF Learning
ENR001267,EMP0168,C002,Workplace Safety & Health,Compliance,2025-07-22,2025-09-14,Completed,81.0,1.5,True,Cornerstone
ENR001268,EMP0168,C003,Code of Conduct & Ethics,Compliance,2026-03-16,,In Progress,,1.0,True,Cornerstone
ENR001269,EMP0168,C004,Cybersecurity Awareness,Compliance,2025-11-14,,Not Started,,2.0,True,SAP SF Learning
ENR001270,EMP0168,C005,Anti-Harassment & Inclusion,Compliance,2025-11-18,,In Progress,,1.5,True,Cornerstone
ENR001271,EMP0168,C010,Advanced Excel & Power BI,Technical,2025-11-27,2025-12-05,Completed,66.0,5.0,False,Cornerstone
ENR001272,EMP0168,C013,Financial Modelling,Finance,2026-02-19,2026-04-19,Completed,75.0,6.0,False,SAP SF Learning
ENR001273,EMP0168,C014,Agile & Scrum Practitioner,Technical,2026-02-13,,Not Started,,4.0,False,SAP SF Learning
ENR001274,EMP0169,C001,Data Privacy & GDPR Fundamentals,Compliance,2026-03-04,2026-04-24,Completed,88.0,2.0,True,SAP SF Learning
ENR001275,EMP0169,C002,Workplace Safety & Health,Compliance,2026-01-26,2026-02-04,Completed,69.0,1.5,True,SAP SF Learning
ENR001276,EMP0169,C003,Code of Conduct & Ethics,Compliance,2026-05-17,2026-06-10,Completed,78.0,1.0,True,SAP SF Learning
ENR001277,EMP0169,C004,Cybersecurity Awareness,Compliance,2025-08-09,2025-08-29,Completed,90.0,2.0,True,SAP SF Learning
ENR001278,EMP0169,C005,Anti-Harassment & Inclusion,Compliance,2025-08-08,2025-09-22,Completed,68.0,1.5,True,Cornerstone
ENR001279,EMP0169,C007,Azure Cloud Fundamentals,Technical,2026-05-05,2026-05-25,Completed,69.0,6.0,False,Cornerstone
ENR001280,EMP0169,C014,Agile & Scrum Practitioner,Technical,2025-08-14,,Not Started,,4.0,False,Cornerstone
ENR001281,EMP0169,C015,AI & Machine Learning Basics,Technical,2026-02-24,,Not Started,,5.0,False,Cornerstone
ENR001282,EMP0171,C001,Data Privacy & GDPR Fundamentals,Compliance,2025-09-04,2025-10-13,Completed,67.0,2.0,True,Cornerstone
ENR001283,EMP0171,C002,Workplace Safety & Health,Compliance,2025-12-04,2026-01-14,Completed,60.0,1.5,True,Cornerstone
ENR001284,EMP0171,C003,Code of Conduct & Ethics,Compliance,2025-10-28,2025-11-23,Completed,100.0,1.0,True,Cornerstone
ENR001285,EMP0171,C005,Anti-Harassment & Inclusion,Compliance,2025-09-22,2025-10-27,Completed,94.0,1.5,True,Cornerstone
ENR001286,EMP0171,C006,Python for Data Science,Technical,2026-01-15,2026-01-31,Completed,76.0,8.0,False,Cornerstone
ENR001287,EMP0171,C009,Project Management (PMP Prep),Professional,2026-02-01,2026-02-19,Completed,65.0,10.0,False,Cornerstone
ENR001288,EMP0171,C011,Communication Skills,Soft Skills,2025-10-05,2025-10-20,Completed,75.0,3.0,False,SAP SF Learning
ENR001289,EMP0171,C013,Financial Modelling,Finance,2026-02-10,2026-03-13,Completed,67.0,6.0,False,SAP SF Learning
ENR001290,EMP0171,C014,Agile & Scrum Practitioner,Technical,2026-01-06,2026-02-14,Completed,91.0,4.0,False,SAP SF Learning
ENR001291,EMP0174,C001,Data Privacy & GDPR Fundamentals,Compliance,2025-07-22,2025-08-20,Completed,72.0,2.0,True,SAP SF Learning
ENR001292,EMP0174,C003,Code of Conduct & Ethics,Compliance,2025-11-14,2025-12-16,Completed,100.0,1.0,True,Cornerstone
ENR001293,EMP0174,C004,Cybersecurity Awareness,Compliance,2025-12-14,2026-01-25,Completed,79.0,2.0,True,SAP SF Learning
ENR001294,EMP0174,C005,Anti-Harassment & Inclusion,Compliance,2025-09-14,2025-10-28,Completed,95.0,1.5,True,SAP SF Learning
ENR001295,EMP0174,C006,Python for Data Science,Technical,2026-03-30,,Not Started,,8.0,False,Cornerstone
ENR001296,EMP0174,C008,Leadership & Influence,Leadership,2025-07-04,,Not Started,,4.0,False,Cornerstone
ENR001297,EMP0174,C009,Project Management (PMP Prep),Professional,2026-02-12,,In Progress,,10.0,False,Cornerstone
ENR001298,EMP0174,C015,AI & Machine Learning Basics,Technical,2026-04-03,2026-04-14,Completed,70.0,5.0,False,Cornerstone
ENR001299,EMP0175,C001,Data Privacy & GDPR Fundamentals,Compliance,2025-12-27,,Not Started,,2.0,True,SAP SF Learning
ENR001300,EMP0175,C002,Workplace Safety & Health,Compliance,2025-09-19,2025-11-13,Completed,79.0,1.5,True,SAP SF Learning
ENR001301,EMP0175,C003,Code of Conduct & Ethics,Compliance,2025-10-17,2025-12-10,Completed,80.0,1.0,True,SAP SF Learning
ENR001302,EMP0175,C004,Cybersecurity Awareness,Compliance,2026-01-14,2026-02-10,Completed,60.0,2.0,True,SAP SF Learning
ENR001303,EMP0175,C005,Anti-Harassment & Inclusion,Compliance,2025-11-15,2026-01-06,Completed,68.0,1.5,True,SAP SF Learning
ENR001304,EMP0175,C006,Python for Data Science,Technical,2026-03-10,2026-04-22,Completed,76.0,8.0,False,SAP SF Learning
ENR001305,EMP0175,C007,Azure Cloud Fundamentals,Technical,2025-11-22,,Not Started,,6.0,False,Cornerstone
ENR001306,EMP0175,C009,Project Management (PMP Prep),Professional,2025-07-08,2025-07-29,Completed,90.0,10.0,False,SAP SF Learning
ENR001307,EMP0175,C011,Communication Skills,Soft Skills,2026-05-28,,In Progress,,3.0,False,SAP SF Learning
ENR001308,EMP0175,C012,Sales Techniques & CRM,Sales,2025-07-02,2025-08-12,Completed,81.0,4.0,False,SAP SF Learning
ENR001309,EMP0175,C013,Financial Modelling,Finance,2025-09-27,2025-10-06,Completed,64.0,6.0,False,SAP SF Learning
ENR001310,EMP0176,C001,Data Privacy & GDPR Fundamentals,Compliance,2026-01-18,2026-01-24,Completed,88.0,2.0,True,Cornerstone
ENR001311,EMP0176,C002,Workplace Safety & Health,Compliance,2026-01-07,2026-01-24,Completed,95.0,1.5,True,SAP SF Learning
ENR001312,EMP0176,C003,Code of Conduct & Ethics,Compliance,2025-08-03,2025-08-08,Completed,80.0,1.0,True,SAP SF Learning
ENR001313,EMP0176,C004,Cybersecurity Awareness,Compliance,2025-11-29,2025-12-13,Completed,71.0,2.0,True,SAP SF Learning
ENR001314,EMP0176,C005,Anti-Harassment & Inclusion,Compliance,2025-12-05,2025-12-18,Completed,76.0,1.5,True,SAP SF Learning
ENR001315,EMP0176,C013,Financial Modelling,Finance,2026-01-04,2026-02-10,Completed,81.0,6.0,False,Cornerstone
ENR001316,EMP0176,C014,Agile & Scrum Practitioner,Technical,2026-01-12,,In Progress,,4.0,False,Cornerstone
ENR001317,EMP0176,C015,AI & Machine Learning Basics,Technical,2026-02-17,,In Progress,,5.0,False,SAP SF Learning
ENR001318,EMP0177,C001,Data Privacy & GDPR Fundamentals,Compliance,2025-12-07,2026-02-02,Completed,69.0,2.0,True,SAP SF Learning
ENR001319,EMP0177,C002,Workplace Safety & Health,Compliance,2026-02-16,2026-03-18,Completed,93.0,1.5,True,SAP SF Learning
ENR001320,EMP0177,C003,Code of Conduct & Ethics,Compliance,2025-11-12,2025-11-13,Completed,99.0,1.0,True,SAP SF Learning
ENR001321,EMP0177,C004,Cybersecurity Awareness,Compliance,2025-09-04,2025-09-14,Completed,76.0,2.0,True,Cornerstone
ENR001322,EMP0177,C005,Anti-Harassment & Inclusion,Compliance,2026-04-03,2026-05-03,Completed,72.0,1.5,True,SAP SF Learning
ENR001323,EMP0177,C007,Azure Cloud Fundamentals,Technical,2025-08-06,2025-08-18,Completed,66.0,6.0,False,Cornerstone
ENR001324,EMP0177,C009,Project Management (PMP Prep),Professional,2025-10-22,,Not Started,,10.0,False,SAP SF Learning
ENR001325,EMP0177,C010,Advanced Excel & Power BI,Technical,2025-08-26,2025-09-23,Completed,77.0,5.0,False,Cornerstone
ENR001326,EMP0177,C011,Communication Skills,Soft Skills,2025-10-25,2025-12-21,Completed,88.0,3.0,False,Cornerstone
ENR001327,EMP0177,C012,Sales Techniques & CRM,Sales,2025-11-28,,In Progress,,4.0,False,SAP SF Learning
ENR001328,EMP0177,C015,AI & Machine Learning Basics,Technical,2025-08-16,2025-09-23,Completed,93.0,5.0,False,Cornerstone
ENR001329,EMP0178,C001,Data Privacy & GDPR Fundamentals,Compliance,2025-08-29,2025-09-30,Completed,98.0,2.0,True,SAP SF Learning
ENR001330,EMP0178,C002,Workplace Safety & Health,Compliance,2025-10-10,2025-10-24,Completed,65.0,1.5,True,SAP SF Learning
ENR001331,EMP0178,C003,Code of Conduct & Ethics,Compliance,2025-12-24,2026-01-23,Completed,61.0,1.0,True,Cornerstone
ENR001332,EMP0178,C004,Cybersecurity Awareness,Compliance,2025-11-19,2026-01-13,Completed,66.0,2.0,True,SAP SF Learning
ENR001333,EMP0178,C005,Anti-Harassment & Inclusion,Compliance,2025-10-07,2025-11-04,Completed,79.0,1.5,True,Cornerstone
ENR001334,EMP0178,C006,Python for Data Science,Technical,2026-02-14,,Not Started,,8.0,False,Cornerstone
ENR001335,EMP0178,C007,Azure Cloud Fundamentals,Technical,2026-02-15,,In Progress,,6.0,False,Cornerstone
ENR001336,EMP0178,C008,Leadership & Influence,Leadership,2025-06-13,2025-06-23,Completed,68.0,4.0,False,SAP SF Learning
ENR001337,EMP0178,C009,Project Management (PMP Prep),Professional,2026-04-17,2026-06-04,Completed,78.0,10.0,False,SAP SF Learning
ENR001338,EMP0178,C011,Communication Skills,Soft Skills,2025-12-27,,In Progress,,3.0,False,SAP SF Learning
ENR001339,EMP0178,C012,Sales Techniques & CRM,Sales,2025-08-11,2025-08-25,Completed,79.0,4.0,False,SAP SF Learning
ENR001340,EMP0178,C014,Agile & Scrum Practitioner,Technical,2026-04-09,2026-04-11,Completed,90.0,4.0,False,Cornerstone
ENR001341,EMP0178,C015,AI & Machine Learning Basics,Technical,2025-11-14,2025-12-09,Completed,98.0,5.0,False,Cornerstone
ENR001342,EMP0179,C001,Data Privacy & GDPR Fundamentals,Compliance,2025-06-15,2025-06-30,Completed,65.0,2.0,True,SAP SF Learning
ENR001343,EMP0179,C003,Code of Conduct & Ethics,Compliance,2025-12-11,2026-01-07,Completed,94.0,1.0,True,SAP SF Learning
ENR001344,EMP0179,C004,Cybersecurity Awareness,Compliance,2026-01-29,2026-01-30,Completed,79.0,2.0,True,SAP SF Learning
ENR001345,EMP0179,C005,Anti-Harassment & Inclusion,Compliance,2026-05-26,2026-06-16,Completed,94.0,1.5,True,SAP SF Learning
ENR001346,EMP0179,C006,Python for Data Science,Technical,2025-07-16,2025-09-02,Completed,96.0,8.0,False,Cornerstone
ENR001347,EMP0179,C008,Leadership & Influence,Leadership,2026-02-20,2026-02-27,Completed,85.0,4.0,False,SAP SF Learning
ENR001348,EMP0179,C009,Project Management (PMP Prep),Professional,2025-09-05,2025-10-22,Completed,79.0,10.0,False,SAP SF Learning
ENR001349,EMP0179,C010,Advanced Excel & Power BI,Technical,2026-01-24,2026-03-02,Completed,77.0,5.0,False,Cornerstone
ENR001350,EMP0180,C001,Data Privacy & GDPR Fundamentals,Compliance,2026-02-10,2026-04-02,Completed,75.0,2.0,True,Cornerstone
ENR001351,EMP0180,C002,Workplace Safety & Health,Compliance,2025-06-14,2025-07-15,Completed,82.0,1.5,True,Cornerstone
ENR001352,EMP0180,C003,Code of Conduct & Ethics,Compliance,2026-04-22,,Not Started,,1.0,True,SAP SF Learning
ENR001353,EMP0180,C005,Anti-Harassment & Inclusion,Compliance,2025-09-19,2025-09-27,Completed,77.0,1.5,True,SAP SF Learning
ENR001354,EMP0180,C013,Financial Modelling,Finance,2025-12-04,,In Progress,,6.0,False,SAP SF Learning
ENR001355,EMP0181,C001,Data Privacy & GDPR Fundamentals,Compliance,2026-05-12,,In Progress,,2.0,True,SAP SF Learning
ENR001356,EMP0181,C002,Workplace Safety & Health,Compliance,2026-05-19,,In Progress,,1.5,True,Cornerstone
ENR001357,EMP0181,C003,Code of Conduct & Ethics,Compliance,2025-09-03,2025-09-16,Completed,82.0,1.0,True,Cornerstone
ENR001358,EMP0181,C004,Cybersecurity Awareness,Compliance,2026-01-01,2026-02-22,Completed,94.0,2.0,True,SAP SF Learning
ENR001359,EMP0181,C005,Anti-Harassment & Inclusion,Compliance,2026-03-05,,In Progress,,1.5,True,SAP SF Learning
ENR001360,EMP0181,C009,Project Management (PMP Prep),Professional,2026-02-01,2026-02-14,Completed,77.0,10.0,False,Cornerstone
ENR001361,EMP0181,C013,Financial Modelling,Finance,2026-06-08,2026-06-13,Completed,76.0,6.0,False,SAP SF Learning
ENR001362,EMP0181,C015,AI & Machine Learning Basics,Technical,2026-03-29,2026-04-08,Completed,90.0,5.0,False,Cornerstone
ENR001363,EMP0182,C001,Data Privacy & GDPR Fundamentals,Compliance,2026-04-18,,In Progress,,2.0,True,SAP SF Learning
ENR001364,EMP0182,C002,Workplace Safety & Health,Compliance,2026-02-15,2026-03-25,Completed,72.0,1.5,True,Cornerstone
ENR001365,EMP0182,C003,Code of Conduct & Ethics,Compliance,2025-07-06,2025-07-24,Completed,68.0,1.0,True,SAP SF Learning
ENR001366,EMP0182,C004,Cybersecurity Awareness,Compliance,2026-03-23,2026-05-06,Completed,69.0,2.0,True,Cornerstone
ENR001367,EMP0182,C005,Anti-Harassment & Inclusion,Compliance,2026-02-25,2026-03-18,Completed,60.0,1.5,True,Cornerstone
ENR001368,EMP0182,C009,Project Management (PMP Prep),Professional,2026-02-01,2026-02-06,Completed,81.0,10.0,False,SAP SF Learning
ENR001369,EMP0182,C010,Advanced Excel & Power BI,Technical,2026-04-30,,In Progress,,5.0,False,SAP SF Learning
ENR001370,EMP0182,C011,Communication Skills,Soft Skills,2026-03-12,,Not Started,,3.0,False,SAP SF Learning
ENR001371,EMP0182,C012,Sales Techniques & CRM,Sales,2026-03-20,,Not Started,,4.0,False,Cornerstone
ENR001372,EMP0183,C001,Data Privacy & GDPR Fundamentals,Compliance,2025-09-26,2025-11-12,Completed,77.0,2.0,True,SAP SF Learning
ENR001373,EMP0183,C002,Workplace Safety & Health,Compliance,2025-10-15,2025-12-08,Completed,76.0,1.5,True,SAP SF Learning
ENR001374,EMP0183,C003,Code of Conduct & Ethics,Compliance,2025-07-18,2025-08-19,Completed,75.0,1.0,True,SAP SF Learning
ENR001375,EMP0183,C004,Cybersecurity Awareness,Compliance,2025-11-24,2025-12-01,Completed,91.0,2.0,True,SAP SF Learning
ENR001376,EMP0183,C005,Anti-Harassment & Inclusion,Compliance,2026-05-13,,Not Started,,1.5,True,Cornerstone
ENR001377,EMP0183,C008,Leadership & Influence,Leadership,2026-04-02,2026-05-10,Completed,98.0,4.0,False,SAP SF Learning
ENR001378,EMP0183,C012,Sales Techniques & CRM,Sales,2025-11-11,,Not Started,,4.0,False,Cornerstone
ENR001379,EMP0183,C013,Financial Modelling,Finance,2026-02-09,,In Progress,,6.0,False,SAP SF Learning
ENR001380,EMP0184,C001,Data Privacy & GDPR Fundamentals,Compliance,2026-04-23,2026-05-16,Completed,75.0,2.0,True,SAP SF Learning
ENR001381,EMP0184,C002,Workplace Safety & Health,Compliance,2025-06-28,2025-08-12,Completed,100.0,1.5,True,SAP SF Learning
ENR001382,EMP0184,C003,Code of Conduct & Ethics,Compliance,2025-08-10,2025-09-29,Completed,95.0,1.0,True,SAP SF Learning
ENR001383,EMP0184,C004,Cybersecurity Awareness,Compliance,2026-03-29,2026-05-21,Completed,71.0,2.0,True,SAP SF Learning
ENR001384,EMP0184,C005,Anti-Harassment & Inclusion,Compliance,2025-10-17,2025-11-21,Completed,74.0,1.5,True,SAP SF Learning
ENR001385,EMP0184,C006,Python for Data Science,Technical,2026-03-16,2026-04-11,Completed,80.0,8.0,False,SAP SF Learning
ENR001386,EMP0184,C009,Project Management (PMP Prep),Professional,2025-11-26,,In Progress,,10.0,False,Cornerstone
ENR001387,EMP0184,C010,Advanced Excel & Power BI,Technical,2026-01-21,2026-02-23,Completed,95.0,5.0,False,SAP SF Learning
ENR001388,EMP0184,C011,Communication Skills,Soft Skills,2025-11-11,,In Progress,,3.0,False,Cornerstone
ENR001389,EMP0184,C014,Agile & Scrum Practitioner,Technical,2025-10-19,2025-11-14,Completed,68.0,4.0,False,SAP SF Learning
ENR001390,EMP0185,C001,Data Privacy & GDPR Fundamentals,Compliance,2026-05-20,2026-06-29,Completed,96.0,2.0,True,Cornerstone
ENR001391,EMP0185,C002,Workplace Safety & Health,Compliance,2025-09-04,2025-09-07,Completed,75.0,1.5,True,Cornerstone
ENR001392,EMP0185,C003,Code of Conduct & Ethics,Compliance,2025-09-23,2025-10-08,Completed,74.0,1.0,True,Cornerstone
ENR001393,EMP0185,C004,Cybersecurity Awareness,Compliance,2025-11-27,2025-12-11,Completed,69.0,2.0,True,Cornerstone
ENR001394,EMP0185,C005,Anti-Harassment & Inclusion,Compliance,2025-06-17,,Not Started,,1.5,True,SAP SF Learning
ENR001395,EMP0185,C007,Azure Cloud Fundamentals,Technical,2026-05-04,2026-05-30,Completed,100.0,6.0,False,SAP SF Learning
ENR001396,EMP0185,C012,Sales Techniques & CRM,Sales,2026-03-05,2026-04-30,Completed,75.0,4.0,False,Cornerstone
ENR001397,EMP0185,C015,AI & Machine Learning Basics,Technical,2026-04-26,,Not Started,,5.0,False,Cornerstone
ENR001398,EMP0186,C001,Data Privacy & GDPR Fundamentals,Compliance,2026-01-18,2026-02-17,Completed,99.0,2.0,True,SAP SF Learning
ENR001399,EMP0186,C002,Workplace Safety & Health,Compliance,2025-11-25,2025-12-06,Completed,61.0,1.5,True,SAP SF Learning
ENR001400,EMP0186,C003,Code of Conduct & Ethics,Compliance,2025-07-01,,Not Started,,1.0,True,Cornerstone
ENR001401,EMP0186,C004,Cybersecurity Awareness,Compliance,2025-10-25,2025-12-11,Completed,77.0,2.0,True,SAP SF Learning
ENR001402,EMP0186,C005,Anti-Harassment & Inclusion,Compliance,2026-03-19,2026-04-27,Completed,91.0,1.5,True,SAP SF Learning
ENR001403,EMP0186,C007,Azure Cloud Fundamentals,Technical,2025-12-02,2026-01-16,Completed,79.0,6.0,False,SAP SF Learning
ENR001404,EMP0186,C009,Project Management (PMP Prep),Professional,2026-04-03,2026-05-17,Completed,97.0,10.0,False,SAP SF Learning
ENR001405,EMP0186,C013,Financial Modelling,Finance,2025-11-17,,In Progress,,6.0,False,Cornerstone
ENR001406,EMP0187,C001,Data Privacy & GDPR Fundamentals,Compliance,2026-06-05,2026-06-13,Completed,81.0,2.0,True,Cornerstone
ENR001407,EMP0187,C002,Workplace Safety & Health,Compliance,2025-11-13,2025-12-27,Completed,84.0,1.5,True,SAP SF Learning
ENR001408,EMP0187,C003,Code of Conduct & Ethics,Compliance,2025-12-10,2026-01-01,Completed,71.0,1.0,True,Cornerstone
ENR001409,EMP0187,C004,Cybersecurity Awareness,Compliance,2025-08-17,2025-10-13,Completed,76.0,2.0,True,SAP SF Learning
ENR001410,EMP0187,C005,Anti-Harassment & Inclusion,Compliance,2025-09-18,2025-10-03,Completed,82.0,1.5,True,Cornerstone
ENR001411,EMP0187,C007,Azure Cloud Fundamentals,Technical,2026-01-30,2026-03-07,Completed,63.0,6.0,False,SAP SF Learning
ENR001412,EMP0187,C008,Leadership & Influence,Leadership,2025-12-31,2026-01-21,Completed,84.0,4.0,False,SAP SF Learning
ENR001413,EMP0187,C011,Communication Skills,Soft Skills,2026-02-05,2026-03-12,Completed,73.0,3.0,False,SAP SF Learning
ENR001414,EMP0189,C001,Data Privacy & GDPR Fundamentals,Compliance,2026-04-21,2026-04-23,Completed,99.0,2.0,True,Cornerstone
ENR001415,EMP0189,C002,Workplace Safety & Health,Compliance,2026-05-20,,In Progress,,1.5,True,SAP SF Learning
ENR001416,EMP0189,C003,Code of Conduct & Ethics,Compliance,2025-07-21,2025-08-02,Completed,97.0,1.0,True,Cornerstone
ENR001417,EMP0189,C004,Cybersecurity Awareness,Compliance,2025-12-19,2025-12-29,Completed,99.0,2.0,True,SAP SF Learning
ENR001418,EMP0189,C005,Anti-Harassment & Inclusion,Compliance,2026-06-05,2026-07-29,Completed,84.0,1.5,True,SAP SF Learning
ENR001419,EMP0189,C006,Python for Data Science,Technical,2025-07-04,2025-07-28,Completed,69.0,8.0,False,Cornerstone
ENR001420,EMP0189,C007,Azure Cloud Fundamentals,Technical,2026-04-13,2026-05-06,Completed,63.0,6.0,False,SAP SF Learning
ENR001421,EMP0189,C011,Communication Skills,Soft Skills,2025-12-31,2026-02-14,Completed,94.0,3.0,False,SAP SF Learning
ENR001422,EMP0189,C013,Financial Modelling,Finance,2026-04-02,2026-05-13,Completed,87.0,6.0,False,SAP SF Learning
ENR001423,EMP0189,C014,Agile & Scrum Practitioner,Technical,2025-06-18,2025-07-09,Completed,95.0,4.0,False,SAP SF Learning
ENR001424,EMP0189,C015,AI & Machine Learning Basics,Technical,2026-04-10,,In Progress,,5.0,False,Cornerstone
ENR001425,EMP0190,C001,Data Privacy & GDPR Fundamentals,Compliance,2025-07-14,2025-08-21,Completed,96.0,2.0,True,Cornerstone
ENR001426,EMP0190,C002,Workplace Safety & Health,Compliance,2026-03-23,2026-03-25,Completed,63.0,1.5,True,SAP SF Learning
ENR001427,EMP0190,C003,Code of Conduct & Ethics,Compliance,2025-10-24,,In Progress,,1.0,True,SAP SF Learning
ENR001428,EMP0190,C004,Cybersecurity Awareness,Compliance,2025-12-29,2026-01-31,Completed,83.0,2.0,True,Cornerstone
ENR001429,EMP0190,C005,Anti-Harassment & Inclusion,Compliance,2025-07-17,2025-07-29,Completed,74.0,1.5,True,SAP SF Learning
ENR001430,EMP0190,C006,Python for Data Science,Technical,2025-08-28,2025-10-07,Completed,60.0,8.0,False,Cornerstone
ENR001431,EMP0190,C007,Azure Cloud Fundamentals,Technical,2026-03-04,2026-03-23,Completed,60.0,6.0,False,Cornerstone
ENR001432,EMP0190,C009,Project Management (PMP Prep),Professional,2025-11-07,,Not Started,,10.0,False,SAP SF Learning
ENR001433,EMP0190,C010,Advanced Excel & Power BI,Technical,2025-09-13,,Not Started,,5.0,False,SAP SF Learning
ENR001434,EMP0190,C012,Sales Techniques & CRM,Sales,2026-05-16,,Not Started,,4.0,False,SAP SF Learning
ENR001435,EMP0190,C013,Financial Modelling,Finance,2025-11-17,2026-01-10,Completed,72.0,6.0,False,SAP SF Learning
ENR001436,EMP0190,C014,Agile & Scrum Practitioner,Technical,2026-03-05,2026-04-19,Completed,88.0,4.0,False,Cornerstone
ENR001437,EMP0190,C015,AI & Machine Learning Basics,Technical,2026-02-12,2026-02-23,Completed,91.0,5.0,False,Cornerstone
ENR001438,EMP0192,C001,Data Privacy & GDPR Fundamentals,Compliance,2025-10-14,2025-12-01,Completed,76.0,2.0,True,SAP SF Learning
ENR001439,EMP0192,C002,Workplace Safety & Health,Compliance,2025-09-28,2025-11-04,Completed,76.0,1.5,True,Cornerstone
ENR001440,EMP0192,C003,Code of Conduct & Ethics,Compliance,2025-11-09,2026-01-05,Completed,72.0,1.0,True,Cornerstone
ENR001441,EMP0192,C004,Cybersecurity Awareness,Compliance,2025-12-19,2026-01-22,Completed,62.0,2.0,True,SAP SF Learning
ENR001442,EMP0192,C005,Anti-Harassment & Inclusion,Compliance,2025-07-22,2025-09-14,Completed,84.0,1.5,True,Cornerstone
ENR001443,EMP0192,C010,Advanced Excel & Power BI,Technical,2025-08-21,,Not Started,,5.0,False,Cornerstone
ENR001444,EMP0192,C013,Financial Modelling,Finance,2025-08-26,,In Progress,,6.0,False,SAP SF Learning
ENR001445,EMP0192,C015,AI & Machine Learning Basics,Technical,2026-02-08,2026-03-23,Completed,88.0,5.0,False,Cornerstone
ENR001446,EMP0193,C001,Data Privacy & GDPR Fundamentals,Compliance,2025-07-06,2025-08-14,Completed,93.0,2.0,True,SAP SF Learning
ENR001447,EMP0193,C002,Workplace Safety & Health,Compliance,2025-08-04,2025-08-25,Completed,63.0,1.5,True,Cornerstone
ENR001448,EMP0193,C003,Code of Conduct & Ethics,Compliance,2025-11-15,2025-11-17,Completed,99.0,1.0,True,Cornerstone
ENR001449,EMP0193,C004,Cybersecurity Awareness,Compliance,2025-10-12,2025-10-22,Completed,66.0,2.0,True,Cornerstone
ENR001450,EMP0193,C005,Anti-Harassment & Inclusion,Compliance,2025-06-10,2025-08-02,Completed,84.0,1.5,True,Cornerstone
ENR001451,EMP0193,C014,Agile & Scrum Practitioner,Technical,2026-05-24,2026-06-28,Completed,83.0,4.0,False,Cornerstone
ENR001452,EMP0194,C001,Data Privacy & GDPR Fundamentals,Compliance,2025-11-07,,In Progress,,2.0,True,SAP SF Learning
ENR001453,EMP0194,C002,Workplace Safety & Health,Compliance,2025-11-24,2025-12-04,Completed,62.0,1.5,True,SAP SF Learning
ENR001454,EMP0194,C003,Code of Conduct & Ethics,Compliance,2026-05-17,2026-06-01,Completed,85.0,1.0,True,Cornerstone
ENR001455,EMP0194,C004,Cybersecurity Awareness,Compliance,2025-10-24,2025-11-19,Completed,86.0,2.0,True,SAP SF Learning
ENR001456,EMP0194,C005,Anti-Harassment & Inclusion,Compliance,2025-12-02,2025-12-27,Completed,89.0,1.5,True,SAP SF Learning
ENR001457,EMP0194,C013,Financial Modelling,Finance,2025-11-09,2025-11-16,Completed,94.0,6.0,False,SAP SF Learning
ENR001458,EMP0195,C001,Data Privacy & GDPR Fundamentals,Compliance,2025-09-01,2025-10-28,Completed,70.0,2.0,True,SAP SF Learning
ENR001459,EMP0195,C002,Workplace Safety & Health,Compliance,2025-11-24,2025-12-23,Completed,61.0,1.5,True,Cornerstone
ENR001460,EMP0195,C003,Code of Conduct & Ethics,Compliance,2026-02-23,2026-04-12,Completed,96.0,1.0,True,Cornerstone
ENR001461,EMP0195,C004,Cybersecurity Awareness,Compliance,2026-01-18,2026-01-31,Completed,69.0,2.0,True,SAP SF Learning
ENR001462,EMP0195,C005,Anti-Harassment & Inclusion,Compliance,2025-09-12,,In Progress,,1.5,True,SAP SF Learning
ENR001463,EMP0195,C009,Project Management (PMP Prep),Professional,2025-06-12,,In Progress,,10.0,False,SAP SF Learning
ENR001464,EMP0195,C010,Advanced Excel & Power BI,Technical,2026-05-25,2026-07-12,Completed,69.0,5.0,False,Cornerstone
ENR001465,EMP0195,C011,Communication Skills,Soft Skills,2026-02-06,,Not Started,,3.0,False,SAP SF Learning
ENR001466,EMP0195,C012,Sales Techniques & CRM,Sales,2025-10-05,2025-11-10,Completed,70.0,4.0,False,Cornerstone
ENR001467,EMP0195,C013,Financial Modelling,Finance,2026-05-28,,In Progress,,6.0,False,SAP SF Learning
ENR001468,EMP0195,C014,Agile & Scrum Practitioner,Technical,2026-05-04,,In Progress,,4.0,False,Cornerstone
ENR001469,EMP0195,C015,AI & Machine Learning Basics,Technical,2025-06-24,2025-07-19,Completed,90.0,5.0,False,SAP SF Learning
ENR001470,EMP0196,C001,Data Privacy & GDPR Fundamentals,Compliance,2026-04-03,2026-05-18,Completed,83.0,2.0,True,SAP SF Learning
ENR001471,EMP0196,C002,Workplace Safety & Health,Compliance,2025-08-19,2025-08-21,Completed,91.0,1.5,True,SAP SF Learning
ENR001472,EMP0196,C003,Code of Conduct & Ethics,Compliance,2025-07-12,,In Progress,,1.0,True,Cornerstone
ENR001473,EMP0196,C004,Cybersecurity Awareness,Compliance,2025-10-04,2025-12-02,Completed,69.0,2.0,True,Cornerstone
ENR001474,EMP0196,C007,Azure Cloud Fundamentals,Technical,2026-03-12,,In Progress,,6.0,False,SAP SF Learning
ENR001475,EMP0196,C010,Advanced Excel & Power BI,Technical,2026-05-06,2026-06-08,Completed,77.0,5.0,False,Cornerstone
ENR001476,EMP0196,C014,Agile & Scrum Practitioner,Technical,2026-03-27,,Not Started,,4.0,False,Cornerstone
ENR001477,EMP0196,C015,AI & Machine Learning Basics,Technical,2026-05-14,,In Progress,,5.0,False,Cornerstone
ENR001478,EMP0197,C001,Data Privacy & GDPR Fundamentals,Compliance,2025-08-26,,Not Started,,2.0,True,SAP SF Learning
ENR001479,EMP0197,C002,Workplace Safety & Health,Compliance,2026-02-25,2026-03-22,Completed,81.0,1.5,True,SAP SF Learning
ENR001480,EMP0197,C003,Code of Conduct & Ethics,Compliance,2026-05-07,,Not Started,,1.0,True,SAP SF Learning
ENR001481,EMP0197,C004,Cybersecurity Awareness,Compliance,2025-07-30,,Not Started,,2.0,True,Cornerstone
ENR001482,EMP0197,C005,Anti-Harassment & Inclusion,Compliance,2025-09-21,2025-10-20,Completed,65.0,1.5,True,SAP SF Learning
ENR001483,EMP0197,C007,Azure Cloud Fundamentals,Technical,2026-04-01,2026-04-06,Completed,71.0,6.0,False,SAP SF Learning
ENR001484,EMP0197,C009,Project Management (PMP Prep),Professional,2025-07-08,2025-07-09,Completed,81.0,10.0,False,Cornerstone
ENR001485,EMP0197,C011,Communication Skills,Soft Skills,2026-05-14,2026-06-26,Completed,66.0,3.0,False,Cornerstone
ENR001486,EMP0197,C012,Sales Techniques & CRM,Sales,2026-06-01,,In Progress,,4.0,False,Cornerstone
ENR001487,EMP0197,C015,AI & Machine Learning Basics,Technical,2025-07-10,2025-08-20,Completed,93.0,5.0,False,Cornerstone
ENR001488,EMP0198,C001,Data Privacy & GDPR Fundamentals,Compliance,2025-08-25,2025-09-26,Completed,98.0,2.0,True,Cornerstone
ENR001489,EMP0198,C002,Workplace Safety & Health,Compliance,2026-03-20,2026-05-15,Completed,63.0,1.5,True,SAP SF Learning
ENR001490,EMP0198,C003,Code of Conduct & Ethics,Compliance,2025-06-11,2025-06-24,Completed,76.0,1.0,True,Cornerstone
ENR001491,EMP0198,C004,Cybersecurity Awareness,Compliance,2026-01-18,,In Progress,,2.0,True,Cornerstone
ENR001492,EMP0198,C005,Anti-Harassment & Inclusion,Compliance,2026-05-05,2026-05-20,Completed,70.0,1.5,True,SAP SF Learning
ENR001493,EMP0198,C011,Communication Skills,Soft Skills,2026-03-29,2026-04-02,Completed,64.0,3.0,False,SAP SF Learning
ENR001494,EMP0198,C015,AI & Machine Learning Basics,Technical,2026-03-25,,Not Started,,5.0,False,SAP SF Learning
ENR001495,EMP0199,C001,Data Privacy & GDPR Fundamentals,Compliance,2026-01-30,2026-02-04,Completed,96.0,2.0,True,SAP SF Learning
ENR001496,EMP0199,C002,Workplace Safety & Health,Compliance,2025-10-11,2025-11-28,Completed,90.0,1.5,True,SAP SF Learning
ENR001497,EMP0199,C003,Code of Conduct & Ethics,Compliance,2026-04-01,2026-05-06,Completed,72.0,1.0,True,Cornerstone
ENR001498,EMP0199,C004,Cybersecurity Awareness,Compliance,2025-06-26,2025-07-23,Completed,89.0,2.0,True,SAP SF Learning
ENR001499,EMP0199,C005,Anti-Harassment & Inclusion,Compliance,2026-04-14,2026-05-10,Completed,89.0,1.5,True,SAP SF Learning
ENR001500,EMP0199,C006,Python for Data Science,Technical,2026-03-27,2026-03-29,Completed,68.0,8.0,False,SAP SF Learning
ENR001501,EMP0199,C010,Advanced Excel & Power BI,Technical,2025-08-19,2025-08-21,Completed,85.0,5.0,False,SAP SF Learning
ENR001502,EMP0199,C014,Agile & Scrum Practitioner,Technical,2025-12-15,,Not Started,,4.0,False,SAP SF Learning
ENR001503,EMP0200,C001,Data Privacy & GDPR Fundamentals,Compliance,2026-02-23,2026-03-02,Completed,64.0,2.0,True,SAP SF Learning
ENR001504,EMP0200,C002,Workplace Safety & Health,Compliance,2026-01-31,2026-02-16,Completed,93.0,1.5,True,SAP SF Learning
ENR001505,EMP0200,C003,Code of Conduct & Ethics,Compliance,2025-11-18,2025-12-08,Completed,100.0,1.0,True,Cornerstone
ENR001506,EMP0200,C004,Cybersecurity Awareness,Compliance,2025-10-08,2025-11-05,Completed,99.0,2.0,True,Cornerstone
ENR001507,EMP0200,C005,Anti-Harassment & Inclusion,Compliance,2026-01-01,2026-02-17,Completed,83.0,1.5,True,Cornerstone
ENR001508,EMP0200,C008,Leadership & Influence,Leadership,2025-10-14,,Not Started,,4.0,False,SAP SF Learning
ENR001509,EMP0200,C009,Project Management (PMP Prep),Professional,2026-01-19,,In Progress,,10.0,False,Cornerstone
ENR001510,EMP0200,C013,Financial Modelling,Finance,2026-01-14,2026-01-16,Completed,80.0,6.0,False,Cornerstone
ENR001511,EMP0200,C014,Agile & Scrum Practitioner,Technical,2025-10-12,2025-11-13,Completed,89.0,4.0,False,SAP SF Learning
ENR001512,EMP0201,C001,Data Privacy & GDPR Fundamentals,Compliance,2026-04-04,2026-04-14,Completed,83.0,2.0,True,Cornerstone
ENR001513,EMP0201,C002,Workplace Safety & Health,Compliance,2025-09-04,2025-09-25,Completed,82.0,1.5,True,SAP SF Learning
ENR001514,EMP0201,C003,Code of Conduct & Ethics,Compliance,2026-04-09,2026-04-30,Completed,91.0,1.0,True,SAP SF Learning
ENR001515,EMP0201,C004,Cybersecurity Awareness,Compliance,2026-01-03,2026-02-24,Completed,72.0,2.0,True,Cornerstone
ENR001516,EMP0201,C005,Anti-Harassment & Inclusion,Compliance,2025-07-03,2025-07-16,Completed,93.0,1.5,True,SAP SF Learning
ENR001517,EMP0201,C008,Leadership & Influence,Leadership,2025-10-02,2025-11-13,Completed,86.0,4.0,False,Cornerstone
ENR001518,EMP0201,C010,Advanced Excel & Power BI,Technical,2025-11-04,2025-12-13,Completed,88.0,5.0,False,SAP SF Learning
ENR001519,EMP0201,C013,Financial Modelling,Finance,2025-07-29,2025-07-31,Completed,67.0,6.0,False,Cornerstone
ENR001520,EMP0201,C014,Agile & Scrum Practitioner,Technical,2025-10-30,2025-12-23,Completed,84.0,4.0,False,Cornerstone
ENR001521,EMP0202,C001,Data Privacy & GDPR Fundamentals,Compliance,2025-10-14,2025-12-02,Completed,62.0,2.0,True,SAP SF Learning
ENR001522,EMP0202,C002,Workplace Safety & Health,Compliance,2026-03-30,2026-05-26,Completed,92.0,1.5,True,Cornerstone
ENR001523,EMP0202,C003,Code of Conduct & Ethics,Compliance,2026-03-13,2026-03-18,Completed,64.0,1.0,True,Cornerstone
ENR001524,EMP0202,C004,Cybersecurity Awareness,Compliance,2025-12-29,2026-02-13,Completed,75.0,2.0,True,Cornerstone
ENR001525,EMP0202,C005,Anti-Harassment & Inclusion,Compliance,2025-10-26,2025-11-22,Completed,81.0,1.5,True,Cornerstone
ENR001526,EMP0202,C008,Leadership & Influence,Leadership,2026-04-25,2026-05-09,Completed,88.0,4.0,False,Cornerstone
ENR001527,EMP0202,C010,Advanced Excel & Power BI,Technical,2026-02-14,,In Progress,,5.0,False,Cornerstone
ENR001528,EMP0202,C012,Sales Techniques & CRM,Sales,2026-03-31,2026-04-10,Completed,68.0,4.0,False,SAP SF Learning
ENR001529,EMP0202,C014,Agile & Scrum Practitioner,Technical,2026-04-02,2026-04-04,Completed,86.0,4.0,False,Cornerstone
ENR001530,EMP0203,C001,Data Privacy & GDPR Fundamentals,Compliance,2026-01-21,2026-02-13,Completed,65.0,2.0,True,SAP SF Learning
ENR001531,EMP0203,C002,Workplace Safety & Health,Compliance,2026-04-27,2026-05-11,Completed,69.0,1.5,True,Cornerstone
ENR001532,EMP0203,C003,Code of Conduct & Ethics,Compliance,2026-03-25,2026-04-12,Completed,95.0,1.0,True,SAP SF Learning
ENR001533,EMP0203,C004,Cybersecurity Awareness,Compliance,2025-08-10,2025-09-28,Completed,98.0,2.0,True,SAP SF Learning
ENR001534,EMP0203,C005,Anti-Harassment & Inclusion,Compliance,2025-10-14,,Not Started,,1.5,True,Cornerstone
ENR001535,EMP0203,C006,Python for Data Science,Technical,2025-11-29,,Not Started,,8.0,False,Cornerstone
ENR001536,EMP0203,C007,Azure Cloud Fundamentals,Technical,2026-04-17,2026-06-16,Completed,73.0,6.0,False,Cornerstone
ENR001537,EMP0203,C012,Sales Techniques & CRM,Sales,2026-05-21,,Not Started,,4.0,False,Cornerstone
ENR001538,EMP0203,C013,Financial Modelling,Finance,2025-09-01,,Not Started,,6.0,False,Cornerstone
ENR001539,EMP0203,C015,AI & Machine Learning Basics,Technical,2025-11-08,,In Progress,,5.0,False,SAP SF Learning
ENR001540,EMP0204,C001,Data Privacy & GDPR Fundamentals,Compliance,2026-01-27,2026-03-11,Completed,75.0,2.0,True,Cornerstone
ENR001541,EMP0204,C002,Workplace Safety & Health,Compliance,2026-05-18,2026-05-20,Completed,99.0,1.5,True,Cornerstone
ENR001542,EMP0204,C003,Code of Conduct & Ethics,Compliance,2025-09-24,,Not Started,,1.0,True,SAP SF Learning
ENR001543,EMP0204,C004,Cybersecurity Awareness,Compliance,2026-01-16,,In Progress,,2.0,True,Cornerstone
ENR001544,EMP0204,C005,Anti-Harassment & Inclusion,Compliance,2026-02-15,2026-03-15,Completed,83.0,1.5,True,Cornerstone
ENR001545,EMP0204,C007,Azure Cloud Fundamentals,Technical,2025-07-26,2025-08-12,Completed,89.0,6.0,False,Cornerstone
ENR001546,EMP0204,C011,Communication Skills,Soft Skills,2026-03-17,2026-05-12,Completed,97.0,3.0,False,SAP SF Learning
ENR001547,EMP0204,C014,Agile & Scrum Practitioner,Technical,2026-02-27,2026-03-02,Completed,91.0,4.0,False,SAP SF Learning
ENR001548,EMP0204,C015,AI & Machine Learning Basics,Technical,2025-06-14,2025-06-17,Completed,64.0,5.0,False,SAP SF Learning
ENR001549,EMP0205,C001,Data Privacy & GDPR Fundamentals,Compliance,2026-03-15,2026-05-06,Completed,77.0,2.0,True,Cornerstone
ENR001550,EMP0205,C002,Workplace Safety & Health,Compliance,2026-05-14,2026-06-28,Completed,88.0,1.5,True,Cornerstone
ENR001551,EMP0205,C004,Cybersecurity Awareness,Compliance,2026-01-14,2026-02-11,Completed,95.0,2.0,True,SAP SF Learning
ENR001552,EMP0205,C005,Anti-Harassment & Inclusion,Compliance,2026-03-14,2026-03-18,Completed,78.0,1.5,True,SAP SF Learning
ENR001553,EMP0205,C007,Azure Cloud Fundamentals,Technical,2025-11-01,,Not Started,,6.0,False,Cornerstone
ENR001554,EMP0205,C011,Communication Skills,Soft Skills,2026-02-25,,Not Started,,3.0,False,SAP SF Learning
ENR001555,EMP0205,C014,Agile & Scrum Practitioner,Technical,2025-12-07,2026-01-11,Completed,70.0,4.0,False,Cornerstone
ENR001556,EMP0206,C002,Workplace Safety & Health,Compliance,2025-10-20,2025-12-13,Completed,70.0,1.5,True,Cornerstone
ENR001557,EMP0206,C004,Cybersecurity Awareness,Compliance,2026-04-25,2026-05-01,Completed,86.0,2.0,True,Cornerstone
ENR001558,EMP0206,C007,Azure Cloud Fundamentals,Technical,2026-01-09,,In Progress,,6.0,False,Cornerstone
ENR001559,EMP0206,C009,Project Management (PMP Prep),Professional,2026-04-30,,Not Started,,10.0,False,SAP SF Learning
ENR001560,EMP0206,C014,Agile & Scrum Practitioner,Technical,2025-06-09,,In Progress,,4.0,False,SAP SF Learning
ENR001561,EMP0206,C015,AI & Machine Learning Basics,Technical,2025-10-06,2025-11-01,Completed,79.0,5.0,False,Cornerstone
ENR001562,EMP0207,C001,Data Privacy & GDPR Fundamentals,Compliance,2025-07-17,,In Progress,,2.0,True,Cornerstone
ENR001563,EMP0207,C002,Workplace Safety & Health,Compliance,2025-10-02,2025-10-14,Completed,64.0,1.5,True,Cornerstone
ENR001564,EMP0207,C003,Code of Conduct & Ethics,Compliance,2025-07-25,2025-08-17,Completed,85.0,1.0,True,Cornerstone
ENR001565,EMP0207,C004,Cybersecurity Awareness,Compliance,2025-10-04,2025-10-28,Completed,73.0,2.0,True,SAP SF Learning
ENR001566,EMP0207,C005,Anti-Harassment & Inclusion,Compliance,2026-01-24,,In Progress,,1.5,True,SAP SF Learning
ENR001567,EMP0207,C006,Python for Data Science,Technical,2025-10-24,2025-12-08,Completed,90.0,8.0,False,SAP SF Learning
ENR001568,EMP0207,C012,Sales Techniques & CRM,Sales,2025-09-15,2025-09-21,Completed,75.0,4.0,False,Cornerstone
ENR001569,EMP0208,C001,Data Privacy & GDPR Fundamentals,Compliance,2026-05-07,2026-06-16,Completed,86.0,2.0,True,Cornerstone
ENR001570,EMP0208,C002,Workplace Safety & Health,Compliance,2025-07-29,2025-09-11,Completed,61.0,1.5,True,SAP SF Learning
ENR001571,EMP0208,C003,Code of Conduct & Ethics,Compliance,2025-08-18,2025-10-02,Completed,96.0,1.0,True,SAP SF Learning
ENR001572,EMP0208,C004,Cybersecurity Awareness,Compliance,2026-01-03,2026-01-07,Completed,76.0,2.0,True,Cornerstone
ENR001573,EMP0208,C005,Anti-Harassment & Inclusion,Compliance,2025-12-17,2026-01-15,Completed,78.0,1.5,True,Cornerstone
ENR001574,EMP0208,C008,Leadership & Influence,Leadership,2025-12-13,2025-12-14,Completed,84.0,4.0,False,Cornerstone
ENR001575,EMP0208,C009,Project Management (PMP Prep),Professional,2025-08-19,2025-10-14,Completed,97.0,10.0,False,SAP SF Learning
ENR001576,EMP0208,C012,Sales Techniques & CRM,Sales,2026-03-24,,In Progress,,4.0,False,SAP SF Learning
ENR001577,EMP0208,C015,AI & Machine Learning Basics,Technical,2026-01-06,2026-02-06,Completed,62.0,5.0,False,SAP SF Learning
ENR001578,EMP0210,C001,Data Privacy & GDPR Fundamentals,Compliance,2026-03-09,2026-03-14,Completed,65.0,2.0,True,SAP SF Learning
ENR001579,EMP0210,C002,Workplace Safety & Health,Compliance,2026-02-22,2026-03-20,Completed,92.0,1.5,True,Cornerstone
ENR001580,EMP0210,C003,Code of Conduct & Ethics,Compliance,2026-05-15,2026-05-17,Completed,70.0,1.0,True,Cornerstone
ENR001581,EMP0210,C004,Cybersecurity Awareness,Compliance,2026-02-22,2026-04-06,Completed,94.0,2.0,True,SAP SF Learning
ENR001582,EMP0210,C005,Anti-Harassment & Inclusion,Compliance,2025-12-12,2026-02-01,Completed,71.0,1.5,True,SAP SF Learning
ENR001583,EMP0210,C006,Python for Data Science,Technical,2025-08-27,2025-09-05,Completed,85.0,8.0,False,Cornerstone
ENR001584,EMP0210,C011,Communication Skills,Soft Skills,2025-12-13,,In Progress,,3.0,False,SAP SF Learning
ENR001585,EMP0210,C012,Sales Techniques & CRM,Sales,2025-08-15,2025-09-25,Completed,100.0,4.0,False,Cornerstone
ENR001586,EMP0210,C013,Financial Modelling,Finance,2025-12-24,2026-02-11,Completed,64.0,6.0,False,SAP SF Learning
ENR001587,EMP0210,C015,AI & Machine Learning Basics,Technical,2026-03-29,2026-05-09,Completed,83.0,5.0,False,Cornerstone
ENR001588,EMP0211,C001,Data Privacy & GDPR Fundamentals,Compliance,2025-11-14,2025-12-12,Completed,62.0,2.0,True,SAP SF Learning
ENR001589,EMP0211,C002,Workplace Safety & Health,Compliance,2025-06-20,2025-08-06,Completed,83.0,1.5,True,SAP SF Learning
ENR001590,EMP0211,C003,Code of Conduct & Ethics,Compliance,2026-04-30,,In Progress,,1.0,True,SAP SF Learning
ENR001591,EMP0211,C004,Cybersecurity Awareness,Compliance,2026-04-12,2026-05-09,Completed,100.0,2.0,True,Cornerstone
ENR001592,EMP0211,C005,Anti-Harassment & Inclusion,Compliance,2025-12-28,2026-02-16,Completed,64.0,1.5,True,SAP SF Learning
ENR001593,EMP0211,C006,Python for Data Science,Technical,2026-01-13,2026-03-12,Completed,69.0,8.0,False,Cornerstone
ENR001594,EMP0211,C009,Project Management (PMP Prep),Professional,2026-01-03,,Not Started,,10.0,False,SAP SF Learning
ENR001595,EMP0211,C010,Advanced Excel & Power BI,Technical,2026-05-13,,In Progress,,5.0,False,SAP SF Learning
ENR001596,EMP0211,C012,Sales Techniques & CRM,Sales,2026-02-03,,Not Started,,4.0,False,SAP SF Learning
ENR001597,EMP0211,C014,Agile & Scrum Practitioner,Technical,2026-06-04,,In Progress,,4.0,False,Cornerstone
ENR001598,EMP0211,C015,AI & Machine Learning Basics,Technical,2026-04-26,2026-06-09,Completed,86.0,5.0,False,SAP SF Learning
ENR001599,EMP0212,C001,Data Privacy & GDPR Fundamentals,Compliance,2025-11-21,2025-12-04,Completed,99.0,2.0,True,Cornerstone
ENR001600,EMP0212,C002,Workplace Safety & Health,Compliance,2026-03-03,2026-04-16,Completed,83.0,1.5,True,SAP SF Learning
ENR001601,EMP0212,C003,Code of Conduct & Ethics,Compliance,2025-12-06,2025-12-18,Completed,67.0,1.0,True,SAP SF Learning
ENR001602,EMP0212,C004,Cybersecurity Awareness,Compliance,2025-08-28,2025-10-08,Completed,81.0,2.0,True,Cornerstone
ENR001603,EMP0212,C005,Anti-Harassment & Inclusion,Compliance,2026-04-19,2026-05-05,Completed,85.0,1.5,True,SAP SF Learning
ENR001604,EMP0212,C007,Azure Cloud Fundamentals,Technical,2025-09-16,,Not Started,,6.0,False,Cornerstone
ENR001605,EMP0212,C009,Project Management (PMP Prep),Professional,2025-08-21,,Not Started,,10.0,False,SAP SF Learning
ENR001606,EMP0212,C011,Communication Skills,Soft Skills,2026-01-15,2026-02-02,Completed,63.0,3.0,False,SAP SF Learning
ENR001607,EMP0212,C012,Sales Techniques & CRM,Sales,2025-07-21,2025-08-15,Completed,80.0,4.0,False,Cornerstone
ENR001608,EMP0212,C013,Financial Modelling,Finance,2026-03-31,,In Progress,,6.0,False,Cornerstone
ENR001609,EMP0212,C014,Agile & Scrum Practitioner,Technical,2026-01-08,2026-01-17,Completed,66.0,4.0,False,SAP SF Learning
ENR001610,EMP0214,C001,Data Privacy & GDPR Fundamentals,Compliance,2025-06-13,2025-07-23,Completed,77.0,2.0,True,SAP SF Learning
ENR001611,EMP0214,C002,Workplace Safety & Health,Compliance,2025-09-07,2025-10-16,Completed,96.0,1.5,True,SAP SF Learning
ENR001612,EMP0214,C003,Code of Conduct & Ethics,Compliance,2025-10-24,2025-11-03,Completed,61.0,1.0,True,SAP SF Learning
ENR001613,EMP0214,C004,Cybersecurity Awareness,Compliance,2025-08-15,2025-10-07,Completed,84.0,2.0,True,Cornerstone
ENR001614,EMP0214,C005,Anti-Harassment & Inclusion,Compliance,2025-06-16,,In Progress,,1.5,True,SAP SF Learning
ENR001615,EMP0214,C006,Python for Data Science,Technical,2025-09-13,,In Progress,,8.0,False,Cornerstone
ENR001616,EMP0214,C007,Azure Cloud Fundamentals,Technical,2025-08-15,,Not Started,,6.0,False,Cornerstone
ENR001617,EMP0214,C010,Advanced Excel & Power BI,Technical,2025-09-07,2025-09-13,Completed,86.0,5.0,False,SAP SF Learning
ENR001618,EMP0215,C001,Data Privacy & GDPR Fundamentals,Compliance,2025-10-12,2025-11-14,Completed,99.0,2.0,True,SAP SF Learning
ENR001619,EMP0215,C002,Workplace Safety & Health,Compliance,2026-01-31,2026-02-10,Completed,64.0,1.5,True,SAP SF Learning
ENR001620,EMP0215,C003,Code of Conduct & Ethics,Compliance,2025-11-13,2025-12-04,Completed,82.0,1.0,True,SAP SF Learning
ENR001621,EMP0215,C004,Cybersecurity Awareness,Compliance,2026-03-14,2026-03-29,Completed,84.0,2.0,True,SAP SF Learning
ENR001622,EMP0215,C007,Azure Cloud Fundamentals,Technical,2026-03-13,,Not Started,,6.0,False,SAP SF Learning
ENR001623,EMP0215,C008,Leadership & Influence,Leadership,2025-11-25,,Not Started,,4.0,False,Cornerstone
ENR001624,EMP0215,C009,Project Management (PMP Prep),Professional,2025-09-22,2025-10-09,Completed,90.0,10.0,False,Cornerstone
ENR001625,EMP0215,C013,Financial Modelling,Finance,2026-03-31,2026-05-16,Completed,70.0,6.0,False,Cornerstone
ENR001626,EMP0217,C001,Data Privacy & GDPR Fundamentals,Compliance,2025-08-06,2025-09-30,Completed,87.0,2.0,True,SAP SF Learning
ENR001627,EMP0217,C002,Workplace Safety & Health,Compliance,2025-08-20,2025-09-09,Completed,70.0,1.5,True,Cornerstone
ENR001628,EMP0217,C003,Code of Conduct & Ethics,Compliance,2025-07-15,2025-08-21,Completed,71.0,1.0,True,SAP SF Learning
ENR001629,EMP0217,C004,Cybersecurity Awareness,Compliance,2025-11-20,,In Progress,,2.0,True,Cornerstone
ENR001630,EMP0217,C005,Anti-Harassment & Inclusion,Compliance,2025-08-24,2025-08-29,Completed,64.0,1.5,True,Cornerstone
ENR001631,EMP0217,C008,Leadership & Influence,Leadership,2025-08-17,2025-10-16,Completed,71.0,4.0,False,Cornerstone
ENR001632,EMP0217,C009,Project Management (PMP Prep),Professional,2025-08-15,,In Progress,,10.0,False,Cornerstone
ENR001633,EMP0217,C010,Advanced Excel & Power BI,Technical,2025-12-08,2025-12-17,Completed,75.0,5.0,False,SAP SF Learning
ENR001634,EMP0217,C011,Communication Skills,Soft Skills,2025-09-12,2025-10-28,Completed,67.0,3.0,False,Cornerstone
ENR001635,EMP0218,C001,Data Privacy & GDPR Fundamentals,Compliance,2026-01-09,2026-02-04,Completed,93.0,2.0,True,SAP SF Learning
ENR001636,EMP0218,C003,Code of Conduct & Ethics,Compliance,2025-10-24,2025-11-30,Completed,85.0,1.0,True,SAP SF Learning
ENR001637,EMP0218,C004,Cybersecurity Awareness,Compliance,2025-11-14,2026-01-08,Completed,91.0,2.0,True,Cornerstone
ENR001638,EMP0218,C005,Anti-Harassment & Inclusion,Compliance,2025-08-28,2025-09-21,Completed,79.0,1.5,True,Cornerstone
ENR001639,EMP0218,C006,Python for Data Science,Technical,2025-11-02,2025-11-04,Completed,80.0,8.0,False,SAP SF Learning
ENR001640,EMP0218,C007,Azure Cloud Fundamentals,Technical,2025-11-25,,In Progress,,6.0,False,SAP SF Learning
ENR001641,EMP0218,C010,Advanced Excel & Power BI,Technical,2025-06-15,,Not Started,,5.0,False,SAP SF Learning
ENR001642,EMP0218,C013,Financial Modelling,Finance,2025-06-29,2025-07-09,Completed,100.0,6.0,False,Cornerstone
ENR001643,EMP0218,C014,Agile & Scrum Practitioner,Technical,2025-12-07,,Not Started,,4.0,False,Cornerstone
ENR001644,EMP0218,C015,AI & Machine Learning Basics,Technical,2025-12-25,2025-12-28,Completed,90.0,5.0,False,Cornerstone
ENR001645,EMP0219,C001,Data Privacy & GDPR Fundamentals,Compliance,2025-08-23,2025-09-25,Completed,70.0,2.0,True,Cornerstone
ENR001646,EMP0219,C003,Code of Conduct & Ethics,Compliance,2026-03-12,2026-03-16,Completed,61.0,1.0,True,Cornerstone
ENR001647,EMP0219,C004,Cybersecurity Awareness,Compliance,2025-10-31,2025-11-26,Completed,81.0,2.0,True,SAP SF Learning
ENR001648,EMP0219,C005,Anti-Harassment & Inclusion,Compliance,2025-10-14,2025-10-18,Completed,93.0,1.5,True,Cornerstone
ENR001649,EMP0219,C009,Project Management (PMP Prep),Professional,2025-08-08,,Not Started,,10.0,False,SAP SF Learning
ENR001650,EMP0219,C010,Advanced Excel & Power BI,Technical,2026-03-17,,In Progress,,5.0,False,Cornerstone
ENR001651,EMP0219,C011,Communication Skills,Soft Skills,2026-02-04,2026-03-02,Completed,74.0,3.0,False,Cornerstone
ENR001652,EMP0219,C012,Sales Techniques & CRM,Sales,2025-07-31,2025-09-06,Completed,72.0,4.0,False,SAP SF Learning
ENR001653,EMP0219,C015,AI & Machine Learning Basics,Technical,2025-07-05,2025-07-08,Completed,76.0,5.0,False,SAP SF Learning
ENR001654,EMP0220,C001,Data Privacy & GDPR Fundamentals,Compliance,2025-09-02,2025-09-13,Completed,91.0,2.0,True,Cornerstone
ENR001655,EMP0220,C002,Workplace Safety & Health,Compliance,2025-12-04,2025-12-26,Completed,99.0,1.5,True,SAP SF Learning
ENR001656,EMP0220,C003,Code of Conduct & Ethics,Compliance,2025-09-17,2025-10-23,Completed,81.0,1.0,True,SAP SF Learning
ENR001657,EMP0220,C004,Cybersecurity Awareness,Compliance,2026-02-23,2026-04-10,Completed,97.0,2.0,True,SAP SF Learning
ENR001658,EMP0220,C005,Anti-Harassment & Inclusion,Compliance,2026-04-07,,In Progress,,1.5,True,Cornerstone
ENR001659,EMP0220,C006,Python for Data Science,Technical,2025-12-24,2026-02-09,Completed,85.0,8.0,False,Cornerstone
ENR001660,EMP0220,C007,Azure Cloud Fundamentals,Technical,2026-05-10,2026-07-02,Completed,69.0,6.0,False,Cornerstone
ENR001661,EMP0220,C008,Leadership & Influence,Leadership,2025-09-14,2025-09-24,Completed,66.0,4.0,False,SAP SF Learning
ENR001662,EMP0220,C009,Project Management (PMP Prep),Professional,2026-01-15,2026-01-21,Completed,75.0,10.0,False,Cornerstone
ENR001663,EMP0220,C012,Sales Techniques & CRM,Sales,2025-11-14,,In Progress,,4.0,False,SAP SF Learning
ENR001664,EMP0220,C013,Financial Modelling,Finance,2026-06-08,2026-06-28,Completed,75.0,6.0,False,SAP SF Learning
ENR001665,EMP0220,C014,Agile & Scrum Practitioner,Technical,2025-11-10,2025-12-06,Completed,87.0,4.0,False,Cornerstone
ENR001666,EMP0221,C001,Data Privacy & GDPR Fundamentals,Compliance,2025-08-10,2025-09-17,Completed,84.0,2.0,True,Cornerstone
ENR001667,EMP0221,C002,Workplace Safety & Health,Compliance,2025-07-11,2025-07-12,Completed,69.0,1.5,True,SAP SF Learning
ENR001668,EMP0221,C003,Code of Conduct & Ethics,Compliance,2025-07-15,,In Progress,,1.0,True,Cornerstone
ENR001669,EMP0221,C004,Cybersecurity Awareness,Compliance,2025-08-17,2025-09-05,Completed,83.0,2.0,True,SAP SF Learning
ENR001670,EMP0221,C005,Anti-Harassment & Inclusion,Compliance,2025-07-13,2025-09-09,Completed,79.0,1.5,True,SAP SF Learning
ENR001671,EMP0221,C007,Azure Cloud Fundamentals,Technical,2025-06-09,,In Progress,,6.0,False,Cornerstone
ENR001672,EMP0221,C009,Project Management (PMP Prep),Professional,2025-09-30,,In Progress,,10.0,False,SAP SF Learning
ENR001673,EMP0221,C011,Communication Skills,Soft Skills,2026-04-06,,In Progress,,3.0,False,SAP SF Learning
ENR001674,EMP0221,C015,AI & Machine Learning Basics,Technical,2025-12-24,2026-02-04,Completed,85.0,5.0,False,SAP SF Learning
ENR001675,EMP0223,C001,Data Privacy & GDPR Fundamentals,Compliance,2025-09-08,2025-11-02,Completed,79.0,2.0,True,SAP SF Learning
ENR001676,EMP0223,C002,Workplace Safety & Health,Compliance,2025-12-05,2025-12-15,Completed,62.0,1.5,True,Cornerstone
ENR001677,EMP0223,C003,Code of Conduct & Ethics,Compliance,2026-05-15,2026-05-22,Completed,88.0,1.0,True,Cornerstone
ENR001678,EMP0223,C004,Cybersecurity Awareness,Compliance,2025-07-08,2025-07-30,Completed,80.0,2.0,True,Cornerstone
ENR001679,EMP0223,C005,Anti-Harassment & Inclusion,Compliance,2025-11-25,2026-01-24,Completed,95.0,1.5,True,SAP SF Learning
ENR001680,EMP0223,C006,Python for Data Science,Technical,2025-12-10,,Not Started,,8.0,False,Cornerstone
ENR001681,EMP0223,C007,Azure Cloud Fundamentals,Technical,2025-06-28,2025-08-22,Completed,76.0,6.0,False,SAP SF Learning
ENR001682,EMP0223,C009,Project Management (PMP Prep),Professional,2026-03-11,,Not Started,,10.0,False,Cornerstone
ENR001683,EMP0223,C013,Financial Modelling,Finance,2026-05-13,,Not Started,,6.0,False,SAP SF Learning
ENR001684,EMP0223,C015,AI & Machine Learning Basics,Technical,2025-08-03,2025-09-11,Completed,91.0,5.0,False,SAP SF Learning
ENR001685,EMP0224,C001,Data Privacy & GDPR Fundamentals,Compliance,2026-03-16,2026-03-19,Completed,60.0,2.0,True,SAP SF Learning
ENR001686,EMP0224,C002,Workplace Safety & Health,Compliance,2026-04-16,2026-05-08,Completed,60.0,1.5,True,Cornerstone
ENR001687,EMP0224,C003,Code of Conduct & Ethics,Compliance,2026-04-25,,In Progress,,1.0,True,Cornerstone
ENR001688,EMP0224,C004,Cybersecurity Awareness,Compliance,2026-02-28,2026-04-17,Completed,92.0,2.0,True,SAP SF Learning
ENR001689,EMP0224,C005,Anti-Harassment & Inclusion,Compliance,2026-05-20,2026-06-27,Completed,99.0,1.5,True,Cornerstone
ENR001690,EMP0224,C007,Azure Cloud Fundamentals,Technical,2026-03-15,2026-04-03,Completed,94.0,6.0,False,SAP SF Learning
ENR001691,EMP0224,C010,Advanced Excel & Power BI,Technical,2026-05-16,2026-06-15,Completed,98.0,5.0,False,Cornerstone
ENR001692,EMP0224,C012,Sales Techniques & CRM,Sales,2026-05-21,,In Progress,,4.0,False,Cornerstone
ENR001693,EMP0224,C014,Agile & Scrum Practitioner,Technical,2025-09-06,2025-10-29,Completed,88.0,4.0,False,Cornerstone
ENR001694,EMP0225,C002,Workplace Safety & Health,Compliance,2025-09-23,2025-11-20,Completed,94.0,1.5,True,SAP SF Learning
ENR001695,EMP0225,C003,Code of Conduct & Ethics,Compliance,2026-05-12,,Not Started,,1.0,True,Cornerstone
ENR001696,EMP0225,C004,Cybersecurity Awareness,Compliance,2026-01-20,2026-03-04,Completed,95.0,2.0,True,SAP SF Learning
ENR001697,EMP0225,C005,Anti-Harassment & Inclusion,Compliance,2026-05-07,2026-06-01,Completed,95.0,1.5,True,SAP SF Learning
ENR001698,EMP0225,C008,Leadership & Influence,Leadership,2025-12-12,2025-12-21,Completed,76.0,4.0,False,Cornerstone
ENR001699,EMP0225,C011,Communication Skills,Soft Skills,2025-07-17,,Not Started,,3.0,False,SAP SF Learning
ENR001700,EMP0225,C012,Sales Techniques & CRM,Sales,2026-02-12,2026-02-22,Completed,67.0,4.0,False,Cornerstone
ENR001701,EMP0225,C013,Financial Modelling,Finance,2026-04-04,,Not Started,,6.0,False,Cornerstone
ENR001702,EMP0226,C001,Data Privacy & GDPR Fundamentals,Compliance,2025-12-07,2026-01-07,Completed,99.0,2.0,True,SAP SF Learning
ENR001703,EMP0226,C002,Workplace Safety & Health,Compliance,2025-10-25,2025-11-17,Completed,71.0,1.5,True,SAP SF Learning
ENR001704,EMP0226,C003,Code of Conduct & Ethics,Compliance,2026-01-07,,In Progress,,1.0,True,Cornerstone
ENR001705,EMP0226,C005,Anti-Harassment & Inclusion,Compliance,2025-10-20,2025-12-12,Completed,94.0,1.5,True,Cornerstone
ENR001706,EMP0226,C007,Azure Cloud Fundamentals,Technical,2026-05-06,2026-06-24,Completed,87.0,6.0,False,Cornerstone
ENR001707,EMP0226,C009,Project Management (PMP Prep),Professional,2026-02-05,,In Progress,,10.0,False,Cornerstone
ENR001708,EMP0226,C011,Communication Skills,Soft Skills,2025-12-04,2026-01-15,Completed,83.0,3.0,False,Cornerstone
ENR001709,EMP0226,C012,Sales Techniques & CRM,Sales,2025-08-21,2025-09-13,Completed,61.0,4.0,False,SAP SF Learning
ENR001710,EMP0226,C013,Financial Modelling,Finance,2026-04-30,2026-05-21,Completed,89.0,6.0,False,Cornerstone
ENR001711,EMP0226,C014,Agile & Scrum Practitioner,Technical,2025-12-28,2026-01-05,Completed,97.0,4.0,False,Cornerstone
ENR001712,EMP0227,C001,Data Privacy & GDPR Fundamentals,Compliance,2026-04-01,2026-05-11,Completed,62.0,2.0,True,SAP SF Learning
ENR001713,EMP0227,C002,Workplace Safety & Health,Compliance,2026-01-04,2026-01-23,Completed,62.0,1.5,True,Cornerstone
ENR001714,EMP0227,C003,Code of Conduct & Ethics,Compliance,2025-10-04,2025-10-13,Completed,76.0,1.0,True,SAP SF Learning
ENR001715,EMP0227,C005,Anti-Harassment & Inclusion,Compliance,2026-05-05,2026-05-10,Completed,93.0,1.5,True,SAP SF Learning
ENR001716,EMP0227,C007,Azure Cloud Fundamentals,Technical,2025-09-28,2025-11-13,Completed,65.0,6.0,False,Cornerstone
ENR001717,EMP0227,C008,Leadership & Influence,Leadership,2026-05-06,2026-05-14,Completed,66.0,4.0,False,SAP SF Learning
ENR001718,EMP0227,C009,Project Management (PMP Prep),Professional,2025-07-27,2025-08-10,Completed,97.0,10.0,False,Cornerstone
ENR001719,EMP0227,C010,Advanced Excel & Power BI,Technical,2026-05-02,,In Progress,,5.0,False,SAP SF Learning
ENR001720,EMP0227,C013,Financial Modelling,Finance,2026-05-16,2026-06-28,Completed,81.0,6.0,False,SAP SF Learning
ENR001721,EMP0227,C014,Agile & Scrum Practitioner,Technical,2025-07-16,,In Progress,,4.0,False,Cornerstone
ENR001722,EMP0227,C015,AI & Machine Learning Basics,Technical,2026-04-19,2026-05-24,Completed,66.0,5.0,False,SAP SF Learning
ENR001723,EMP0228,C001,Data Privacy & GDPR Fundamentals,Compliance,2026-06-09,2026-07-30,Completed,75.0,2.0,True,Cornerstone
ENR001724,EMP0228,C002,Workplace Safety & Health,Compliance,2025-08-20,2025-09-26,Completed,66.0,1.5,True,Cornerstone
ENR001725,EMP0228,C003,Code of Conduct & Ethics,Compliance,2026-03-19,2026-03-30,Completed,92.0,1.0,True,Cornerstone
ENR001726,EMP0228,C005,Anti-Harassment & Inclusion,Compliance,2025-12-29,,In Progress,,1.5,True,SAP SF Learning
ENR001727,EMP0228,C006,Python for Data Science,Technical,2025-08-30,,Not Started,,8.0,False,Cornerstone
ENR001728,EMP0228,C007,Azure Cloud Fundamentals,Technical,2025-08-01,2025-09-08,Completed,86.0,6.0,False,SAP SF Learning
ENR001729,EMP0228,C011,Communication Skills,Soft Skills,2026-01-24,2026-02-10,Completed,68.0,3.0,False,Cornerstone
ENR001730,EMP0228,C012,Sales Techniques & CRM,Sales,2026-02-25,2026-04-12,Completed,62.0,4.0,False,Cornerstone
ENR001731,EMP0228,C015,AI & Machine Learning Basics,Technical,2025-07-23,2025-09-03,Completed,73.0,5.0,False,Cornerstone
ENR001732,EMP0229,C001,Data Privacy & GDPR Fundamentals,Compliance,2025-06-14,2025-07-06,Completed,73.0,2.0,True,SAP SF Learning
ENR001733,EMP0229,C002,Workplace Safety & Health,Compliance,2026-03-17,2026-03-25,Completed,83.0,1.5,True,SAP SF Learning
ENR001734,EMP0229,C004,Cybersecurity Awareness,Compliance,2025-12-28,2026-01-26,Completed,72.0,2.0,True,Cornerstone
ENR001735,EMP0229,C005,Anti-Harassment & Inclusion,Compliance,2025-10-24,2025-12-06,Completed,75.0,1.5,True,SAP SF Learning
ENR001736,EMP0229,C006,Python for Data Science,Technical,2025-06-28,2025-07-26,Completed,89.0,8.0,False,Cornerstone
ENR001737,EMP0229,C010,Advanced Excel & Power BI,Technical,2025-09-25,2025-11-14,Completed,60.0,5.0,False,SAP SF Learning
ENR001738,EMP0229,C011,Communication Skills,Soft Skills,2026-01-23,2026-02-12,Completed,74.0,3.0,False,SAP SF Learning
ENR001739,EMP0229,C015,AI & Machine Learning Basics,Technical,2026-04-08,2026-05-10,Completed,84.0,5.0,False,Cornerstone
ENR001740,EMP0231,C002,Workplace Safety & Health,Compliance,2026-02-13,,In Progress,,1.5,True,SAP SF Learning
ENR001741,EMP0231,C003,Code of Conduct & Ethics,Compliance,2025-12-29,2026-01-05,Completed,77.0,1.0,True,SAP SF Learning
ENR001742,EMP0231,C004,Cybersecurity Awareness,Compliance,2025-06-17,2025-08-13,Completed,66.0,2.0,True,Cornerstone
ENR001743,EMP0231,C005,Anti-Harassment & Inclusion,Compliance,2025-09-15,2025-11-03,Completed,95.0,1.5,True,Cornerstone
ENR001744,EMP0231,C010,Advanced Excel & Power BI,Technical,2025-07-21,,Not Started,,5.0,False,SAP SF Learning
ENR001745,EMP0231,C011,Communication Skills,Soft Skills,2025-08-25,,Not Started,,3.0,False,Cornerstone
ENR001746,EMP0231,C013,Financial Modelling,Finance,2026-05-08,2026-06-08,Completed,75.0,6.0,False,SAP SF Learning
ENR001747,EMP0231,C014,Agile & Scrum Practitioner,Technical,2026-01-13,2026-01-18,Completed,66.0,4.0,False,Cornerstone
ENR001748,EMP0232,C001,Data Privacy & GDPR Fundamentals,Compliance,2025-11-16,2026-01-03,Completed,64.0,2.0,True,Cornerstone
ENR001749,EMP0232,C002,Workplace Safety & Health,Compliance,2026-01-08,2026-01-17,Completed,74.0,1.5,True,Cornerstone
ENR001750,EMP0232,C003,Code of Conduct & Ethics,Compliance,2025-07-17,2025-07-18,Completed,97.0,1.0,True,SAP SF Learning
ENR001751,EMP0232,C004,Cybersecurity Awareness,Compliance,2025-09-26,2025-11-22,Completed,88.0,2.0,True,Cornerstone
ENR001752,EMP0232,C005,Anti-Harassment & Inclusion,Compliance,2026-06-03,2026-06-11,Completed,65.0,1.5,True,SAP SF Learning
ENR001753,EMP0232,C006,Python for Data Science,Technical,2026-02-08,,In Progress,,8.0,False,Cornerstone
ENR001754,EMP0232,C007,Azure Cloud Fundamentals,Technical,2025-08-13,,In Progress,,6.0,False,SAP SF Learning
ENR001755,EMP0232,C008,Leadership & Influence,Leadership,2025-11-16,,In Progress,,4.0,False,Cornerstone
ENR001756,EMP0232,C009,Project Management (PMP Prep),Professional,2026-01-19,2026-02-16,Completed,82.0,10.0,False,SAP SF Learning
ENR001757,EMP0232,C010,Advanced Excel & Power BI,Technical,2025-08-12,2025-08-19,Completed,100.0,5.0,False,Cornerstone
ENR001758,EMP0232,C011,Communication Skills,Soft Skills,2026-04-24,2026-06-11,Completed,62.0,3.0,False,Cornerstone
ENR001759,EMP0232,C012,Sales Techniques & CRM,Sales,2025-07-31,2025-08-04,Completed,88.0,4.0,False,Cornerstone
ENR001760,EMP0232,C013,Financial Modelling,Finance,2026-03-18,,In Progress,,6.0,False,SAP SF Learning
ENR001761,EMP0233,C001,Data Privacy & GDPR Fundamentals,Compliance,2025-07-04,2025-07-15,Completed,90.0,2.0,True,SAP SF Learning
ENR001762,EMP0233,C002,Workplace Safety & Health,Compliance,2025-11-01,2025-11-13,Completed,86.0,1.5,True,Cornerstone
ENR001763,EMP0233,C003,Code of Conduct & Ethics,Compliance,2025-08-09,2025-08-19,Completed,86.0,1.0,True,Cornerstone
ENR001764,EMP0233,C004,Cybersecurity Awareness,Compliance,2026-03-08,2026-03-26,Completed,93.0,2.0,True,SAP SF Learning
ENR001765,EMP0233,C005,Anti-Harassment & Inclusion,Compliance,2025-08-09,2025-09-17,Completed,94.0,1.5,True,Cornerstone
ENR001766,EMP0233,C006,Python for Data Science,Technical,2026-02-01,,Not Started,,8.0,False,SAP SF Learning
ENR001767,EMP0233,C009,Project Management (PMP Prep),Professional,2025-10-02,2025-11-06,Completed,89.0,10.0,False,Cornerstone
ENR001768,EMP0233,C010,Advanced Excel & Power BI,Technical,2026-03-06,2026-03-10,Completed,74.0,5.0,False,Cornerstone
ENR001769,EMP0233,C011,Communication Skills,Soft Skills,2026-02-16,2026-04-05,Completed,68.0,3.0,False,Cornerstone
ENR001770,EMP0233,C013,Financial Modelling,Finance,2026-05-28,2026-07-22,Completed,98.0,6.0,False,Cornerstone
ENR001771,EMP0235,C001,Data Privacy & GDPR Fundamentals,Compliance,2025-10-16,2025-12-08,Completed,71.0,2.0,True,Cornerstone
ENR001772,EMP0235,C002,Workplace Safety & Health,Compliance,2026-05-05,2026-05-14,Completed,74.0,1.5,True,Cornerstone
ENR001773,EMP0235,C003,Code of Conduct & Ethics,Compliance,2026-02-07,2026-03-07,Completed,100.0,1.0,True,Cornerstone
ENR001774,EMP0235,C004,Cybersecurity Awareness,Compliance,2025-10-12,2025-11-25,Completed,77.0,2.0,True,SAP SF Learning
ENR001775,EMP0235,C005,Anti-Harassment & Inclusion,Compliance,2026-04-02,2026-04-04,Completed,61.0,1.5,True,Cornerstone
ENR001776,EMP0235,C006,Python for Data Science,Technical,2026-03-24,,In Progress,,8.0,False,Cornerstone
ENR001777,EMP0235,C007,Azure Cloud Fundamentals,Technical,2026-04-18,2026-06-08,Completed,94.0,6.0,False,SAP SF Learning
ENR001778,EMP0235,C009,Project Management (PMP Prep),Professional,2025-08-06,,Not Started,,10.0,False,SAP SF Learning
ENR001779,EMP0235,C011,Communication Skills,Soft Skills,2025-09-30,2025-10-06,Completed,94.0,3.0,False,Cornerstone
ENR001780,EMP0235,C014,Agile & Scrum Practitioner,Technical,2025-08-16,,Not Started,,4.0,False,Cornerstone
ENR001781,EMP0236,C001,Data Privacy & GDPR Fundamentals,Compliance,2025-12-07,2026-01-15,Completed,63.0,2.0,True,Cornerstone
ENR001782,EMP0236,C002,Workplace Safety & Health,Compliance,2026-05-19,2026-06-11,Completed,100.0,1.5,True,SAP SF Learning
ENR001783,EMP0236,C003,Code of Conduct & Ethics,Compliance,2026-03-17,2026-04-20,Completed,69.0,1.0,True,SAP SF Learning
ENR001784,EMP0236,C004,Cybersecurity Awareness,Compliance,2025-07-27,2025-08-06,Completed,77.0,2.0,True,Cornerstone
ENR001785,EMP0236,C006,Python for Data Science,Technical,2025-10-07,,Not Started,,8.0,False,Cornerstone
ENR001786,EMP0236,C007,Azure Cloud Fundamentals,Technical,2025-12-08,2025-12-22,Completed,75.0,6.0,False,SAP SF Learning
ENR001787,EMP0236,C009,Project Management (PMP Prep),Professional,2025-06-16,,In Progress,,10.0,False,Cornerstone
ENR001788,EMP0236,C011,Communication Skills,Soft Skills,2025-11-08,2025-12-12,Completed,67.0,3.0,False,Cornerstone
ENR001789,EMP0236,C013,Financial Modelling,Finance,2026-01-08,,Not Started,,6.0,False,Cornerstone
ENR001790,EMP0236,C014,Agile & Scrum Practitioner,Technical,2026-04-02,2026-05-14,Completed,64.0,4.0,False,SAP SF Learning
ENR001791,EMP0236,C015,AI & Machine Learning Basics,Technical,2025-07-04,2025-07-30,Completed,99.0,5.0,False,SAP SF Learning
ENR001792,EMP0237,C001,Data Privacy & GDPR Fundamentals,Compliance,2025-12-29,2026-02-10,Completed,79.0,2.0,True,SAP SF Learning
ENR001793,EMP0237,C002,Workplace Safety & Health,Compliance,2025-06-17,2025-07-14,Completed,68.0,1.5,True,SAP SF Learning
ENR001794,EMP0237,C003,Code of Conduct & Ethics,Compliance,2026-05-03,2026-05-17,Completed,66.0,1.0,True,SAP SF Learning
ENR001795,EMP0237,C005,Anti-Harassment & Inclusion,Compliance,2025-12-05,,Not Started,,1.5,True,SAP SF Learning
ENR001796,EMP0237,C006,Python for Data Science,Technical,2025-08-09,2025-09-27,Completed,83.0,8.0,False,SAP SF Learning
ENR001797,EMP0237,C007,Azure Cloud Fundamentals,Technical,2025-11-13,,Not Started,,6.0,False,SAP SF Learning
ENR001798,EMP0237,C008,Leadership & Influence,Leadership,2025-08-22,,In Progress,,4.0,False,Cornerstone
ENR001799,EMP0237,C009,Project Management (PMP Prep),Professional,2026-04-13,2026-05-02,Completed,92.0,10.0,False,Cornerstone
ENR001800,EMP0237,C012,Sales Techniques & CRM,Sales,2025-09-24,2025-10-03,Completed,89.0,4.0,False,Cornerstone
ENR001801,EMP0237,C013,Financial Modelling,Finance,2025-09-30,,In Progress,,6.0,False,SAP SF Learning
ENR001802,EMP0238,C001,Data Privacy & GDPR Fundamentals,Compliance,2026-04-27,2026-06-04,Completed,80.0,2.0,True,Cornerstone
ENR001803,EMP0238,C002,Workplace Safety & Health,Compliance,2025-09-03,2025-10-25,Completed,66.0,1.5,True,Cornerstone
ENR001804,EMP0238,C003,Code of Conduct & Ethics,Compliance,2026-01-28,2026-02-27,Completed,67.0,1.0,True,Cornerstone
ENR001805,EMP0238,C004,Cybersecurity Awareness,Compliance,2025-08-25,2025-08-31,Completed,100.0,2.0,True,Cornerstone
ENR001806,EMP0238,C005,Anti-Harassment & Inclusion,Compliance,2025-07-31,2025-08-21,Completed,74.0,1.5,True,Cornerstone
ENR001807,EMP0238,C008,Leadership & Influence,Leadership,2025-12-22,2026-01-12,Completed,84.0,4.0,False,Cornerstone
ENR001808,EMP0238,C012,Sales Techniques & CRM,Sales,2026-04-24,2026-06-15,Completed,61.0,4.0,False,Cornerstone
ENR001809,EMP0238,C015,AI & Machine Learning Basics,Technical,2026-03-03,2026-04-03,Completed,100.0,5.0,False,SAP SF Learning
ENR001810,EMP0239,C001,Data Privacy & GDPR Fundamentals,Compliance,2025-09-27,2025-11-05,Completed,67.0,2.0,True,SAP SF Learning
ENR001811,EMP0239,C002,Workplace Safety & Health,Compliance,2026-05-18,2026-06-01,Completed,85.0,1.5,True,SAP SF Learning
ENR001812,EMP0239,C003,Code of Conduct & Ethics,Compliance,2025-10-21,2025-10-25,Completed,64.0,1.0,True,SAP SF Learning
ENR001813,EMP0239,C004,Cybersecurity Awareness,Compliance,2026-04-19,2026-05-23,Completed,100.0,2.0,True,SAP SF Learning
ENR001814,EMP0239,C005,Anti-Harassment & Inclusion,Compliance,2025-09-30,2025-10-26,Completed,93.0,1.5,True,SAP SF Learning
ENR001815,EMP0239,C006,Python for Data Science,Technical,2025-08-02,,Not Started,,8.0,False,Cornerstone
ENR001816,EMP0239,C008,Leadership & Influence,Leadership,2025-12-22,2026-01-07,Completed,88.0,4.0,False,SAP SF Learning
ENR001817,EMP0239,C015,AI & Machine Learning Basics,Technical,2025-12-17,,Not Started,,5.0,False,SAP SF Learning
ENR001818,EMP0240,C002,Workplace Safety & Health,Compliance,2025-12-28,2026-01-05,Completed,68.0,1.5,True,SAP SF Learning
ENR001819,EMP0240,C003,Code of Conduct & Ethics,Compliance,2025-06-16,,In Progress,,1.0,True,Cornerstone
ENR001820,EMP0240,C004,Cybersecurity Awareness,Compliance,2025-08-27,2025-09-22,Completed,98.0,2.0,True,Cornerstone
ENR001821,EMP0240,C005,Anti-Harassment & Inclusion,Compliance,2026-04-01,2026-04-11,Completed,89.0,1.5,True,Cornerstone
ENR001822,EMP0240,C007,Azure Cloud Fundamentals,Technical,2025-09-02,2025-09-24,Completed,82.0,6.0,False,Cornerstone
ENR001823,EMP0240,C008,Leadership & Influence,Leadership,2025-08-19,2025-08-26,Completed,91.0,4.0,False,SAP SF Learning
ENR001824,EMP0240,C010,Advanced Excel & Power BI,Technical,2025-12-30,,Not Started,,5.0,False,Cornerstone
ENR001825,EMP0240,C014,Agile & Scrum Practitioner,Technical,2026-05-10,,In Progress,,4.0,False,SAP SF Learning
ENR001826,EMP0241,C001,Data Privacy & GDPR Fundamentals,Compliance,2026-03-17,2026-03-24,Completed,83.0,2.0,True,SAP SF Learning
ENR001827,EMP0241,C002,Workplace Safety & Health,Compliance,2025-06-16,2025-06-20,Completed,92.0,1.5,True,SAP SF Learning
ENR001828,EMP0241,C004,Cybersecurity Awareness,Compliance,2025-07-04,2025-07-23,Completed,96.0,2.0,True,Cornerstone
ENR001829,EMP0241,C005,Anti-Harassment & Inclusion,Compliance,2026-03-14,,Not Started,,1.5,True,Cornerstone
ENR001830,EMP0242,C001,Data Privacy & GDPR Fundamentals,Compliance,2026-02-11,,In Progress,,2.0,True,Cornerstone
ENR001831,EMP0242,C002,Workplace Safety & Health,Compliance,2025-07-19,2025-09-07,Completed,92.0,1.5,True,SAP SF Learning
ENR001832,EMP0242,C003,Code of Conduct & Ethics,Compliance,2026-04-13,,In Progress,,1.0,True,Cornerstone
ENR001833,EMP0242,C004,Cybersecurity Awareness,Compliance,2025-07-21,2025-09-09,Completed,74.0,2.0,True,SAP SF Learning
ENR001834,EMP0242,C005,Anti-Harassment & Inclusion,Compliance,2026-04-06,,Not Started,,1.5,True,Cornerstone
ENR001835,EMP0242,C007,Azure Cloud Fundamentals,Technical,2025-11-11,,Not Started,,6.0,False,SAP SF Learning
ENR001836,EMP0242,C008,Leadership & Influence,Leadership,2025-11-28,2025-12-12,Completed,79.0,4.0,False,Cornerstone
ENR001837,EMP0242,C009,Project Management (PMP Prep),Professional,2026-02-24,,Not Started,,10.0,False,Cornerstone
ENR001838,EMP0242,C010,Advanced Excel & Power BI,Technical,2026-02-19,,In Progress,,5.0,False,SAP SF Learning
ENR001839,EMP0242,C013,Financial Modelling,Finance,2026-03-06,2026-04-03,Completed,81.0,6.0,False,Cornerstone
ENR001840,EMP0243,C001,Data Privacy & GDPR Fundamentals,Compliance,2026-02-27,2026-04-11,Completed,77.0,2.0,True,Cornerstone
ENR001841,EMP0243,C002,Workplace Safety & Health,Compliance,2025-11-05,2025-11-28,Completed,86.0,1.5,True,Cornerstone
ENR001842,EMP0243,C003,Code of Conduct & Ethics,Compliance,2025-09-01,2025-10-02,Completed,87.0,1.0,True,Cornerstone
ENR001843,EMP0243,C004,Cybersecurity Awareness,Compliance,2026-03-02,,In Progress,,2.0,True,SAP SF Learning
ENR001844,EMP0243,C005,Anti-Harassment & Inclusion,Compliance,2026-06-03,2026-06-20,Completed,72.0,1.5,True,SAP SF Learning
ENR001845,EMP0243,C006,Python for Data Science,Technical,2026-01-23,,Not Started,,8.0,False,SAP SF Learning
ENR001846,EMP0243,C007,Azure Cloud Fundamentals,Technical,2025-06-20,,In Progress,,6.0,False,SAP SF Learning
ENR001847,EMP0243,C008,Leadership & Influence,Leadership,2026-02-23,,Not Started,,4.0,False,SAP SF Learning
ENR001848,EMP0243,C009,Project Management (PMP Prep),Professional,2025-06-30,2025-08-18,Completed,84.0,10.0,False,Cornerstone
ENR001849,EMP0243,C011,Communication Skills,Soft Skills,2026-04-25,,In Progress,,3.0,False,Cornerstone
ENR001850,EMP0243,C012,Sales Techniques & CRM,Sales,2026-02-16,2026-03-07,Completed,100.0,4.0,False,Cornerstone
ENR001851,EMP0243,C013,Financial Modelling,Finance,2025-12-02,2025-12-14,Completed,100.0,6.0,False,Cornerstone
ENR001852,EMP0244,C001,Data Privacy & GDPR Fundamentals,Compliance,2025-10-30,2025-11-17,Completed,77.0,2.0,True,Cornerstone
ENR001853,EMP0244,C002,Workplace Safety & Health,Compliance,2025-11-27,2025-12-16,Completed,85.0,1.5,True,Cornerstone
ENR001854,EMP0244,C003,Code of Conduct & Ethics,Compliance,2025-11-30,,Not Started,,1.0,True,SAP SF Learning
ENR001855,EMP0244,C004,Cybersecurity Awareness,Compliance,2026-01-27,2026-01-29,Completed,95.0,2.0,True,Cornerstone
ENR001856,EMP0244,C005,Anti-Harassment & Inclusion,Compliance,2025-12-17,2026-02-08,Completed,90.0,1.5,True,SAP SF Learning
ENR001857,EMP0244,C010,Advanced Excel & Power BI,Technical,2025-08-24,2025-09-23,Completed,74.0,5.0,False,Cornerstone
ENR001858,EMP0244,C014,Agile & Scrum Practitioner,Technical,2026-01-07,,Not Started,,4.0,False,Cornerstone
ENR001859,EMP0246,C001,Data Privacy & GDPR Fundamentals,Compliance,2026-02-27,2026-04-07,Completed,70.0,2.0,True,Cornerstone
ENR001860,EMP0246,C002,Workplace Safety & Health,Compliance,2025-09-02,2025-09-18,Completed,92.0,1.5,True,SAP SF Learning
ENR001861,EMP0246,C003,Code of Conduct & Ethics,Compliance,2025-12-19,2026-01-11,Completed,84.0,1.0,True,Cornerstone
ENR001862,EMP0246,C004,Cybersecurity Awareness,Compliance,2025-11-30,2026-01-12,Completed,94.0,2.0,True,SAP SF Learning
ENR001863,EMP0246,C005,Anti-Harassment & Inclusion,Compliance,2026-01-25,2026-02-05,Completed,97.0,1.5,True,SAP SF Learning
ENR001864,EMP0246,C007,Azure Cloud Fundamentals,Technical,2026-04-22,2026-05-10,Completed,78.0,6.0,False,Cornerstone
ENR001865,EMP0246,C008,Leadership & Influence,Leadership,2025-09-14,,Not Started,,4.0,False,SAP SF Learning
ENR001866,EMP0246,C012,Sales Techniques & CRM,Sales,2026-04-29,2026-05-05,Completed,91.0,4.0,False,Cornerstone
ENR001867,EMP0246,C013,Financial Modelling,Finance,2025-12-28,,Not Started,,6.0,False,Cornerstone
ENR001868,EMP0246,C014,Agile & Scrum Practitioner,Technical,2026-04-27,2026-06-13,Completed,98.0,4.0,False,SAP SF Learning
ENR001869,EMP0247,C001,Data Privacy & GDPR Fundamentals,Compliance,2026-05-15,2026-05-31,Completed,67.0,2.0,True,Cornerstone
ENR001870,EMP0247,C002,Workplace Safety & Health,Compliance,2025-10-11,2025-11-02,Completed,74.0,1.5,True,SAP SF Learning
ENR001871,EMP0247,C004,Cybersecurity Awareness,Compliance,2026-04-10,2026-05-15,Completed,100.0,2.0,True,SAP SF Learning
ENR001872,EMP0247,C005,Anti-Harassment & Inclusion,Compliance,2026-06-04,,Not Started,,1.5,True,SAP SF Learning
ENR001873,EMP0247,C006,Python for Data Science,Technical,2026-06-08,2026-08-05,Completed,85.0,8.0,False,Cornerstone
ENR001874,EMP0247,C007,Azure Cloud Fundamentals,Technical,2026-04-02,2026-05-07,Completed,69.0,6.0,False,Cornerstone
ENR001875,EMP0247,C008,Leadership & Influence,Leadership,2025-09-04,,Not Started,,4.0,False,Cornerstone
ENR001876,EMP0247,C010,Advanced Excel & Power BI,Technical,2026-04-07,2026-05-06,Completed,66.0,5.0,False,SAP SF Learning
ENR001877,EMP0247,C011,Communication Skills,Soft Skills,2025-07-07,2025-08-26,Completed,71.0,3.0,False,Cornerstone
ENR001878,EMP0247,C012,Sales Techniques & CRM,Sales,2026-01-16,2026-02-15,Completed,98.0,4.0,False,Cornerstone
ENR001879,EMP0247,C014,Agile & Scrum Practitioner,Technical,2026-02-06,,Not Started,,4.0,False,Cornerstone
ENR001880,EMP0247,C015,AI & Machine Learning Basics,Technical,2026-06-01,2026-06-23,Completed,62.0,5.0,False,Cornerstone
ENR001881,EMP0249,C001,Data Privacy & GDPR Fundamentals,Compliance,2026-01-06,2026-02-22,Completed,98.0,2.0,True,SAP SF Learning
ENR001882,EMP0249,C002,Workplace Safety & Health,Compliance,2025-09-30,2025-10-20,Completed,98.0,1.5,True,SAP SF Learning
ENR001883,EMP0249,C003,Code of Conduct & Ethics,Compliance,2026-02-01,2026-03-14,Completed,64.0,1.0,True,Cornerstone
ENR001884,EMP0249,C004,Cybersecurity Awareness,Compliance,2025-12-01,2026-01-03,Completed,89.0,2.0,True,Cornerstone
ENR001885,EMP0249,C005,Anti-Harassment & Inclusion,Compliance,2025-11-27,2026-01-26,Completed,71.0,1.5,True,Cornerstone
ENR001886,EMP0249,C006,Python for Data Science,Technical,2025-11-08,2025-12-13,Completed,71.0,8.0,False,Cornerstone
ENR001887,EMP0249,C007,Azure Cloud Fundamentals,Technical,2025-11-04,,In Progress,,6.0,False,SAP SF Learning
ENR001888,EMP0249,C009,Project Management (PMP Prep),Professional,2026-02-06,2026-03-06,Completed,92.0,10.0,False,SAP SF Learning
ENR001889,EMP0249,C010,Advanced Excel & Power BI,Technical,2026-04-29,2026-06-02,Completed,96.0,5.0,False,Cornerstone
ENR001890,EMP0249,C012,Sales Techniques & CRM,Sales,2026-03-01,2026-03-27,Completed,71.0,4.0,False,Cornerstone
ENR001891,EMP0250,C001,Data Privacy & GDPR Fundamentals,Compliance,2026-03-19,2026-05-02,Completed,89.0,2.0,True,Cornerstone
ENR001892,EMP0250,C002,Workplace Safety & Health,Compliance,2025-07-27,2025-09-23,Completed,94.0,1.5,True,Cornerstone
ENR001893,EMP0250,C003,Code of Conduct & Ethics,Compliance,2025-10-20,,Not Started,,1.0,True,SAP SF Learning
ENR001894,EMP0250,C004,Cybersecurity Awareness,Compliance,2025-12-29,2026-02-05,Completed,85.0,2.0,True,Cornerstone
ENR001895,EMP0250,C005,Anti-Harassment & Inclusion,Compliance,2026-04-26,2026-05-15,Completed,71.0,1.5,True,Cornerstone
ENR001896,EMP0250,C006,Python for Data Science,Technical,2026-01-02,,Not Started,,8.0,False,SAP SF Learning
ENR001897,EMP0250,C007,Azure Cloud Fundamentals,Technical,2025-08-24,2025-10-21,Completed,96.0,6.0,False,Cornerstone
ENR001898,EMP0250,C008,Leadership & Influence,Leadership,2025-07-10,,Not Started,,4.0,False,Cornerstone
ENR001899,EMP0250,C009,Project Management (PMP Prep),Professional,2026-06-06,2026-08-04,Completed,81.0,10.0,False,SAP SF Learning
ENR001900,EMP0250,C012,Sales Techniques & CRM,Sales,2026-01-01,,Not Started,,4.0,False,Cornerstone
ENR001901,EMP0250,C015,AI & Machine Learning Basics,Technical,2026-02-15,2026-03-04,Completed,84.0,5.0,False,SAP SF Learning
ENR001902,EMP0252,C001,Data Privacy & GDPR Fundamentals,Compliance,2025-10-11,2025-11-30,Completed,78.0,2.0,True,SAP SF Learning
ENR001903,EMP0252,C002,Workplace Safety & Health,Compliance,2025-08-23,2025-10-02,Completed,67.0,1.5,True,Cornerstone
ENR001904,EMP0252,C003,Code of Conduct & Ethics,Compliance,2025-07-23,,Not Started,,1.0,True,Cornerstone
ENR001905,EMP0252,C004,Cybersecurity Awareness,Compliance,2025-12-29,2026-01-20,Completed,97.0,2.0,True,Cornerstone
ENR001906,EMP0252,C005,Anti-Harassment & Inclusion,Compliance,2025-06-24,2025-07-18,Completed,73.0,1.5,True,SAP SF Learning
ENR001907,EMP0252,C006,Python for Data Science,Technical,2025-12-02,2026-01-24,Completed,80.0,8.0,False,Cornerstone
ENR001908,EMP0252,C009,Project Management (PMP Prep),Professional,2026-05-04,,In Progress,,10.0,False,Cornerstone
ENR001909,EMP0252,C010,Advanced Excel & Power BI,Technical,2025-10-10,2025-11-19,Completed,77.0,5.0,False,Cornerstone
ENR001910,EMP0252,C013,Financial Modelling,Finance,2025-10-24,2025-11-18,Completed,99.0,6.0,False,Cornerstone
ENR001911,EMP0252,C014,Agile & Scrum Practitioner,Technical,2026-01-13,2026-03-01,Completed,68.0,4.0,False,SAP SF Learning
ENR001912,EMP0254,C001,Data Privacy & GDPR Fundamentals,Compliance,2025-12-26,2026-02-19,Completed,82.0,2.0,True,SAP SF Learning
ENR001913,EMP0254,C002,Workplace Safety & Health,Compliance,2025-08-01,,Not Started,,1.5,True,SAP SF Learning
ENR001914,EMP0254,C003,Code of Conduct & Ethics,Compliance,2025-10-13,,Not Started,,1.0,True,SAP SF Learning
ENR001915,EMP0254,C004,Cybersecurity Awareness,Compliance,2025-09-26,2025-10-07,Completed,68.0,2.0,True,SAP SF Learning
ENR001916,EMP0254,C005,Anti-Harassment & Inclusion,Compliance,2025-12-24,2026-02-10,Completed,77.0,1.5,True,SAP SF Learning
ENR001917,EMP0254,C006,Python for Data Science,Technical,2025-10-28,,Not Started,,8.0,False,SAP SF Learning
ENR001918,EMP0254,C007,Azure Cloud Fundamentals,Technical,2026-02-03,,In Progress,,6.0,False,SAP SF Learning
ENR001919,EMP0254,C008,Leadership & Influence,Leadership,2026-06-06,,In Progress,,4.0,False,Cornerstone
ENR001920,EMP0254,C011,Communication Skills,Soft Skills,2025-09-09,2025-11-05,Completed,67.0,3.0,False,SAP SF Learning
ENR001921,EMP0254,C012,Sales Techniques & CRM,Sales,2025-06-11,2025-07-12,Completed,62.0,4.0,False,Cornerstone
ENR001922,EMP0254,C013,Financial Modelling,Finance,2026-03-23,2026-03-30,Completed,78.0,6.0,False,SAP SF Learning
ENR001923,EMP0254,C015,AI & Machine Learning Basics,Technical,2026-02-05,,Not Started,,5.0,False,Cornerstone
ENR001924,EMP0255,C001,Data Privacy & GDPR Fundamentals,Compliance,2026-05-05,2026-07-04,Completed,74.0,2.0,True,SAP SF Learning
ENR001925,EMP0255,C002,Workplace Safety & Health,Compliance,2026-02-12,2026-03-31,Completed,78.0,1.5,True,SAP SF Learning
ENR001926,EMP0255,C003,Code of Conduct & Ethics,Compliance,2025-06-11,2025-08-05,Completed,92.0,1.0,True,Cornerstone
ENR001927,EMP0255,C004,Cybersecurity Awareness,Compliance,2025-09-29,2025-10-04,Completed,93.0,2.0,True,Cornerstone
ENR001928,EMP0255,C005,Anti-Harassment & Inclusion,Compliance,2025-08-15,2025-10-06,Completed,66.0,1.5,True,Cornerstone
ENR001929,EMP0255,C006,Python for Data Science,Technical,2025-08-26,,In Progress,,8.0,False,SAP SF Learning
ENR001930,EMP0255,C007,Azure Cloud Fundamentals,Technical,2026-03-23,2026-03-29,Completed,93.0,6.0,False,Cornerstone
ENR001931,EMP0255,C011,Communication Skills,Soft Skills,2026-03-10,2026-04-09,Completed,71.0,3.0,False,Cornerstone
ENR001932,EMP0255,C012,Sales Techniques & CRM,Sales,2025-10-12,2025-11-05,Completed,95.0,4.0,False,SAP SF Learning
ENR001933,EMP0255,C013,Financial Modelling,Finance,2026-05-10,2026-05-13,Completed,80.0,6.0,False,Cornerstone
ENR001934,EMP0256,C001,Data Privacy & GDPR Fundamentals,Compliance,2026-05-24,2026-06-09,Completed,66.0,2.0,True,SAP SF Learning
ENR001935,EMP0256,C002,Workplace Safety & Health,Compliance,2026-05-12,2026-06-10,Completed,67.0,1.5,True,SAP SF Learning
ENR001936,EMP0256,C003,Code of Conduct & Ethics,Compliance,2025-12-04,2025-12-17,Completed,88.0,1.0,True,Cornerstone
ENR001937,EMP0256,C004,Cybersecurity Awareness,Compliance,2026-02-19,2026-03-03,Completed,61.0,2.0,True,SAP SF Learning
ENR001938,EMP0256,C005,Anti-Harassment & Inclusion,Compliance,2025-08-08,2025-09-14,Completed,99.0,1.5,True,Cornerstone
ENR001939,EMP0256,C011,Communication Skills,Soft Skills,2026-02-18,2026-03-06,Completed,96.0,3.0,False,Cornerstone
ENR001940,EMP0256,C013,Financial Modelling,Finance,2026-03-17,,Not Started,,6.0,False,Cornerstone
ENR001941,EMP0256,C015,AI & Machine Learning Basics,Technical,2025-10-16,2025-11-02,Completed,96.0,5.0,False,SAP SF Learning
ENR001942,EMP0258,C001,Data Privacy & GDPR Fundamentals,Compliance,2026-03-18,2026-05-15,Completed,88.0,2.0,True,SAP SF Learning
ENR001943,EMP0258,C002,Workplace Safety & Health,Compliance,2026-01-17,2026-01-22,Completed,70.0,1.5,True,Cornerstone
ENR001944,EMP0258,C003,Code of Conduct & Ethics,Compliance,2026-02-23,,Not Started,,1.0,True,SAP SF Learning
ENR001945,EMP0258,C004,Cybersecurity Awareness,Compliance,2025-08-31,2025-10-28,Completed,80.0,2.0,True,Cornerstone
ENR001946,EMP0258,C005,Anti-Harassment & Inclusion,Compliance,2026-01-12,,In Progress,,1.5,True,Cornerstone
ENR001947,EMP0258,C007,Azure Cloud Fundamentals,Technical,2026-04-13,2026-05-30,Completed,63.0,6.0,False,Cornerstone
ENR001948,EMP0258,C011,Communication Skills,Soft Skills,2025-12-22,,Not Started,,3.0,False,SAP SF Learning
ENR001949,EMP0258,C014,Agile & Scrum Practitioner,Technical,2025-09-09,,Not Started,,4.0,False,Cornerstone
ENR001950,EMP0259,C001,Data Privacy & GDPR Fundamentals,Compliance,2026-04-21,2026-05-04,Completed,61.0,2.0,True,SAP SF Learning
ENR001951,EMP0259,C003,Code of Conduct & Ethics,Compliance,2025-11-07,2025-12-30,Completed,96.0,1.0,True,SAP SF Learning
ENR001952,EMP0259,C004,Cybersecurity Awareness,Compliance,2025-07-05,2025-08-30,Completed,70.0,2.0,True,Cornerstone
ENR001953,EMP0259,C005,Anti-Harassment & Inclusion,Compliance,2026-01-17,,In Progress,,1.5,True,Cornerstone
ENR001954,EMP0259,C009,Project Management (PMP Prep),Professional,2025-08-25,2025-10-06,Completed,92.0,10.0,False,Cornerstone
ENR001955,EMP0259,C011,Communication Skills,Soft Skills,2025-12-09,2026-01-22,Completed,97.0,3.0,False,SAP SF Learning
ENR001956,EMP0259,C013,Financial Modelling,Finance,2025-08-07,,In Progress,,6.0,False,Cornerstone
ENR001957,EMP0261,C001,Data Privacy & GDPR Fundamentals,Compliance,2026-03-28,2026-04-01,Completed,67.0,2.0,True,Cornerstone
ENR001958,EMP0261,C002,Workplace Safety & Health,Compliance,2025-11-05,2025-11-14,Completed,71.0,1.5,True,Cornerstone
ENR001959,EMP0261,C003,Code of Conduct & Ethics,Compliance,2026-03-16,2026-03-25,Completed,81.0,1.0,True,SAP SF Learning
ENR001960,EMP0261,C004,Cybersecurity Awareness,Compliance,2025-08-25,,In Progress,,2.0,True,Cornerstone
ENR001961,EMP0261,C005,Anti-Harassment & Inclusion,Compliance,2025-08-23,2025-09-14,Completed,73.0,1.5,True,Cornerstone
ENR001962,EMP0261,C006,Python for Data Science,Technical,2026-05-16,,Not Started,,8.0,False,Cornerstone
ENR001963,EMP0261,C008,Leadership & Influence,Leadership,2025-06-18,,Not Started,,4.0,False,Cornerstone
ENR001964,EMP0261,C010,Advanced Excel & Power BI,Technical,2025-07-31,2025-08-19,Completed,84.0,5.0,False,Cornerstone
ENR001965,EMP0261,C013,Financial Modelling,Finance,2025-11-04,,In Progress,,6.0,False,Cornerstone
ENR001966,EMP0261,C014,Agile & Scrum Practitioner,Technical,2026-02-23,2026-03-18,Completed,68.0,4.0,False,SAP SF Learning
ENR001967,EMP0262,C001,Data Privacy & GDPR Fundamentals,Compliance,2025-12-02,2025-12-20,Completed,72.0,2.0,True,SAP SF Learning
ENR001968,EMP0262,C002,Workplace Safety & Health,Compliance,2026-01-08,2026-02-01,Completed,84.0,1.5,True,SAP SF Learning
ENR001969,EMP0262,C003,Code of Conduct & Ethics,Compliance,2025-07-30,2025-08-01,Completed,76.0,1.0,True,Cornerstone
ENR001970,EMP0262,C004,Cybersecurity Awareness,Compliance,2026-04-07,2026-04-17,Completed,90.0,2.0,True,Cornerstone
ENR001971,EMP0262,C005,Anti-Harassment & Inclusion,Compliance,2025-10-28,2025-11-28,Completed,74.0,1.5,True,SAP SF Learning
ENR001972,EMP0262,C006,Python for Data Science,Technical,2026-02-05,2026-03-24,Completed,65.0,8.0,False,SAP SF Learning
ENR001973,EMP0262,C008,Leadership & Influence,Leadership,2026-05-09,2026-06-20,Completed,66.0,4.0,False,SAP SF Learning
ENR001974,EMP0262,C011,Communication Skills,Soft Skills,2026-03-08,,Not Started,,3.0,False,Cornerstone
ENR001975,EMP0262,C012,Sales Techniques & CRM,Sales,2026-02-03,2026-04-02,Completed,85.0,4.0,False,SAP SF Learning
ENR001976,EMP0262,C014,Agile & Scrum Practitioner,Technical,2026-04-11,2026-04-16,Completed,83.0,4.0,False,SAP SF Learning
ENR001977,EMP0263,C001,Data Privacy & GDPR Fundamentals,Compliance,2025-09-28,2025-10-10,Completed,75.0,2.0,True,SAP SF Learning
ENR001978,EMP0263,C002,Workplace Safety & Health,Compliance,2025-07-20,2025-09-10,Completed,76.0,1.5,True,SAP SF Learning
ENR001979,EMP0263,C003,Code of Conduct & Ethics,Compliance,2025-07-22,2025-07-26,Completed,67.0,1.0,True,Cornerstone
ENR001980,EMP0263,C004,Cybersecurity Awareness,Compliance,2025-06-19,2025-08-06,Completed,86.0,2.0,True,Cornerstone
ENR001981,EMP0263,C005,Anti-Harassment & Inclusion,Compliance,2025-11-11,2025-11-17,Completed,91.0,1.5,True,Cornerstone
ENR001982,EMP0263,C006,Python for Data Science,Technical,2025-06-14,2025-08-05,Completed,83.0,8.0,False,SAP SF Learning
ENR001983,EMP0263,C008,Leadership & Influence,Leadership,2025-10-20,,Not Started,,4.0,False,Cornerstone
ENR001984,EMP0263,C009,Project Management (PMP Prep),Professional,2025-12-02,2025-12-06,Completed,89.0,10.0,False,Cornerstone
ENR001985,EMP0263,C011,Communication Skills,Soft Skills,2026-01-01,,Not Started,,3.0,False,SAP SF Learning
ENR001986,EMP0263,C013,Financial Modelling,Finance,2025-06-16,2025-06-28,Completed,82.0,6.0,False,SAP SF Learning
ENR001987,EMP0263,C015,AI & Machine Learning Basics,Technical,2025-08-27,2025-08-28,Completed,81.0,5.0,False,Cornerstone
ENR001988,EMP0264,C002,Workplace Safety & Health,Compliance,2026-04-07,2026-05-03,Completed,70.0,1.5,True,SAP SF Learning
ENR001989,EMP0264,C003,Code of Conduct & Ethics,Compliance,2026-05-01,2026-05-27,Completed,87.0,1.0,True,Cornerstone
ENR001990,EMP0264,C004,Cybersecurity Awareness,Compliance,2026-01-22,2026-02-07,Completed,68.0,2.0,True,SAP SF Learning
ENR001991,EMP0264,C005,Anti-Harassment & Inclusion,Compliance,2025-07-01,,Not Started,,1.5,True,SAP SF Learning
ENR001992,EMP0264,C006,Python for Data Science,Technical,2025-10-15,,In Progress,,8.0,False,Cornerstone
ENR001993,EMP0264,C007,Azure Cloud Fundamentals,Technical,2026-01-24,2026-02-23,Completed,67.0,6.0,False,SAP SF Learning
ENR001994,EMP0264,C009,Project Management (PMP Prep),Professional,2026-04-03,,In Progress,,10.0,False,SAP SF Learning
ENR001995,EMP0264,C010,Advanced Excel & Power BI,Technical,2026-02-23,,In Progress,,5.0,False,SAP SF Learning
ENR001996,EMP0264,C011,Communication Skills,Soft Skills,2026-02-01,,In Progress,,3.0,False,SAP SF Learning
ENR001997,EMP0264,C014,Agile & Scrum Practitioner,Technical,2025-12-17,,In Progress,,4.0,False,Cornerstone
ENR001998,EMP0265,C001,Data Privacy & GDPR Fundamentals,Compliance,2025-11-17,2025-12-23,Completed,78.0,2.0,True,Cornerstone
ENR001999,EMP0265,C002,Workplace Safety & Health,Compliance,2025-11-04,,In Progress,,1.5,True,Cornerstone
ENR002000,EMP0265,C003,Code of Conduct & Ethics,Compliance,2025-06-28,2025-08-04,Completed,77.0,1.0,True,Cornerstone
ENR002001,EMP0265,C004,Cybersecurity Awareness,Compliance,2025-08-16,2025-09-13,Completed,71.0,2.0,True,Cornerstone
ENR002002,EMP0265,C005,Anti-Harassment & Inclusion,Compliance,2025-12-26,2026-02-03,Completed,78.0,1.5,True,Cornerstone
ENR002003,EMP0265,C006,Python for Data Science,Technical,2025-06-15,2025-08-07,Completed,76.0,8.0,False,Cornerstone
ENR002004,EMP0265,C008,Leadership & Influence,Leadership,2025-08-31,2025-10-03,Completed,89.0,4.0,False,Cornerstone
ENR002005,EMP0265,C012,Sales Techniques & CRM,Sales,2026-05-05,,In Progress,,4.0,False,Cornerstone
ENR002006,EMP0266,C001,Data Privacy & GDPR Fundamentals,Compliance,2026-05-25,2026-06-02,Completed,65.0,2.0,True,SAP SF Learning
ENR002007,EMP0266,C003,Code of Conduct & Ethics,Compliance,2026-01-04,2026-02-11,Completed,78.0,1.0,True,Cornerstone
ENR002008,EMP0266,C004,Cybersecurity Awareness,Compliance,2026-05-06,2026-06-10,Completed,85.0,2.0,True,SAP SF Learning
ENR002009,EMP0266,C005,Anti-Harassment & Inclusion,Compliance,2025-08-02,2025-08-10,Completed,88.0,1.5,True,SAP SF Learning
ENR002010,EMP0266,C008,Leadership & Influence,Leadership,2026-06-06,2026-06-18,Completed,63.0,4.0,False,Cornerstone
ENR002011,EMP0266,C009,Project Management (PMP Prep),Professional,2025-12-10,2026-01-22,Completed,65.0,10.0,False,Cornerstone
ENR002012,EMP0266,C010,Advanced Excel & Power BI,Technical,2025-07-12,2025-08-07,Completed,65.0,5.0,False,Cornerstone
ENR002013,EMP0266,C011,Communication Skills,Soft Skills,2025-12-20,,Not Started,,3.0,False,Cornerstone
ENR002014,EMP0266,C012,Sales Techniques & CRM,Sales,2026-05-26,2026-06-25,Completed,85.0,4.0,False,SAP SF Learning
ENR002015,EMP0266,C013,Financial Modelling,Finance,2025-06-26,2025-07-11,Completed,67.0,6.0,False,SAP SF Learning
ENR002016,EMP0266,C014,Agile & Scrum Practitioner,Technical,2026-01-21,2026-02-13,Completed,87.0,4.0,False,Cornerstone
ENR002017,EMP0267,C001,Data Privacy & GDPR Fundamentals,Compliance,2025-12-15,2026-02-11,Completed,95.0,2.0,True,Cornerstone
ENR002018,EMP0267,C002,Workplace Safety & Health,Compliance,2025-11-03,2025-12-23,Completed,89.0,1.5,True,SAP SF Learning
ENR002019,EMP0267,C003,Code of Conduct & Ethics,Compliance,2026-02-13,2026-03-24,Completed,86.0,1.0,True,SAP SF Learning
ENR002020,EMP0267,C004,Cybersecurity Awareness,Compliance,2025-11-02,2025-11-18,Completed,76.0,2.0,True,SAP SF Learning
ENR002021,EMP0267,C005,Anti-Harassment & Inclusion,Compliance,2025-12-02,2025-12-12,Completed,64.0,1.5,True,SAP SF Learning
ENR002022,EMP0267,C007,Azure Cloud Fundamentals,Technical,2026-06-07,2026-07-26,Completed,75.0,6.0,False,SAP SF Learning
ENR002023,EMP0267,C012,Sales Techniques & CRM,Sales,2025-06-25,,In Progress,,4.0,False,SAP SF Learning
ENR002024,EMP0267,C013,Financial Modelling,Finance,2026-03-28,2026-05-06,Completed,96.0,6.0,False,Cornerstone
ENR002025,EMP0268,C001,Data Privacy & GDPR Fundamentals,Compliance,2026-04-27,2026-06-24,Completed,75.0,2.0,True,SAP SF Learning
ENR002026,EMP0268,C002,Workplace Safety & Health,Compliance,2026-01-28,2026-02-08,Completed,73.0,1.5,True,SAP SF Learning
ENR002027,EMP0268,C003,Code of Conduct & Ethics,Compliance,2025-08-31,2025-09-27,Completed,60.0,1.0,True,SAP SF Learning
ENR002028,EMP0268,C004,Cybersecurity Awareness,Compliance,2025-09-14,2025-10-01,Completed,80.0,2.0,True,Cornerstone
ENR002029,EMP0268,C005,Anti-Harassment & Inclusion,Compliance,2026-04-08,2026-04-10,Completed,70.0,1.5,True,SAP SF Learning
ENR002030,EMP0268,C006,Python for Data Science,Technical,2025-10-04,2025-10-21,Completed,67.0,8.0,False,Cornerstone
ENR002031,EMP0269,C001,Data Privacy & GDPR Fundamentals,Compliance,2026-01-05,,In Progress,,2.0,True,SAP SF Learning
ENR002032,EMP0269,C002,Workplace Safety & Health,Compliance,2026-01-09,2026-01-27,Completed,65.0,1.5,True,SAP SF Learning
ENR002033,EMP0269,C003,Code of Conduct & Ethics,Compliance,2025-12-27,2026-01-03,Completed,74.0,1.0,True,SAP SF Learning
ENR002034,EMP0269,C004,Cybersecurity Awareness,Compliance,2026-06-01,2026-06-26,Completed,76.0,2.0,True,SAP SF Learning
ENR002035,EMP0269,C005,Anti-Harassment & Inclusion,Compliance,2026-01-04,2026-03-04,Completed,75.0,1.5,True,SAP SF Learning
ENR002036,EMP0269,C009,Project Management (PMP Prep),Professional,2026-01-23,2026-02-13,Completed,63.0,10.0,False,Cornerstone
ENR002037,EMP0269,C010,Advanced Excel & Power BI,Technical,2026-01-28,,In Progress,,5.0,False,SAP SF Learning
ENR002038,EMP0269,C011,Communication Skills,Soft Skills,2026-06-05,2026-07-20,Completed,62.0,3.0,False,SAP SF Learning
ENR002039,EMP0269,C015,AI & Machine Learning Basics,Technical,2025-11-09,2025-11-30,Completed,75.0,5.0,False,SAP SF Learning
ENR002040,EMP0272,C002,Workplace Safety & Health,Compliance,2025-07-18,2025-08-04,Completed,80.0,1.5,True,SAP SF Learning
ENR002041,EMP0272,C003,Code of Conduct & Ethics,Compliance,2025-11-03,2025-11-07,Completed,61.0,1.0,True,SAP SF Learning
ENR002042,EMP0272,C004,Cybersecurity Awareness,Compliance,2025-10-03,2025-11-10,Completed,76.0,2.0,True,Cornerstone
ENR002043,EMP0272,C005,Anti-Harassment & Inclusion,Compliance,2026-06-01,2026-06-26,Completed,77.0,1.5,True,SAP SF Learning
ENR002044,EMP0272,C006,Python for Data Science,Technical,2025-10-14,,Not Started,,8.0,False,Cornerstone
ENR002045,EMP0272,C012,Sales Techniques & CRM,Sales,2025-09-03,2025-10-06,Completed,98.0,4.0,False,Cornerstone
ENR002046,EMP0272,C013,Financial Modelling,Finance,2026-04-09,2026-05-31,Completed,85.0,6.0,False,SAP SF Learning
ENR002047,EMP0273,C001,Data Privacy & GDPR Fundamentals,Compliance,2025-06-30,2025-08-10,Completed,81.0,2.0,True,SAP SF Learning
ENR002048,EMP0273,C002,Workplace Safety & Health,Compliance,2025-06-30,2025-08-29,Completed,87.0,1.5,True,Cornerstone
ENR002049,EMP0273,C003,Code of Conduct & Ethics,Compliance,2025-07-25,2025-08-13,Completed,71.0,1.0,True,SAP SF Learning
ENR002050,EMP0273,C004,Cybersecurity Awareness,Compliance,2026-05-17,2026-06-29,Completed,90.0,2.0,True,SAP SF Learning
ENR002051,EMP0273,C005,Anti-Harassment & Inclusion,Compliance,2026-04-02,2026-04-07,Completed,84.0,1.5,True,Cornerstone
ENR002052,EMP0273,C006,Python for Data Science,Technical,2026-03-11,,In Progress,,8.0,False,SAP SF Learning
ENR002053,EMP0273,C008,Leadership & Influence,Leadership,2026-04-14,2026-05-09,Completed,63.0,4.0,False,Cornerstone
ENR002054,EMP0273,C011,Communication Skills,Soft Skills,2026-03-12,2026-04-17,Completed,68.0,3.0,False,Cornerstone
ENR002055,EMP0273,C012,Sales Techniques & CRM,Sales,2026-01-26,,Not Started,,4.0,False,SAP SF Learning
ENR002056,EMP0273,C014,Agile & Scrum Practitioner,Technical,2025-07-31,,Not Started,,4.0,False,SAP SF Learning
ENR002057,EMP0274,C001,Data Privacy & GDPR Fundamentals,Compliance,2025-08-05,2025-10-03,Completed,70.0,2.0,True,Cornerstone
ENR002058,EMP0274,C002,Workplace Safety & Health,Compliance,2025-09-15,2025-11-03,Completed,90.0,1.5,True,SAP SF Learning
ENR002059,EMP0274,C003,Code of Conduct & Ethics,Compliance,2025-10-21,2025-12-07,Completed,84.0,1.0,True,Cornerstone
ENR002060,EMP0274,C004,Cybersecurity Awareness,Compliance,2025-10-23,,In Progress,,2.0,True,SAP SF Learning
ENR002061,EMP0274,C006,Python for Data Science,Technical,2025-07-29,2025-09-03,Completed,74.0,8.0,False,SAP SF Learning
ENR002062,EMP0274,C007,Azure Cloud Fundamentals,Technical,2026-03-28,,Not Started,,6.0,False,Cornerstone
ENR002063,EMP0274,C012,Sales Techniques & CRM,Sales,2025-08-02,,In Progress,,4.0,False,SAP SF Learning
ENR002064,EMP0275,C001,Data Privacy & GDPR Fundamentals,Compliance,2025-07-12,2025-09-08,Completed,85.0,2.0,True,Cornerstone
ENR002065,EMP0275,C002,Workplace Safety & Health,Compliance,2025-10-01,2025-11-14,Completed,70.0,1.5,True,SAP SF Learning
ENR002066,EMP0275,C003,Code of Conduct & Ethics,Compliance,2025-08-22,,Not Started,,1.0,True,Cornerstone
ENR002067,EMP0275,C004,Cybersecurity Awareness,Compliance,2026-05-24,2026-07-09,Completed,60.0,2.0,True,Cornerstone
ENR002068,EMP0275,C005,Anti-Harassment & Inclusion,Compliance,2025-07-05,2025-07-30,Completed,75.0,1.5,True,Cornerstone
ENR002069,EMP0275,C010,Advanced Excel & Power BI,Technical,2026-05-22,2026-07-16,Completed,74.0,5.0,False,SAP SF Learning
ENR002070,EMP0275,C013,Financial Modelling,Finance,2026-03-14,,Not Started,,6.0,False,SAP SF Learning
ENR002071,EMP0277,C002,Workplace Safety & Health,Compliance,2025-09-16,,Not Started,,1.5,True,SAP SF Learning
ENR002072,EMP0277,C003,Code of Conduct & Ethics,Compliance,2025-06-30,2025-07-14,Completed,94.0,1.0,True,SAP SF Learning
ENR002073,EMP0277,C004,Cybersecurity Awareness,Compliance,2025-12-11,2025-12-25,Completed,88.0,2.0,True,Cornerstone
ENR002074,EMP0277,C005,Anti-Harassment & Inclusion,Compliance,2026-03-03,2026-05-01,Completed,80.0,1.5,True,Cornerstone
ENR002075,EMP0277,C006,Python for Data Science,Technical,2026-01-03,2026-02-05,Completed,92.0,8.0,False,SAP SF Learning
ENR002076,EMP0277,C008,Leadership & Influence,Leadership,2025-11-21,,In Progress,,4.0,False,Cornerstone
ENR002077,EMP0277,C011,Communication Skills,Soft Skills,2026-05-01,2026-05-10,Completed,76.0,3.0,False,SAP SF Learning
ENR002078,EMP0277,C015,AI & Machine Learning Basics,Technical,2025-07-30,,In Progress,,5.0,False,SAP SF Learning
ENR002079,EMP0278,C001,Data Privacy & GDPR Fundamentals,Compliance,2025-09-08,2025-10-29,Completed,66.0,2.0,True,Cornerstone
ENR002080,EMP0278,C004,Cybersecurity Awareness,Compliance,2025-12-20,2026-02-17,Completed,70.0,2.0,True,Cornerstone
ENR002081,EMP0278,C008,Leadership & Influence,Leadership,2025-07-26,2025-08-03,Completed,60.0,4.0,False,Cornerstone
ENR002082,EMP0278,C015,AI & Machine Learning Basics,Technical,2025-11-06,2025-12-12,Completed,65.0,5.0,False,SAP SF Learning
ENR002083,EMP0279,C001,Data Privacy & GDPR Fundamentals,Compliance,2025-11-05,2025-11-24,Completed,63.0,2.0,True,Cornerstone
ENR002084,EMP0279,C002,Workplace Safety & Health,Compliance,2025-09-29,,In Progress,,1.5,True,Cornerstone
ENR002085,EMP0279,C003,Code of Conduct & Ethics,Compliance,2026-03-29,2026-04-29,Completed,77.0,1.0,True,SAP SF Learning
ENR002086,EMP0279,C004,Cybersecurity Awareness,Compliance,2026-04-03,,In Progress,,2.0,True,Cornerstone
ENR002087,EMP0279,C005,Anti-Harassment & Inclusion,Compliance,2025-11-15,,Not Started,,1.5,True,Cornerstone
ENR002088,EMP0279,C006,Python for Data Science,Technical,2026-04-05,,Not Started,,8.0,False,SAP SF Learning
ENR002089,EMP0279,C007,Azure Cloud Fundamentals,Technical,2026-04-22,,Not Started,,6.0,False,SAP SF Learning
ENR002090,EMP0279,C008,Leadership & Influence,Leadership,2025-06-17,,In Progress,,4.0,False,SAP SF Learning
ENR002091,EMP0279,C010,Advanced Excel & Power BI,Technical,2025-07-08,2025-08-19,Completed,85.0,5.0,False,SAP SF Learning
ENR002092,EMP0279,C011,Communication Skills,Soft Skills,2025-07-14,,In Progress,,3.0,False,SAP SF Learning
ENR002093,EMP0282,C001,Data Privacy & GDPR Fundamentals,Compliance,2026-02-03,2026-03-25,Completed,95.0,2.0,True,Cornerstone
ENR002094,EMP0282,C002,Workplace Safety & Health,Compliance,2026-01-08,2026-02-13,Completed,69.0,1.5,True,SAP SF Learning
ENR002095,EMP0282,C003,Code of Conduct & Ethics,Compliance,2026-01-15,2026-02-10,Completed,70.0,1.0,True,SAP SF Learning
ENR002096,EMP0282,C004,Cybersecurity Awareness,Compliance,2026-04-10,2026-04-25,Completed,94.0,2.0,True,SAP SF Learning
ENR002097,EMP0282,C005,Anti-Harassment & Inclusion,Compliance,2025-12-28,,In Progress,,1.5,True,SAP SF Learning
ENR002098,EMP0282,C008,Leadership & Influence,Leadership,2026-04-17,2026-04-29,Completed,83.0,4.0,False,SAP SF Learning
ENR002099,EMP0282,C009,Project Management (PMP Prep),Professional,2026-05-23,2026-07-07,Completed,98.0,10.0,False,Cornerstone
ENR002100,EMP0282,C012,Sales Techniques & CRM,Sales,2026-05-05,,In Progress,,4.0,False,SAP SF Learning
ENR002101,EMP0282,C014,Agile & Scrum Practitioner,Technical,2026-05-23,2026-07-22,Completed,68.0,4.0,False,Cornerstone
ENR002102,EMP0282,C015,AI & Machine Learning Basics,Technical,2025-12-24,2026-01-01,Completed,89.0,5.0,False,SAP SF Learning
ENR002103,EMP0283,C001,Data Privacy & GDPR Fundamentals,Compliance,2026-03-10,2026-04-27,Completed,68.0,2.0,True,SAP SF Learning
ENR002104,EMP0283,C002,Workplace Safety & Health,Compliance,2026-01-29,2026-02-03,Completed,66.0,1.5,True,Cornerstone
ENR002105,EMP0283,C003,Code of Conduct & Ethics,Compliance,2026-01-31,2026-02-26,Completed,68.0,1.0,True,SAP SF Learning
ENR002106,EMP0283,C004,Cybersecurity Awareness,Compliance,2025-08-11,2025-09-11,Completed,81.0,2.0,True,Cornerstone
ENR002107,EMP0283,C005,Anti-Harassment & Inclusion,Compliance,2026-04-20,2026-06-18,Completed,76.0,1.5,True,SAP SF Learning
ENR002108,EMP0283,C006,Python for Data Science,Technical,2026-04-25,2026-06-08,Completed,78.0,8.0,False,SAP SF Learning
ENR002109,EMP0283,C012,Sales Techniques & CRM,Sales,2026-03-21,2026-05-01,Completed,85.0,4.0,False,Cornerstone
ENR002110,EMP0283,C015,AI & Machine Learning Basics,Technical,2025-08-01,2025-09-26,Completed,90.0,5.0,False,Cornerstone
ENR002111,EMP0285,C001,Data Privacy & GDPR Fundamentals,Compliance,2026-06-01,2026-06-22,Completed,77.0,2.0,True,Cornerstone
ENR002112,EMP0285,C002,Workplace Safety & Health,Compliance,2025-12-15,2026-02-12,Completed,93.0,1.5,True,Cornerstone
ENR002113,EMP0285,C003,Code of Conduct & Ethics,Compliance,2025-09-19,2025-10-05,Completed,65.0,1.0,True,Cornerstone
ENR002114,EMP0285,C005,Anti-Harassment & Inclusion,Compliance,2026-06-07,2026-08-06,Completed,83.0,1.5,True,Cornerstone
ENR002115,EMP0285,C006,Python for Data Science,Technical,2025-10-23,,In Progress,,8.0,False,Cornerstone
ENR002116,EMP0285,C008,Leadership & Influence,Leadership,2025-12-06,,In Progress,,4.0,False,Cornerstone
ENR002117,EMP0285,C010,Advanced Excel & Power BI,Technical,2025-10-28,2025-12-20,Completed,88.0,5.0,False,Cornerstone
ENR002118,EMP0285,C011,Communication Skills,Soft Skills,2025-06-26,2025-07-01,Completed,87.0,3.0,False,SAP SF Learning
ENR002119,EMP0285,C012,Sales Techniques & CRM,Sales,2025-12-14,2026-01-28,Completed,65.0,4.0,False,SAP SF Learning
ENR002120,EMP0285,C013,Financial Modelling,Finance,2025-10-01,2025-11-12,Completed,69.0,6.0,False,SAP SF Learning
ENR002121,EMP0286,C001,Data Privacy & GDPR Fundamentals,Compliance,2026-01-26,2026-02-26,Completed,67.0,2.0,True,SAP SF Learning
ENR002122,EMP0286,C002,Workplace Safety & Health,Compliance,2025-07-13,,In Progress,,1.5,True,SAP SF Learning
ENR002123,EMP0286,C003,Code of Conduct & Ethics,Compliance,2025-10-08,2025-10-14,Completed,73.0,1.0,True,Cornerstone
ENR002124,EMP0286,C004,Cybersecurity Awareness,Compliance,2025-10-16,2025-11-08,Completed,95.0,2.0,True,SAP SF Learning
ENR002125,EMP0286,C005,Anti-Harassment & Inclusion,Compliance,2025-08-19,2025-10-16,Completed,78.0,1.5,True,Cornerstone
ENR002126,EMP0286,C007,Azure Cloud Fundamentals,Technical,2025-12-30,,In Progress,,6.0,False,SAP SF Learning
ENR002127,EMP0286,C008,Leadership & Influence,Leadership,2026-01-01,2026-02-26,Completed,77.0,4.0,False,SAP SF Learning
ENR002128,EMP0286,C014,Agile & Scrum Practitioner,Technical,2025-09-05,2025-10-27,Completed,100.0,4.0,False,SAP SF Learning
ENR002129,EMP0286,C015,AI & Machine Learning Basics,Technical,2025-06-27,2025-07-01,Completed,88.0,5.0,False,SAP SF Learning
ENR002130,EMP0288,C001,Data Privacy & GDPR Fundamentals,Compliance,2026-03-10,2026-04-03,Completed,88.0,2.0,True,SAP SF Learning
ENR002131,EMP0288,C002,Workplace Safety & Health,Compliance,2025-10-28,,In Progress,,1.5,True,Cornerstone
ENR002132,EMP0288,C003,Code of Conduct & Ethics,Compliance,2026-03-19,2026-04-27,Completed,62.0,1.0,True,SAP SF Learning
ENR002133,EMP0288,C004,Cybersecurity Awareness,Compliance,2025-10-13,2025-11-14,Completed,100.0,2.0,True,SAP SF Learning
ENR002134,EMP0288,C005,Anti-Harassment & Inclusion,Compliance,2026-02-23,,In Progress,,1.5,True,Cornerstone
ENR002135,EMP0288,C006,Python for Data Science,Technical,2025-07-18,2025-08-20,Completed,84.0,8.0,False,Cornerstone
ENR002136,EMP0288,C009,Project Management (PMP Prep),Professional,2025-11-07,2025-12-22,Completed,71.0,10.0,False,Cornerstone
ENR002137,EMP0288,C010,Advanced Excel & Power BI,Technical,2026-02-05,2026-02-20,Completed,80.0,5.0,False,SAP SF Learning
ENR002138,EMP0288,C011,Communication Skills,Soft Skills,2025-08-17,,In Progress,,3.0,False,Cornerstone
ENR002139,EMP0290,C001,Data Privacy & GDPR Fundamentals,Compliance,2026-03-08,,In Progress,,2.0,True,SAP SF Learning
ENR002140,EMP0290,C002,Workplace Safety & Health,Compliance,2025-08-31,,In Progress,,1.5,True,SAP SF Learning
ENR002141,EMP0290,C004,Cybersecurity Awareness,Compliance,2026-03-03,2026-04-01,Completed,100.0,2.0,True,SAP SF Learning
ENR002142,EMP0290,C005,Anti-Harassment & Inclusion,Compliance,2025-09-27,2025-11-20,Completed,91.0,1.5,True,Cornerstone
ENR002143,EMP0290,C007,Azure Cloud Fundamentals,Technical,2026-01-09,2026-02-01,Completed,97.0,6.0,False,SAP SF Learning
ENR002144,EMP0290,C012,Sales Techniques & CRM,Sales,2026-03-16,2026-04-30,Completed,97.0,4.0,False,Cornerstone
ENR002145,EMP0291,C001,Data Privacy & GDPR Fundamentals,Compliance,2026-03-31,2026-04-05,Completed,94.0,2.0,True,SAP SF Learning
ENR002146,EMP0291,C002,Workplace Safety & Health,Compliance,2026-05-28,2026-06-12,Completed,81.0,1.5,True,Cornerstone
ENR002147,EMP0291,C004,Cybersecurity Awareness,Compliance,2026-03-31,2026-05-29,Completed,83.0,2.0,True,SAP SF Learning
ENR002148,EMP0291,C005,Anti-Harassment & Inclusion,Compliance,2025-10-27,2025-10-30,Completed,63.0,1.5,True,SAP SF Learning
ENR002149,EMP0291,C006,Python for Data Science,Technical,2026-01-19,2026-01-21,Completed,85.0,8.0,False,SAP SF Learning
ENR002150,EMP0291,C008,Leadership & Influence,Leadership,2025-11-06,,Not Started,,4.0,False,SAP SF Learning
ENR002151,EMP0291,C015,AI & Machine Learning Basics,Technical,2025-09-04,2025-09-30,Completed,91.0,5.0,False,SAP SF Learning
ENR002152,EMP0294,C001,Data Privacy & GDPR Fundamentals,Compliance,2026-05-04,2026-05-26,Completed,80.0,2.0,True,Cornerstone
ENR002153,EMP0294,C002,Workplace Safety & Health,Compliance,2026-02-10,2026-02-11,Completed,64.0,1.5,True,SAP SF Learning
ENR002154,EMP0294,C003,Code of Conduct & Ethics,Compliance,2025-11-03,2025-11-12,Completed,85.0,1.0,True,Cornerstone
ENR002155,EMP0294,C004,Cybersecurity Awareness,Compliance,2025-12-04,2025-12-16,Completed,97.0,2.0,True,Cornerstone
ENR002156,EMP0294,C005,Anti-Harassment & Inclusion,Compliance,2026-02-21,,In Progress,,1.5,True,Cornerstone
ENR002157,EMP0294,C006,Python for Data Science,Technical,2026-05-07,2026-05-08,Completed,62.0,8.0,False,Cornerstone
ENR002158,EMP0294,C008,Leadership & Influence,Leadership,2025-09-12,2025-10-31,Completed,94.0,4.0,False,SAP SF Learning
ENR002159,EMP0294,C009,Project Management (PMP Prep),Professional,2025-08-07,,In Progress,,10.0,False,Cornerstone
ENR002160,EMP0294,C014,Agile & Scrum Practitioner,Technical,2026-05-15,,Not Started,,4.0,False,SAP SF Learning
ENR002161,EMP0295,C001,Data Privacy & GDPR Fundamentals,Compliance,2026-01-25,2026-03-16,Completed,87.0,2.0,True,SAP SF Learning
ENR002162,EMP0295,C002,Workplace Safety & Health,Compliance,2025-06-27,2025-08-20,Completed,75.0,1.5,True,SAP SF Learning
ENR002163,EMP0295,C003,Code of Conduct & Ethics,Compliance,2026-05-18,2026-05-19,Completed,69.0,1.0,True,SAP SF Learning
ENR002164,EMP0295,C004,Cybersecurity Awareness,Compliance,2025-12-28,2026-01-14,Completed,89.0,2.0,True,SAP SF Learning
ENR002165,EMP0295,C005,Anti-Harassment & Inclusion,Compliance,2026-03-06,2026-03-07,Completed,88.0,1.5,True,Cornerstone
ENR002166,EMP0295,C008,Leadership & Influence,Leadership,2025-11-24,,In Progress,,4.0,False,Cornerstone
ENR002167,EMP0295,C010,Advanced Excel & Power BI,Technical,2026-05-27,,In Progress,,5.0,False,SAP SF Learning
ENR002168,EMP0295,C012,Sales Techniques & CRM,Sales,2026-04-05,2026-05-03,Completed,73.0,4.0,False,SAP SF Learning
ENR002169,EMP0295,C015,AI & Machine Learning Basics,Technical,2025-12-09,2026-01-23,Completed,66.0,5.0,False,SAP SF Learning
ENR002170,EMP0296,C001,Data Privacy & GDPR Fundamentals,Compliance,2025-06-26,2025-08-14,Completed,81.0,2.0,True,Cornerstone
ENR002171,EMP0296,C002,Workplace Safety & Health,Compliance,2026-04-02,2026-05-11,Completed,73.0,1.5,True,Cornerstone
ENR002172,EMP0296,C003,Code of Conduct & Ethics,Compliance,2025-11-02,2025-11-12,Completed,92.0,1.0,True,SAP SF Learning
ENR002173,EMP0296,C004,Cybersecurity Awareness,Compliance,2026-04-17,2026-05-09,Completed,79.0,2.0,True,Cornerstone
ENR002174,EMP0296,C005,Anti-Harassment & Inclusion,Compliance,2025-12-26,2026-02-11,Completed,90.0,1.5,True,Cornerstone
ENR002175,EMP0296,C006,Python for Data Science,Technical,2025-08-31,,In Progress,,8.0,False,Cornerstone
ENR002176,EMP0296,C008,Leadership & Influence,Leadership,2025-09-25,2025-10-13,Completed,73.0,4.0,False,Cornerstone
ENR002177,EMP0296,C010,Advanced Excel & Power BI,Technical,2025-10-27,2025-12-12,Completed,72.0,5.0,False,Cornerstone
ENR002178,EMP0296,C012,Sales Techniques & CRM,Sales,2026-02-10,2026-02-14,Completed,77.0,4.0,False,Cornerstone
ENR002179,EMP0296,C013,Financial Modelling,Finance,2026-03-14,2026-04-06,Completed,68.0,6.0,False,Cornerstone
ENR002180,EMP0297,C001,Data Privacy & GDPR Fundamentals,Compliance,2025-07-15,2025-09-10,Completed,63.0,2.0,True,SAP SF Learning
ENR002181,EMP0297,C002,Workplace Safety & Health,Compliance,2025-08-25,2025-10-17,Completed,63.0,1.5,True,SAP SF Learning
ENR002182,EMP0297,C003,Code of Conduct & Ethics,Compliance,2026-01-26,2026-03-21,Completed,88.0,1.0,True,SAP SF Learning
ENR002183,EMP0297,C004,Cybersecurity Awareness,Compliance,2025-11-11,,In Progress,,2.0,True,Cornerstone
ENR002184,EMP0297,C005,Anti-Harassment & Inclusion,Compliance,2025-07-07,2025-08-18,Completed,70.0,1.5,True,Cornerstone
ENR002185,EMP0297,C008,Leadership & Influence,Leadership,2026-01-31,2026-02-11,Completed,97.0,4.0,False,Cornerstone
ENR002186,EMP0297,C014,Agile & Scrum Practitioner,Technical,2025-07-25,2025-07-26,Completed,92.0,4.0,False,Cornerstone
ENR002187,EMP0299,C001,Data Privacy & GDPR Fundamentals,Compliance,2026-05-02,2026-06-30,Completed,85.0,2.0,True,SAP SF Learning
ENR002188,EMP0299,C003,Code of Conduct & Ethics,Compliance,2025-06-25,2025-08-09,Completed,85.0,1.0,True,Cornerstone
ENR002189,EMP0299,C004,Cybersecurity Awareness,Compliance,2025-12-25,2026-01-18,Completed,83.0,2.0,True,Cornerstone
ENR002190,EMP0299,C005,Anti-Harassment & Inclusion,Compliance,2025-09-28,2025-11-18,Completed,76.0,1.5,True,SAP SF Learning
ENR002191,EMP0299,C006,Python for Data Science,Technical,2025-11-24,2025-12-07,Completed,79.0,8.0,False,Cornerstone
ENR002192,EMP0299,C008,Leadership & Influence,Leadership,2026-01-30,2026-03-01,Completed,72.0,4.0,False,Cornerstone
ENR002193,EMP0299,C009,Project Management (PMP Prep),Professional,2025-11-24,,In Progress,,10.0,False,Cornerstone
ENR002194,EMP0299,C010,Advanced Excel & Power BI,Technical,2025-09-01,,In Progress,,5.0,False,SAP SF Learning
ENR002195,EMP0299,C011,Communication Skills,Soft Skills,2025-10-11,2025-10-21,Completed,66.0,3.0,False,Cornerstone
ENR002196,EMP0299,C015,AI & Machine Learning Basics,Technical,2025-09-10,,In Progress,,5.0,False,SAP SF Learning
ENR002197,EMP0301,C001,Data Privacy & GDPR Fundamentals,Compliance,2025-08-26,2025-10-17,Completed,75.0,2.0,True,Cornerstone
ENR002198,EMP0301,C002,Workplace Safety & Health,Compliance,2025-09-26,,In Progress,,1.5,True,SAP SF Learning
ENR002199,EMP0301,C003,Code of Conduct & Ethics,Compliance,2025-10-29,2025-11-13,Completed,75.0,1.0,True,SAP SF Learning
ENR002200,EMP0301,C004,Cybersecurity Awareness,Compliance,2026-04-22,2026-06-06,Completed,75.0,2.0,True,Cornerstone
ENR002201,EMP0301,C005,Anti-Harassment & Inclusion,Compliance,2026-04-29,2026-06-11,Completed,93.0,1.5,True,SAP SF Learning
ENR002202,EMP0301,C006,Python for Data Science,Technical,2026-03-15,2026-05-10,Completed,89.0,8.0,False,SAP SF Learning
ENR002203,EMP0301,C007,Azure Cloud Fundamentals,Technical,2025-09-21,2025-11-11,Completed,89.0,6.0,False,SAP SF Learning
ENR002204,EMP0301,C009,Project Management (PMP Prep),Professional,2026-04-05,,Not Started,,10.0,False,Cornerstone
ENR002205,EMP0301,C010,Advanced Excel & Power BI,Technical,2025-10-31,2025-12-25,Completed,77.0,5.0,False,SAP SF Learning
ENR002206,EMP0301,C012,Sales Techniques & CRM,Sales,2026-04-18,2026-05-02,Completed,77.0,4.0,False,Cornerstone
ENR002207,EMP0301,C015,AI & Machine Learning Basics,Technical,2026-06-03,,Not Started,,5.0,False,Cornerstone
ENR002208,EMP0303,C001,Data Privacy & GDPR Fundamentals,Compliance,2025-08-20,2025-09-28,Completed,69.0,2.0,True,SAP SF Learning
ENR002209,EMP0303,C002,Workplace Safety & Health,Compliance,2025-10-31,2025-11-26,Completed,79.0,1.5,True,SAP SF Learning
ENR002210,EMP0303,C003,Code of Conduct & Ethics,Compliance,2026-05-06,,In Progress,,1.0,True,SAP SF Learning
ENR002211,EMP0303,C004,Cybersecurity Awareness,Compliance,2025-09-24,2025-10-18,Completed,97.0,2.0,True,Cornerstone
ENR002212,EMP0303,C005,Anti-Harassment & Inclusion,Compliance,2025-11-05,2025-12-28,Completed,78.0,1.5,True,Cornerstone
ENR002213,EMP0303,C010,Advanced Excel & Power BI,Technical,2025-10-07,2025-11-28,Completed,63.0,5.0,False,SAP SF Learning
ENR002214,EMP0303,C011,Communication Skills,Soft Skills,2026-04-04,2026-04-11,Completed,61.0,3.0,False,Cornerstone
ENR002215,EMP0303,C015,AI & Machine Learning Basics,Technical,2025-10-30,,Not Started,,5.0,False,Cornerstone
ENR002216,EMP0304,C001,Data Privacy & GDPR Fundamentals,Compliance,2026-01-11,2026-01-22,Completed,73.0,2.0,True,SAP SF Learning
ENR002217,EMP0304,C002,Workplace Safety & Health,Compliance,2026-02-20,2026-04-19,Completed,71.0,1.5,True,SAP SF Learning
ENR002218,EMP0304,C003,Code of Conduct & Ethics,Compliance,2025-12-22,2026-01-08,Completed,77.0,1.0,True,SAP SF Learning
ENR002219,EMP0304,C004,Cybersecurity Awareness,Compliance,2025-12-19,2025-12-30,Completed,61.0,2.0,True,SAP SF Learning
ENR002220,EMP0304,C005,Anti-Harassment & Inclusion,Compliance,2026-05-15,2026-05-25,Completed,74.0,1.5,True,SAP SF Learning
ENR002221,EMP0304,C006,Python for Data Science,Technical,2025-11-23,2025-12-14,Completed,86.0,8.0,False,Cornerstone
ENR002222,EMP0304,C007,Azure Cloud Fundamentals,Technical,2025-09-25,,In Progress,,6.0,False,SAP SF Learning
ENR002223,EMP0304,C009,Project Management (PMP Prep),Professional,2026-06-04,,Not Started,,10.0,False,Cornerstone
ENR002224,EMP0304,C012,Sales Techniques & CRM,Sales,2025-08-20,2025-10-02,Completed,72.0,4.0,False,Cornerstone
ENR002225,EMP0305,C001,Data Privacy & GDPR Fundamentals,Compliance,2025-11-11,2025-12-22,Completed,65.0,2.0,True,SAP SF Learning
ENR002226,EMP0305,C003,Code of Conduct & Ethics,Compliance,2025-08-25,2025-09-19,Completed,99.0,1.0,True,SAP SF Learning
ENR002227,EMP0305,C004,Cybersecurity Awareness,Compliance,2025-08-08,2025-09-03,Completed,71.0,2.0,True,Cornerstone
ENR002228,EMP0305,C005,Anti-Harassment & Inclusion,Compliance,2025-08-20,2025-09-30,Completed,91.0,1.5,True,Cornerstone
ENR002229,EMP0305,C007,Azure Cloud Fundamentals,Technical,2026-05-22,,In Progress,,6.0,False,Cornerstone
ENR002230,EMP0305,C008,Leadership & Influence,Leadership,2026-03-05,,Not Started,,4.0,False,Cornerstone
ENR002231,EMP0305,C009,Project Management (PMP Prep),Professional,2025-12-29,,In Progress,,10.0,False,Cornerstone
ENR002232,EMP0305,C012,Sales Techniques & CRM,Sales,2025-10-24,2025-11-08,Completed,87.0,4.0,False,SAP SF Learning
ENR002233,EMP0305,C015,AI & Machine Learning Basics,Technical,2025-12-04,2025-12-16,Completed,84.0,5.0,False,SAP SF Learning
ENR002234,EMP0306,C001,Data Privacy & GDPR Fundamentals,Compliance,2025-07-26,2025-09-16,Completed,70.0,2.0,True,Cornerstone
ENR002235,EMP0306,C002,Workplace Safety & Health,Compliance,2025-07-17,2025-07-25,Completed,69.0,1.5,True,SAP SF Learning
ENR002236,EMP0306,C003,Code of Conduct & Ethics,Compliance,2026-02-14,2026-04-08,Completed,95.0,1.0,True,Cornerstone
ENR002237,EMP0306,C004,Cybersecurity Awareness,Compliance,2026-01-12,2026-02-22,Completed,71.0,2.0,True,Cornerstone
ENR002238,EMP0306,C008,Leadership & Influence,Leadership,2025-09-17,,Not Started,,4.0,False,Cornerstone
ENR002239,EMP0306,C010,Advanced Excel & Power BI,Technical,2025-09-01,,In Progress,,5.0,False,Cornerstone
ENR002240,EMP0306,C013,Financial Modelling,Finance,2025-08-08,2025-09-20,Completed,96.0,6.0,False,Cornerstone
ENR002241,EMP0307,C001,Data Privacy & GDPR Fundamentals,Compliance,2025-10-24,2025-11-18,Completed,71.0,2.0,True,SAP SF Learning
ENR002242,EMP0307,C002,Workplace Safety & Health,Compliance,2026-02-19,2026-03-16,Completed,75.0,1.5,True,SAP SF Learning
ENR002243,EMP0307,C003,Code of Conduct & Ethics,Compliance,2025-09-12,2025-10-24,Completed,67.0,1.0,True,Cornerstone
ENR002244,EMP0307,C004,Cybersecurity Awareness,Compliance,2026-03-02,2026-03-20,Completed,66.0,2.0,True,Cornerstone
ENR002245,EMP0307,C005,Anti-Harassment & Inclusion,Compliance,2026-02-24,2026-04-20,Completed,95.0,1.5,True,SAP SF Learning
ENR002246,EMP0307,C007,Azure Cloud Fundamentals,Technical,2026-02-20,2026-04-11,Completed,84.0,6.0,False,Cornerstone
ENR002247,EMP0307,C008,Leadership & Influence,Leadership,2026-04-10,2026-05-06,Completed,74.0,4.0,False,SAP SF Learning
ENR002248,EMP0307,C009,Project Management (PMP Prep),Professional,2025-10-09,,Not Started,,10.0,False,Cornerstone
ENR002249,EMP0307,C010,Advanced Excel & Power BI,Technical,2025-07-07,,In Progress,,5.0,False,SAP SF Learning
ENR002250,EMP0307,C012,Sales Techniques & CRM,Sales,2026-04-03,,Not Started,,4.0,False,SAP SF Learning
ENR002251,EMP0307,C013,Financial Modelling,Finance,2026-06-06,,Not Started,,6.0,False,Cornerstone
ENR002252,EMP0307,C014,Agile & Scrum Practitioner,Technical,2025-12-19,2025-12-31,Completed,63.0,4.0,False,SAP SF Learning
ENR002253,EMP0308,C001,Data Privacy & GDPR Fundamentals,Compliance,2025-08-14,2025-08-25,Completed,60.0,2.0,True,Cornerstone
ENR002254,EMP0308,C002,Workplace Safety & Health,Compliance,2026-02-17,2026-02-26,Completed,65.0,1.5,True,Cornerstone
ENR002255,EMP0308,C003,Code of Conduct & Ethics,Compliance,2025-08-26,2025-10-14,Completed,87.0,1.0,True,SAP SF Learning
ENR002256,EMP0308,C004,Cybersecurity Awareness,Compliance,2026-01-15,2026-02-10,Completed,62.0,2.0,True,SAP SF Learning
ENR002257,EMP0308,C005,Anti-Harassment & Inclusion,Compliance,2025-08-12,2025-10-09,Completed,90.0,1.5,True,Cornerstone
ENR002258,EMP0308,C007,Azure Cloud Fundamentals,Technical,2026-02-17,2026-04-07,Completed,61.0,6.0,False,SAP SF Learning
ENR002259,EMP0308,C009,Project Management (PMP Prep),Professional,2025-12-11,,Not Started,,10.0,False,SAP SF Learning
ENR002260,EMP0308,C013,Financial Modelling,Finance,2026-01-29,2026-03-20,Completed,84.0,6.0,False,SAP SF Learning
ENR002261,EMP0308,C014,Agile & Scrum Practitioner,Technical,2025-12-25,,Not Started,,4.0,False,Cornerstone
ENR002262,EMP0308,C015,AI & Machine Learning Basics,Technical,2025-08-10,2025-08-15,Completed,82.0,5.0,False,Cornerstone
ENR002263,EMP0309,C001,Data Privacy & GDPR Fundamentals,Compliance,2025-12-15,2026-01-02,Completed,78.0,2.0,True,SAP SF Learning
ENR002264,EMP0309,C002,Workplace Safety & Health,Compliance,2025-09-27,2025-11-12,Completed,63.0,1.5,True,Cornerstone
ENR002265,EMP0309,C003,Code of Conduct & Ethics,Compliance,2026-01-13,2026-02-02,Completed,79.0,1.0,True,SAP SF Learning
ENR002266,EMP0309,C004,Cybersecurity Awareness,Compliance,2025-10-03,2025-11-10,Completed,88.0,2.0,True,SAP SF Learning
ENR002267,EMP0309,C005,Anti-Harassment & Inclusion,Compliance,2025-07-14,2025-07-27,Completed,84.0,1.5,True,SAP SF Learning
ENR002268,EMP0309,C009,Project Management (PMP Prep),Professional,2025-08-25,2025-10-12,Completed,84.0,10.0,False,SAP SF Learning
ENR002269,EMP0309,C011,Communication Skills,Soft Skills,2025-07-22,,Not Started,,3.0,False,Cornerstone
ENR002270,EMP0309,C012,Sales Techniques & CRM,Sales,2025-10-12,2025-11-26,Completed,83.0,4.0,False,SAP SF Learning
ENR002271,EMP0309,C013,Financial Modelling,Finance,2025-10-23,2025-11-26,Completed,70.0,6.0,False,SAP SF Learning
ENR002272,EMP0309,C014,Agile & Scrum Practitioner,Technical,2025-10-03,2025-10-09,Completed,80.0,4.0,False,SAP SF Learning
ENR002273,EMP0309,C015,AI & Machine Learning Basics,Technical,2026-01-12,,Not Started,,5.0,False,SAP SF Learning
ENR002274,EMP0310,C001,Data Privacy & GDPR Fundamentals,Compliance,2025-09-26,2025-10-24,Completed,75.0,2.0,True,SAP SF Learning
ENR002275,EMP0310,C003,Code of Conduct & Ethics,Compliance,2026-05-15,,Not Started,,1.0,True,Cornerstone
ENR002276,EMP0310,C004,Cybersecurity Awareness,Compliance,2025-09-17,2025-11-07,Completed,79.0,2.0,True,Cornerstone
ENR002277,EMP0310,C005,Anti-Harassment & Inclusion,Compliance,2026-06-04,2026-06-20,Completed,98.0,1.5,True,Cornerstone
ENR002278,EMP0310,C012,Sales Techniques & CRM,Sales,2026-01-25,2026-02-21,Completed,68.0,4.0,False,SAP SF Learning
ENR002279,EMP0310,C013,Financial Modelling,Finance,2026-01-19,,Not Started,,6.0,False,Cornerstone
ENR002280,EMP0310,C014,Agile & Scrum Practitioner,Technical,2025-06-12,,Not Started,,4.0,False,Cornerstone
ENR002281,EMP0310,C015,AI & Machine Learning Basics,Technical,2026-05-09,2026-05-12,Completed,90.0,5.0,False,SAP SF Learning
ENR002282,EMP0311,C001,Data Privacy & GDPR Fundamentals,Compliance,2026-05-06,2026-05-19,Completed,78.0,2.0,True,SAP SF Learning
ENR002283,EMP0311,C002,Workplace Safety & Health,Compliance,2025-12-10,2025-12-19,Completed,68.0,1.5,True,Cornerstone
ENR002284,EMP0311,C003,Code of Conduct & Ethics,Compliance,2025-06-26,2025-08-02,Completed,87.0,1.0,True,SAP SF Learning
ENR002285,EMP0311,C004,Cybersecurity Awareness,Compliance,2025-07-04,2025-08-13,Completed,74.0,2.0,True,Cornerstone
ENR002286,EMP0311,C005,Anti-Harassment & Inclusion,Compliance,2025-08-03,,Not Started,,1.5,True,Cornerstone
ENR002287,EMP0311,C006,Python for Data Science,Technical,2026-03-21,,Not Started,,8.0,False,SAP SF Learning
ENR002288,EMP0311,C007,Azure Cloud Fundamentals,Technical,2026-01-26,2026-02-17,Completed,97.0,6.0,False,SAP SF Learning
ENR002289,EMP0311,C009,Project Management (PMP Prep),Professional,2025-11-23,,In Progress,,10.0,False,Cornerstone
ENR002290,EMP0311,C010,Advanced Excel & Power BI,Technical,2025-10-27,2025-11-09,Completed,76.0,5.0,False,SAP SF Learning
ENR002291,EMP0311,C011,Communication Skills,Soft Skills,2025-07-07,2025-08-11,Completed,95.0,3.0,False,SAP SF Learning
ENR002292,EMP0311,C012,Sales Techniques & CRM,Sales,2026-05-21,2026-07-14,Completed,86.0,4.0,False,Cornerstone
ENR002293,EMP0311,C015,AI & Machine Learning Basics,Technical,2025-09-20,2025-11-01,Completed,66.0,5.0,False,Cornerstone
ENR002294,EMP0312,C001,Data Privacy & GDPR Fundamentals,Compliance,2026-02-22,2026-04-01,Completed,86.0,2.0,True,SAP SF Learning
ENR002295,EMP0312,C002,Workplace Safety & Health,Compliance,2026-01-05,2026-01-08,Completed,95.0,1.5,True,SAP SF Learning
ENR002296,EMP0312,C003,Code of Conduct & Ethics,Compliance,2026-05-23,2026-07-18,Completed,77.0,1.0,True,SAP SF Learning
ENR002297,EMP0312,C004,Cybersecurity Awareness,Compliance,2025-06-28,2025-08-19,Completed,65.0,2.0,True,SAP SF Learning
ENR002298,EMP0312,C005,Anti-Harassment & Inclusion,Compliance,2025-09-28,2025-10-15,Completed,72.0,1.5,True,Cornerstone
ENR002299,EMP0312,C007,Azure Cloud Fundamentals,Technical,2026-04-13,,Not Started,,6.0,False,Cornerstone
ENR002300,EMP0312,C009,Project Management (PMP Prep),Professional,2025-11-08,2025-12-07,Completed,81.0,10.0,False,Cornerstone
ENR002301,EMP0312,C010,Advanced Excel & Power BI,Technical,2025-08-08,,In Progress,,5.0,False,Cornerstone
ENR002302,EMP0312,C011,Communication Skills,Soft Skills,2025-11-12,2025-11-19,Completed,73.0,3.0,False,Cornerstone
ENR002303,EMP0312,C012,Sales Techniques & CRM,Sales,2025-09-02,2025-09-29,Completed,89.0,4.0,False,SAP SF Learning
ENR002304,EMP0312,C014,Agile & Scrum Practitioner,Technical,2025-12-03,2026-01-25,Completed,60.0,4.0,False,SAP SF Learning
ENR002305,EMP0312,C015,AI & Machine Learning Basics,Technical,2025-12-12,,Not Started,,5.0,False,SAP SF Learning
ENR002306,EMP0313,C001,Data Privacy & GDPR Fundamentals,Compliance,2026-03-27,2026-04-14,Completed,83.0,2.0,True,Cornerstone
ENR002307,EMP0313,C002,Workplace Safety & Health,Compliance,2026-05-26,2026-06-10,Completed,97.0,1.5,True,SAP SF Learning
ENR002308,EMP0313,C003,Code of Conduct & Ethics,Compliance,2025-08-14,2025-08-28,Completed,77.0,1.0,True,Cornerstone
ENR002309,EMP0313,C004,Cybersecurity Awareness,Compliance,2026-01-05,2026-01-10,Completed,97.0,2.0,True,Cornerstone
ENR002310,EMP0313,C005,Anti-Harassment & Inclusion,Compliance,2026-03-15,2026-03-26,Completed,68.0,1.5,True,SAP SF Learning
ENR002311,EMP0313,C011,Communication Skills,Soft Skills,2026-02-11,,Not Started,,3.0,False,SAP SF Learning
ENR002312,EMP0313,C014,Agile & Scrum Practitioner,Technical,2025-11-06,2025-12-11,Completed,74.0,4.0,False,SAP SF Learning
ENR002313,EMP0314,C001,Data Privacy & GDPR Fundamentals,Compliance,2025-10-19,2025-12-18,Completed,64.0,2.0,True,Cornerstone
ENR002314,EMP0314,C002,Workplace Safety & Health,Compliance,2026-01-28,2026-03-07,Completed,81.0,1.5,True,SAP SF Learning
ENR002315,EMP0314,C003,Code of Conduct & Ethics,Compliance,2026-01-02,2026-01-19,Completed,92.0,1.0,True,Cornerstone
ENR002316,EMP0314,C004,Cybersecurity Awareness,Compliance,2025-12-15,2025-12-28,Completed,88.0,2.0,True,Cornerstone
ENR002317,EMP0314,C005,Anti-Harassment & Inclusion,Compliance,2025-07-18,2025-07-24,Completed,63.0,1.5,True,Cornerstone
ENR002318,EMP0314,C008,Leadership & Influence,Leadership,2026-04-19,,In Progress,,4.0,False,Cornerstone
ENR002319,EMP0314,C009,Project Management (PMP Prep),Professional,2026-04-25,2026-06-09,Completed,62.0,10.0,False,Cornerstone
ENR002320,EMP0314,C010,Advanced Excel & Power BI,Technical,2026-01-23,,Not Started,,5.0,False,SAP SF Learning
ENR002321,EMP0314,C013,Financial Modelling,Finance,2025-08-03,,Not Started,,6.0,False,SAP SF Learning
ENR002322,EMP0314,C015,AI & Machine Learning Basics,Technical,2026-05-08,2026-05-18,Completed,67.0,5.0,False,SAP SF Learning
ENR002323,EMP0315,C001,Data Privacy & GDPR Fundamentals,Compliance,2026-02-28,2026-04-21,Completed,76.0,2.0,True,SAP SF Learning
ENR002324,EMP0315,C002,Workplace Safety & Health,Compliance,2025-08-23,,In Progress,,1.5,True,Cornerstone
ENR002325,EMP0315,C003,Code of Conduct & Ethics,Compliance,2025-09-30,2025-10-29,Completed,61.0,1.0,True,SAP SF Learning
ENR002326,EMP0315,C004,Cybersecurity Awareness,Compliance,2025-12-27,2026-02-04,Completed,97.0,2.0,True,SAP SF Learning
ENR002327,EMP0315,C005,Anti-Harassment & Inclusion,Compliance,2025-12-06,2025-12-17,Completed,60.0,1.5,True,SAP SF Learning
ENR002328,EMP0315,C006,Python for Data Science,Technical,2025-12-23,,In Progress,,8.0,False,SAP SF Learning
ENR002329,EMP0315,C009,Project Management (PMP Prep),Professional,2026-02-10,,In Progress,,10.0,False,SAP SF Learning
ENR002330,EMP0315,C010,Advanced Excel & Power BI,Technical,2025-12-02,,Not Started,,5.0,False,SAP SF Learning
ENR002331,EMP0315,C011,Communication Skills,Soft Skills,2025-10-26,2025-10-28,Completed,86.0,3.0,False,Cornerstone
ENR002332,EMP0315,C012,Sales Techniques & CRM,Sales,2025-07-12,2025-08-20,Completed,68.0,4.0,False,Cornerstone
ENR002333,EMP0315,C014,Agile & Scrum Practitioner,Technical,2025-09-28,2025-10-19,Completed,86.0,4.0,False,Cornerstone
ENR002334,EMP0316,C001,Data Privacy & GDPR Fundamentals,Compliance,2026-02-22,2026-03-20,Completed,74.0,2.0,True,SAP SF Learning
ENR002335,EMP0316,C002,Workplace Safety & Health,Compliance,2026-02-24,2026-03-06,Completed,86.0,1.5,True,Cornerstone
ENR002336,EMP0316,C003,Code of Conduct & Ethics,Compliance,2026-03-17,2026-05-05,Completed,71.0,1.0,True,Cornerstone
ENR002337,EMP0316,C004,Cybersecurity Awareness,Compliance,2025-07-09,2025-07-26,Completed,99.0,2.0,True,Cornerstone
ENR002338,EMP0316,C005,Anti-Harassment & Inclusion,Compliance,2026-01-09,2026-01-22,Completed,73.0,1.5,True,Cornerstone
ENR002339,EMP0316,C007,Azure Cloud Fundamentals,Technical,2026-01-18,2026-03-14,Completed,74.0,6.0,False,Cornerstone
ENR002340,EMP0316,C009,Project Management (PMP Prep),Professional,2026-04-27,2026-05-02,Completed,83.0,10.0,False,SAP SF Learning
ENR002341,EMP0317,C001,Data Privacy & GDPR Fundamentals,Compliance,2025-09-19,2025-09-23,Completed,84.0,2.0,True,SAP SF Learning
ENR002342,EMP0317,C003,Code of Conduct & Ethics,Compliance,2026-04-30,2026-05-01,Completed,62.0,1.0,True,SAP SF Learning
ENR002343,EMP0317,C004,Cybersecurity Awareness,Compliance,2026-06-04,2026-08-03,Completed,91.0,2.0,True,SAP SF Learning
ENR002344,EMP0317,C005,Anti-Harassment & Inclusion,Compliance,2025-12-13,2026-01-03,Completed,93.0,1.5,True,SAP SF Learning
ENR002345,EMP0317,C007,Azure Cloud Fundamentals,Technical,2026-05-13,2026-06-02,Completed,67.0,6.0,False,SAP SF Learning
ENR002346,EMP0317,C008,Leadership & Influence,Leadership,2026-02-20,2026-04-01,Completed,69.0,4.0,False,SAP SF Learning
ENR002347,EMP0317,C009,Project Management (PMP Prep),Professional,2025-08-23,2025-09-12,Completed,64.0,10.0,False,Cornerstone
ENR002348,EMP0317,C015,AI & Machine Learning Basics,Technical,2026-05-10,,In Progress,,5.0,False,SAP SF Learning
ENR002349,EMP0319,C001,Data Privacy & GDPR Fundamentals,Compliance,2026-01-26,,Not Started,,2.0,True,Cornerstone
ENR002350,EMP0319,C002,Workplace Safety & Health,Compliance,2025-12-25,2026-01-02,Completed,95.0,1.5,True,Cornerstone
ENR002351,EMP0319,C003,Code of Conduct & Ethics,Compliance,2026-05-15,2026-06-11,Completed,61.0,1.0,True,Cornerstone
ENR002352,EMP0319,C004,Cybersecurity Awareness,Compliance,2025-07-03,2025-09-01,Completed,72.0,2.0,True,Cornerstone
ENR002353,EMP0319,C005,Anti-Harassment & Inclusion,Compliance,2025-08-23,2025-09-05,Completed,66.0,1.5,True,Cornerstone
ENR002354,EMP0319,C006,Python for Data Science,Technical,2026-04-19,2026-05-05,Completed,93.0,8.0,False,Cornerstone
ENR002355,EMP0319,C007,Azure Cloud Fundamentals,Technical,2025-10-25,2025-11-05,Completed,86.0,6.0,False,Cornerstone
ENR002356,EMP0319,C009,Project Management (PMP Prep),Professional,2025-11-11,2025-12-09,Completed,70.0,10.0,False,SAP SF Learning
ENR002357,EMP0319,C011,Communication Skills,Soft Skills,2026-01-11,,In Progress,,3.0,False,SAP SF Learning
ENR002358,EMP0320,C001,Data Privacy & GDPR Fundamentals,Compliance,2026-01-06,,Not Started,,2.0,True,Cornerstone
ENR002359,EMP0320,C002,Workplace Safety & Health,Compliance,2025-07-20,2025-08-25,Completed,79.0,1.5,True,Cornerstone
ENR002360,EMP0320,C003,Code of Conduct & Ethics,Compliance,2025-07-08,2025-08-20,Completed,92.0,1.0,True,Cornerstone
ENR002361,EMP0320,C004,Cybersecurity Awareness,Compliance,2025-09-05,2025-09-15,Completed,66.0,2.0,True,Cornerstone
ENR002362,EMP0320,C005,Anti-Harassment & Inclusion,Compliance,2025-08-21,2025-09-29,Completed,64.0,1.5,True,SAP SF Learning
ENR002363,EMP0320,C009,Project Management (PMP Prep),Professional,2025-06-26,2025-08-06,Completed,83.0,10.0,False,Cornerstone
ENR002364,EMP0320,C011,Communication Skills,Soft Skills,2026-02-18,,In Progress,,3.0,False,Cornerstone
ENR002365,EMP0320,C012,Sales Techniques & CRM,Sales,2025-11-29,,In Progress,,4.0,False,SAP SF Learning
ENR002366,EMP0321,C001,Data Privacy & GDPR Fundamentals,Compliance,2026-03-05,2026-04-17,Completed,91.0,2.0,True,Cornerstone
ENR002367,EMP0321,C002,Workplace Safety & Health,Compliance,2025-06-15,,In Progress,,1.5,True,SAP SF Learning
ENR002368,EMP0321,C003,Code of Conduct & Ethics,Compliance,2026-03-06,,Not Started,,1.0,True,SAP SF Learning
ENR002369,EMP0321,C004,Cybersecurity Awareness,Compliance,2026-02-02,,In Progress,,2.0,True,Cornerstone
ENR002370,EMP0321,C005,Anti-Harassment & Inclusion,Compliance,2025-08-27,2025-09-29,Completed,97.0,1.5,True,Cornerstone
ENR002371,EMP0321,C006,Python for Data Science,Technical,2025-09-23,,In Progress,,8.0,False,SAP SF Learning
ENR002372,EMP0321,C013,Financial Modelling,Finance,2025-06-17,2025-07-23,Completed,98.0,6.0,False,SAP SF Learning
ENR002373,EMP0322,C001,Data Privacy & GDPR Fundamentals,Compliance,2026-01-17,2026-02-04,Completed,64.0,2.0,True,Cornerstone
ENR002374,EMP0322,C002,Workplace Safety & Health,Compliance,2026-04-16,2026-05-06,Completed,67.0,1.5,True,SAP SF Learning
ENR002375,EMP0322,C003,Code of Conduct & Ethics,Compliance,2025-09-29,2025-11-02,Completed,100.0,1.0,True,SAP SF Learning
ENR002376,EMP0322,C004,Cybersecurity Awareness,Compliance,2026-03-21,2026-05-12,Completed,94.0,2.0,True,Cornerstone
ENR002377,EMP0322,C009,Project Management (PMP Prep),Professional,2025-11-09,,Not Started,,10.0,False,Cornerstone
ENR002378,EMP0322,C012,Sales Techniques & CRM,Sales,2025-11-11,2025-12-20,Completed,63.0,4.0,False,Cornerstone
ENR002379,EMP0322,C013,Financial Modelling,Finance,2026-01-03,,Not Started,,6.0,False,Cornerstone
ENR002380,EMP0322,C014,Agile & Scrum Practitioner,Technical,2026-05-16,2026-06-21,Completed,72.0,4.0,False,Cornerstone
ENR002381,EMP0322,C015,AI & Machine Learning Basics,Technical,2026-04-21,2026-05-07,Completed,99.0,5.0,False,SAP SF Learning
ENR002382,EMP0323,C001,Data Privacy & GDPR Fundamentals,Compliance,2026-05-07,2026-05-14,Completed,95.0,2.0,True,SAP SF Learning
ENR002383,EMP0323,C002,Workplace Safety & Health,Compliance,2026-05-11,2026-05-21,Completed,88.0,1.5,True,SAP SF Learning
ENR002384,EMP0323,C003,Code of Conduct & Ethics,Compliance,2025-06-27,2025-06-30,Completed,82.0,1.0,True,SAP SF Learning
ENR002385,EMP0323,C004,Cybersecurity Awareness,Compliance,2025-11-13,2026-01-09,Completed,98.0,2.0,True,SAP SF Learning
ENR002386,EMP0323,C005,Anti-Harassment & Inclusion,Compliance,2025-06-16,,Not Started,,1.5,True,SAP SF Learning
ENR002387,EMP0323,C007,Azure Cloud Fundamentals,Technical,2025-11-26,,Not Started,,6.0,False,SAP SF Learning
ENR002388,EMP0323,C008,Leadership & Influence,Leadership,2026-04-01,2026-05-18,Completed,61.0,4.0,False,Cornerstone
ENR002389,EMP0323,C009,Project Management (PMP Prep),Professional,2026-05-16,,In Progress,,10.0,False,Cornerstone
ENR002390,EMP0323,C012,Sales Techniques & CRM,Sales,2026-06-01,2026-06-18,Completed,68.0,4.0,False,Cornerstone
ENR002391,EMP0323,C013,Financial Modelling,Finance,2025-10-20,,Not Started,,6.0,False,SAP SF Learning
ENR002392,EMP0324,C001,Data Privacy & GDPR Fundamentals,Compliance,2025-10-13,,Not Started,,2.0,True,SAP SF Learning
ENR002393,EMP0324,C002,Workplace Safety & Health,Compliance,2026-06-06,2026-06-18,Completed,71.0,1.5,True,Cornerstone
ENR002394,EMP0324,C003,Code of Conduct & Ethics,Compliance,2025-06-12,2025-06-26,Completed,100.0,1.0,True,SAP SF Learning
ENR002395,EMP0324,C004,Cybersecurity Awareness,Compliance,2025-06-20,2025-07-10,Completed,90.0,2.0,True,SAP SF Learning
ENR002396,EMP0324,C005,Anti-Harassment & Inclusion,Compliance,2025-09-29,2025-10-20,Completed,83.0,1.5,True,Cornerstone
ENR002397,EMP0324,C006,Python for Data Science,Technical,2025-07-16,,In Progress,,8.0,False,Cornerstone
ENR002398,EMP0324,C008,Leadership & Influence,Leadership,2025-10-16,,In Progress,,4.0,False,Cornerstone
ENR002399,EMP0324,C010,Advanced Excel & Power BI,Technical,2026-03-24,2026-04-02,Completed,71.0,5.0,False,Cornerstone
ENR002400,EMP0324,C011,Communication Skills,Soft Skills,2026-03-15,,In Progress,,3.0,False,Cornerstone
ENR002401,EMP0324,C012,Sales Techniques & CRM,Sales,2025-08-09,2025-08-27,Completed,94.0,4.0,False,Cornerstone
ENR002402,EMP0324,C014,Agile & Scrum Practitioner,Technical,2025-10-13,2025-11-20,Completed,79.0,4.0,False,Cornerstone
ENR002403,EMP0324,C015,AI & Machine Learning Basics,Technical,2026-03-13,,In Progress,,5.0,False,SAP SF Learning
ENR002404,EMP0325,C001,Data Privacy & GDPR Fundamentals,Compliance,2025-12-21,2026-01-14,Completed,99.0,2.0,True,Cornerstone
ENR002405,EMP0325,C002,Workplace Safety & Health,Compliance,2025-06-30,2025-07-04,Completed,93.0,1.5,True,Cornerstone
ENR002406,EMP0325,C003,Code of Conduct & Ethics,Compliance,2026-01-28,2026-02-26,Completed,89.0,1.0,True,SAP SF Learning
ENR002407,EMP0325,C004,Cybersecurity Awareness,Compliance,2025-09-06,2025-10-17,Completed,73.0,2.0,True,SAP SF Learning
ENR002408,EMP0325,C005,Anti-Harassment & Inclusion,Compliance,2025-10-03,2025-11-06,Completed,78.0,1.5,True,Cornerstone
ENR002409,EMP0325,C009,Project Management (PMP Prep),Professional,2026-05-04,,In Progress,,10.0,False,Cornerstone
ENR002410,EMP0325,C011,Communication Skills,Soft Skills,2025-07-27,2025-08-23,Completed,65.0,3.0,False,Cornerstone
ENR002411,EMP0325,C012,Sales Techniques & CRM,Sales,2026-02-14,2026-03-25,Completed,71.0,4.0,False,SAP SF Learning
ENR002412,EMP0325,C013,Financial Modelling,Finance,2025-12-23,2026-01-04,Completed,95.0,6.0,False,Cornerstone
ENR002413,EMP0325,C014,Agile & Scrum Practitioner,Technical,2026-01-06,2026-01-07,Completed,78.0,4.0,False,SAP SF Learning
ENR002414,EMP0326,C001,Data Privacy & GDPR Fundamentals,Compliance,2025-07-26,2025-08-15,Completed,86.0,2.0,True,SAP SF Learning
ENR002415,EMP0326,C002,Workplace Safety & Health,Compliance,2025-08-31,,In Progress,,1.5,True,SAP SF Learning
ENR002416,EMP0326,C003,Code of Conduct & Ethics,Compliance,2026-04-10,2026-04-17,Completed,92.0,1.0,True,Cornerstone
ENR002417,EMP0326,C004,Cybersecurity Awareness,Compliance,2026-03-02,2026-03-21,Completed,77.0,2.0,True,SAP SF Learning
ENR002418,EMP0326,C005,Anti-Harassment & Inclusion,Compliance,2026-03-22,2026-05-09,Completed,84.0,1.5,True,Cornerstone
ENR002419,EMP0326,C006,Python for Data Science,Technical,2026-06-06,2026-06-26,Completed,74.0,8.0,False,Cornerstone
ENR002420,EMP0326,C007,Azure Cloud Fundamentals,Technical,2026-01-30,2026-03-28,Completed,84.0,6.0,False,SAP SF Learning
ENR002421,EMP0326,C010,Advanced Excel & Power BI,Technical,2025-06-23,2025-07-28,Completed,98.0,5.0,False,SAP SF Learning
ENR002422,EMP0326,C012,Sales Techniques & CRM,Sales,2026-06-06,,Not Started,,4.0,False,Cornerstone
ENR002423,EMP0326,C013,Financial Modelling,Finance,2026-01-26,2026-03-01,Completed,78.0,6.0,False,SAP SF Learning
ENR002424,EMP0328,C001,Data Privacy & GDPR Fundamentals,Compliance,2025-10-03,2025-11-30,Completed,99.0,2.0,True,SAP SF Learning
ENR002425,EMP0328,C002,Workplace Safety & Health,Compliance,2025-11-26,2026-01-24,Completed,83.0,1.5,True,SAP SF Learning
ENR002426,EMP0328,C003,Code of Conduct & Ethics,Compliance,2026-03-12,2026-04-30,Completed,93.0,1.0,True,Cornerstone
ENR002427,EMP0328,C004,Cybersecurity Awareness,Compliance,2026-03-24,2026-05-01,Completed,63.0,2.0,True,Cornerstone
ENR002428,EMP0328,C005,Anti-Harassment & Inclusion,Compliance,2025-11-27,2025-12-27,Completed,94.0,1.5,True,Cornerstone
ENR002429,EMP0328,C006,Python for Data Science,Technical,2026-01-05,2026-02-13,Completed,88.0,8.0,False,Cornerstone
ENR002430,EMP0328,C008,Leadership & Influence,Leadership,2026-05-31,,Not Started,,4.0,False,Cornerstone
ENR002431,EMP0328,C011,Communication Skills,Soft Skills,2025-11-08,,In Progress,,3.0,False,Cornerstone
ENR002432,EMP0328,C012,Sales Techniques & CRM,Sales,2025-06-21,2025-07-24,Completed,81.0,4.0,False,SAP SF Learning
ENR002433,EMP0328,C013,Financial Modelling,Finance,2025-07-11,2025-08-20,Completed,91.0,6.0,False,Cornerstone
ENR002434,EMP0330,C001,Data Privacy & GDPR Fundamentals,Compliance,2026-04-14,2026-06-12,Completed,96.0,2.0,True,Cornerstone
ENR002435,EMP0330,C002,Workplace Safety & Health,Compliance,2025-11-29,2025-12-03,Completed,83.0,1.5,True,SAP SF Learning
ENR002436,EMP0330,C003,Code of Conduct & Ethics,Compliance,2026-05-10,2026-06-07,Completed,97.0,1.0,True,Cornerstone
ENR002437,EMP0330,C004,Cybersecurity Awareness,Compliance,2026-04-12,2026-05-23,Completed,80.0,2.0,True,Cornerstone
ENR002438,EMP0330,C005,Anti-Harassment & Inclusion,Compliance,2025-12-06,,In Progress,,1.5,True,SAP SF Learning
ENR002439,EMP0330,C008,Leadership & Influence,Leadership,2026-01-22,2026-02-07,Completed,94.0,4.0,False,Cornerstone
ENR002440,EMP0330,C011,Communication Skills,Soft Skills,2026-03-17,2026-04-23,Completed,63.0,3.0,False,SAP SF Learning
ENR002441,EMP0330,C015,AI & Machine Learning Basics,Technical,2026-03-14,2026-04-09,Completed,64.0,5.0,False,SAP SF Learning
ENR002442,EMP0331,C001,Data Privacy & GDPR Fundamentals,Compliance,2026-04-14,2026-05-16,Completed,73.0,2.0,True,SAP SF Learning
ENR002443,EMP0331,C002,Workplace Safety & Health,Compliance,2025-08-02,,In Progress,,1.5,True,Cornerstone
ENR002444,EMP0331,C003,Code of Conduct & Ethics,Compliance,2025-12-24,2026-01-19,Completed,96.0,1.0,True,Cornerstone
ENR002445,EMP0331,C004,Cybersecurity Awareness,Compliance,2025-09-11,2025-09-15,Completed,60.0,2.0,True,SAP SF Learning
ENR002446,EMP0331,C005,Anti-Harassment & Inclusion,Compliance,2026-05-14,,Not Started,,1.5,True,Cornerstone
ENR002447,EMP0331,C007,Azure Cloud Fundamentals,Technical,2026-02-17,2026-03-14,Completed,84.0,6.0,False,Cornerstone
ENR002448,EMP0331,C014,Agile & Scrum Practitioner,Technical,2025-06-20,,Not Started,,4.0,False,SAP SF Learning
ENR002449,EMP0331,C015,AI & Machine Learning Basics,Technical,2025-09-14,2025-10-18,Completed,65.0,5.0,False,SAP SF Learning
ENR002450,EMP0332,C001,Data Privacy & GDPR Fundamentals,Compliance,2025-09-17,2025-11-02,Completed,86.0,2.0,True,Cornerstone
ENR002451,EMP0332,C002,Workplace Safety & Health,Compliance,2025-07-20,2025-09-03,Completed,89.0,1.5,True,SAP SF Learning
ENR002452,EMP0332,C003,Code of Conduct & Ethics,Compliance,2025-08-28,2025-10-23,Completed,100.0,1.0,True,SAP SF Learning
ENR002453,EMP0332,C004,Cybersecurity Awareness,Compliance,2025-09-20,2025-10-14,Completed,67.0,2.0,True,Cornerstone
ENR002454,EMP0332,C005,Anti-Harassment & Inclusion,Compliance,2026-01-13,2026-01-22,Completed,91.0,1.5,True,Cornerstone
ENR002455,EMP0332,C006,Python for Data Science,Technical,2025-11-19,2025-11-28,Completed,92.0,8.0,False,Cornerstone
ENR002456,EMP0332,C007,Azure Cloud Fundamentals,Technical,2025-09-22,2025-10-26,Completed,97.0,6.0,False,Cornerstone
ENR002457,EMP0332,C009,Project Management (PMP Prep),Professional,2026-01-18,,Not Started,,10.0,False,SAP SF Learning
ENR002458,EMP0332,C013,Financial Modelling,Finance,2025-08-15,2025-10-03,Completed,77.0,6.0,False,SAP SF Learning
ENR002459,EMP0332,C015,AI & Machine Learning Basics,Technical,2026-05-07,,Not Started,,5.0,False,SAP SF Learning
ENR002460,EMP0333,C001,Data Privacy & GDPR Fundamentals,Compliance,2025-12-17,2026-01-04,Completed,72.0,2.0,True,Cornerstone
ENR002461,EMP0333,C002,Workplace Safety & Health,Compliance,2025-11-21,2025-12-27,Completed,67.0,1.5,True,Cornerstone
ENR002462,EMP0333,C003,Code of Conduct & Ethics,Compliance,2026-05-01,2026-05-19,Completed,62.0,1.0,True,Cornerstone
ENR002463,EMP0333,C004,Cybersecurity Awareness,Compliance,2025-08-29,2025-10-17,Completed,93.0,2.0,True,Cornerstone
ENR002464,EMP0333,C005,Anti-Harassment & Inclusion,Compliance,2025-08-28,2025-09-26,Completed,82.0,1.5,True,Cornerstone
ENR002465,EMP0333,C006,Python for Data Science,Technical,2025-09-27,,Not Started,,8.0,False,Cornerstone
ENR002466,EMP0333,C007,Azure Cloud Fundamentals,Technical,2026-03-15,2026-03-16,Completed,99.0,6.0,False,Cornerstone
ENR002467,EMP0333,C008,Leadership & Influence,Leadership,2025-12-25,,Not Started,,4.0,False,Cornerstone
ENR002468,EMP0333,C009,Project Management (PMP Prep),Professional,2025-07-31,2025-09-20,Completed,70.0,10.0,False,Cornerstone
ENR002469,EMP0333,C010,Advanced Excel & Power BI,Technical,2026-05-04,2026-06-29,Completed,74.0,5.0,False,Cornerstone
ENR002470,EMP0333,C014,Agile & Scrum Practitioner,Technical,2026-03-04,2026-04-11,Completed,77.0,4.0,False,Cornerstone
ENR002471,EMP0333,C015,AI & Machine Learning Basics,Technical,2025-10-31,,In Progress,,5.0,False,Cornerstone
ENR002472,EMP0334,C001,Data Privacy & GDPR Fundamentals,Compliance,2025-12-13,2026-01-02,Completed,66.0,2.0,True,Cornerstone
ENR002473,EMP0334,C002,Workplace Safety & Health,Compliance,2025-09-25,2025-10-25,Completed,61.0,1.5,True,SAP SF Learning
ENR002474,EMP0334,C003,Code of Conduct & Ethics,Compliance,2025-11-07,,Not Started,,1.0,True,Cornerstone
ENR002475,EMP0334,C004,Cybersecurity Awareness,Compliance,2025-11-01,2025-12-03,Completed,79.0,2.0,True,Cornerstone
ENR002476,EMP0334,C005,Anti-Harassment & Inclusion,Compliance,2025-06-14,2025-08-10,Completed,73.0,1.5,True,Cornerstone
ENR002477,EMP0334,C006,Python for Data Science,Technical,2026-04-27,,In Progress,,8.0,False,Cornerstone
ENR002478,EMP0334,C009,Project Management (PMP Prep),Professional,2026-01-07,2026-02-21,Completed,70.0,10.0,False,Cornerstone
ENR002479,EMP0334,C010,Advanced Excel & Power BI,Technical,2025-06-23,2025-07-15,Completed,75.0,5.0,False,SAP SF Learning
ENR002480,EMP0334,C011,Communication Skills,Soft Skills,2025-08-01,2025-08-25,Completed,72.0,3.0,False,SAP SF Learning
ENR002481,EMP0334,C012,Sales Techniques & CRM,Sales,2025-06-13,2025-07-14,Completed,98.0,4.0,False,SAP SF Learning
ENR002482,EMP0334,C013,Financial Modelling,Finance,2025-09-12,2025-11-03,Completed,96.0,6.0,False,Cornerstone
ENR002483,EMP0334,C015,AI & Machine Learning Basics,Technical,2026-03-28,,Not Started,,5.0,False,Cornerstone
ENR002484,EMP0335,C001,Data Privacy & GDPR Fundamentals,Compliance,2025-07-21,2025-09-12,Completed,84.0,2.0,True,Cornerstone
ENR002485,EMP0335,C002,Workplace Safety & Health,Compliance,2025-12-10,,Not Started,,1.5,True,SAP SF Learning
ENR002486,EMP0335,C003,Code of Conduct & Ethics,Compliance,2025-07-26,2025-09-17,Completed,76.0,1.0,True,SAP SF Learning
ENR002487,EMP0335,C004,Cybersecurity Awareness,Compliance,2026-03-12,2026-04-29,Completed,86.0,2.0,True,Cornerstone
ENR002488,EMP0335,C006,Python for Data Science,Technical,2026-04-19,,In Progress,,8.0,False,SAP SF Learning
ENR002489,EMP0335,C007,Azure Cloud Fundamentals,Technical,2025-10-06,2025-10-10,Completed,69.0,6.0,False,Cornerstone
ENR002490,EMP0335,C008,Leadership & Influence,Leadership,2026-04-10,,In Progress,,4.0,False,Cornerstone
ENR002491,EMP0335,C009,Project Management (PMP Prep),Professional,2025-11-10,2025-12-02,Completed,71.0,10.0,False,Cornerstone
ENR002492,EMP0335,C010,Advanced Excel & Power BI,Technical,2025-07-11,2025-08-27,Completed,61.0,5.0,False,SAP SF Learning
ENR002493,EMP0335,C012,Sales Techniques & CRM,Sales,2025-08-18,2025-08-20,Completed,73.0,4.0,False,Cornerstone
ENR002494,EMP0335,C014,Agile & Scrum Practitioner,Technical,2025-07-30,2025-08-05,Completed,89.0,4.0,False,SAP SF Learning
ENR002495,EMP0335,C015,AI & Machine Learning Basics,Technical,2026-02-27,2026-03-22,Completed,82.0,5.0,False,SAP SF Learning
ENR002496,EMP0336,C001,Data Privacy & GDPR Fundamentals,Compliance,2025-06-23,2025-06-30,Completed,96.0,2.0,True,Cornerstone
ENR002497,EMP0336,C002,Workplace Safety & Health,Compliance,2026-06-05,2026-08-04,Completed,65.0,1.5,True,Cornerstone
ENR002498,EMP0336,C003,Code of Conduct & Ethics,Compliance,2026-01-05,,Not Started,,1.0,True,SAP SF Learning
ENR002499,EMP0336,C004,Cybersecurity Awareness,Compliance,2026-01-11,2026-03-09,Completed,92.0,2.0,True,SAP SF Learning
ENR002500,EMP0336,C005,Anti-Harassment & Inclusion,Compliance,2025-12-06,2025-12-10,Completed,60.0,1.5,True,SAP SF Learning
ENR002501,EMP0336,C006,Python for Data Science,Technical,2025-12-25,,Not Started,,8.0,False,Cornerstone
ENR002502,EMP0336,C007,Azure Cloud Fundamentals,Technical,2025-06-22,2025-08-01,Completed,96.0,6.0,False,Cornerstone
ENR002503,EMP0336,C010,Advanced Excel & Power BI,Technical,2026-04-25,,In Progress,,5.0,False,SAP SF Learning
ENR002504,EMP0336,C012,Sales Techniques & CRM,Sales,2025-10-14,,Not Started,,4.0,False,SAP SF Learning
ENR002505,EMP0336,C013,Financial Modelling,Finance,2025-06-24,2025-07-02,Completed,74.0,6.0,False,SAP SF Learning
ENR002506,EMP0337,C001,Data Privacy & GDPR Fundamentals,Compliance,2025-08-13,2025-09-29,Completed,91.0,2.0,True,Cornerstone
ENR002507,EMP0337,C002,Workplace Safety & Health,Compliance,2025-10-27,,In Progress,,1.5,True,Cornerstone
ENR002508,EMP0337,C003,Code of Conduct & Ethics,Compliance,2025-06-10,2025-06-12,Completed,95.0,1.0,True,SAP SF Learning
ENR002509,EMP0337,C004,Cybersecurity Awareness,Compliance,2025-09-30,2025-10-26,Completed,89.0,2.0,True,Cornerstone
ENR002510,EMP0337,C005,Anti-Harassment & Inclusion,Compliance,2026-02-02,2026-03-08,Completed,93.0,1.5,True,Cornerstone
ENR002511,EMP0337,C006,Python for Data Science,Technical,2026-04-15,2026-05-23,Completed,65.0,8.0,False,SAP SF Learning
ENR002512,EMP0337,C008,Leadership & Influence,Leadership,2026-03-02,2026-05-01,Completed,89.0,4.0,False,SAP SF Learning
ENR002513,EMP0337,C011,Communication Skills,Soft Skills,2026-05-02,,Not Started,,3.0,False,SAP SF Learning
ENR002514,EMP0337,C012,Sales Techniques & CRM,Sales,2025-06-25,2025-08-23,Completed,98.0,4.0,False,SAP SF Learning
ENR002515,EMP0337,C013,Financial Modelling,Finance,2025-07-25,,In Progress,,6.0,False,SAP SF Learning
ENR002516,EMP0337,C014,Agile & Scrum Practitioner,Technical,2026-05-18,2026-05-24,Completed,98.0,4.0,False,SAP SF Learning
ENR002517,EMP0337,C015,AI & Machine Learning Basics,Technical,2025-08-03,,Not Started,,5.0,False,Cornerstone
ENR002518,EMP0338,C002,Workplace Safety & Health,Compliance,2025-09-18,2025-10-31,Completed,60.0,1.5,True,Cornerstone
ENR002519,EMP0338,C003,Code of Conduct & Ethics,Compliance,2025-10-13,2025-10-31,Completed,86.0,1.0,True,SAP SF Learning
ENR002520,EMP0338,C004,Cybersecurity Awareness,Compliance,2025-10-12,2025-11-18,Completed,98.0,2.0,True,SAP SF Learning
ENR002521,EMP0338,C005,Anti-Harassment & Inclusion,Compliance,2026-05-21,2026-07-16,Completed,85.0,1.5,True,SAP SF Learning
ENR002522,EMP0338,C009,Project Management (PMP Prep),Professional,2026-04-04,2026-04-10,Completed,92.0,10.0,False,Cornerstone
ENR002523,EMP0338,C010,Advanced Excel & Power BI,Technical,2025-12-25,2026-02-23,Completed,78.0,5.0,False,Cornerstone
ENR002524,EMP0338,C013,Financial Modelling,Finance,2025-09-19,,In Progress,,6.0,False,SAP SF Learning
ENR002525,EMP0338,C015,AI & Machine Learning Basics,Technical,2025-10-08,2025-12-07,Completed,74.0,5.0,False,SAP SF Learning
ENR002526,EMP0341,C002,Workplace Safety & Health,Compliance,2025-10-01,2025-11-10,Completed,66.0,1.5,True,Cornerstone
ENR002527,EMP0341,C003,Code of Conduct & Ethics,Compliance,2025-10-16,2025-10-24,Completed,86.0,1.0,True,Cornerstone
ENR002528,EMP0341,C004,Cybersecurity Awareness,Compliance,2026-04-10,2026-05-01,Completed,82.0,2.0,True,Cornerstone
ENR002529,EMP0341,C005,Anti-Harassment & Inclusion,Compliance,2026-05-11,,In Progress,,1.5,True,Cornerstone
ENR002530,EMP0341,C007,Azure Cloud Fundamentals,Technical,2025-11-15,2025-11-21,Completed,68.0,6.0,False,Cornerstone
ENR002531,EMP0341,C008,Leadership & Influence,Leadership,2025-06-21,2025-08-17,Completed,71.0,4.0,False,Cornerstone
ENR002532,EMP0341,C009,Project Management (PMP Prep),Professional,2026-03-21,,Not Started,,10.0,False,Cornerstone
ENR002533,EMP0341,C010,Advanced Excel & Power BI,Technical,2026-02-18,,Not Started,,5.0,False,Cornerstone
ENR002534,EMP0341,C011,Communication Skills,Soft Skills,2026-03-28,2026-05-20,Completed,76.0,3.0,False,SAP SF Learning
ENR002535,EMP0341,C012,Sales Techniques & CRM,Sales,2026-05-15,2026-05-27,Completed,69.0,4.0,False,SAP SF Learning
ENR002536,EMP0341,C013,Financial Modelling,Finance,2026-02-10,2026-04-04,Completed,61.0,6.0,False,Cornerstone
ENR002537,EMP0341,C014,Agile & Scrum Practitioner,Technical,2025-06-12,2025-07-29,Completed,100.0,4.0,False,Cornerstone
ENR002538,EMP0341,C015,AI & Machine Learning Basics,Technical,2026-05-03,2026-05-19,Completed,82.0,5.0,False,SAP SF Learning
ENR002539,EMP0343,C001,Data Privacy & GDPR Fundamentals,Compliance,2025-11-15,2025-11-26,Completed,80.0,2.0,True,Cornerstone
ENR002540,EMP0343,C002,Workplace Safety & Health,Compliance,2025-07-28,2025-09-09,Completed,71.0,1.5,True,SAP SF Learning
ENR002541,EMP0343,C003,Code of Conduct & Ethics,Compliance,2025-06-10,2025-08-04,Completed,86.0,1.0,True,SAP SF Learning
ENR002542,EMP0343,C004,Cybersecurity Awareness,Compliance,2026-06-06,2026-07-02,Completed,69.0,2.0,True,Cornerstone
ENR002543,EMP0343,C005,Anti-Harassment & Inclusion,Compliance,2025-07-09,,Not Started,,1.5,True,SAP SF Learning
ENR002544,EMP0343,C006,Python for Data Science,Technical,2026-05-08,,Not Started,,8.0,False,SAP SF Learning
ENR002545,EMP0343,C007,Azure Cloud Fundamentals,Technical,2025-08-10,2025-09-20,Completed,73.0,6.0,False,SAP SF Learning
ENR002546,EMP0343,C013,Financial Modelling,Finance,2025-06-30,2025-07-27,Completed,84.0,6.0,False,Cornerstone
ENR002547,EMP0343,C014,Agile & Scrum Practitioner,Technical,2025-10-18,,Not Started,,4.0,False,SAP SF Learning
ENR002548,EMP0344,C001,Data Privacy & GDPR Fundamentals,Compliance,2025-09-17,2025-09-29,Completed,61.0,2.0,True,SAP SF Learning
ENR002549,EMP0344,C002,Workplace Safety & Health,Compliance,2025-09-24,2025-11-05,Completed,65.0,1.5,True,Cornerstone
ENR002550,EMP0344,C003,Code of Conduct & Ethics,Compliance,2026-03-12,2026-05-01,Completed,72.0,1.0,True,Cornerstone
ENR002551,EMP0344,C004,Cybersecurity Awareness,Compliance,2025-12-06,2026-01-30,Completed,87.0,2.0,True,Cornerstone
ENR002552,EMP0344,C005,Anti-Harassment & Inclusion,Compliance,2025-10-18,2025-12-08,Completed,78.0,1.5,True,Cornerstone
ENR002553,EMP0344,C006,Python for Data Science,Technical,2025-09-25,2025-10-22,Completed,94.0,8.0,False,Cornerstone
ENR002554,EMP0344,C007,Azure Cloud Fundamentals,Technical,2026-05-11,,Not Started,,6.0,False,Cornerstone
ENR002555,EMP0344,C009,Project Management (PMP Prep),Professional,2026-05-16,2026-05-29,Completed,77.0,10.0,False,Cornerstone
ENR002556,EMP0344,C010,Advanced Excel & Power BI,Technical,2026-05-10,2026-06-25,Completed,85.0,5.0,False,Cornerstone
ENR002557,EMP0344,C012,Sales Techniques & CRM,Sales,2025-09-10,2025-09-17,Completed,92.0,4.0,False,SAP SF Learning
ENR002558,EMP0344,C013,Financial Modelling,Finance,2025-08-11,2025-09-25,Completed,72.0,6.0,False,Cornerstone
ENR002559,EMP0345,C002,Workplace Safety & Health,Compliance,2026-04-19,2026-04-20,Completed,73.0,1.5,True,SAP SF Learning
ENR002560,EMP0345,C003,Code of Conduct & Ethics,Compliance,2025-12-10,2025-12-26,Completed,66.0,1.0,True,SAP SF Learning
ENR002561,EMP0345,C004,Cybersecurity Awareness,Compliance,2026-01-24,2026-03-14,Completed,95.0,2.0,True,SAP SF Learning
ENR002562,EMP0345,C005,Anti-Harassment & Inclusion,Compliance,2026-03-27,2026-05-07,Completed,84.0,1.5,True,Cornerstone
ENR002563,EMP0345,C008,Leadership & Influence,Leadership,2025-12-23,2026-01-30,Completed,78.0,4.0,False,SAP SF Learning
ENR002564,EMP0345,C009,Project Management (PMP Prep),Professional,2025-10-29,,In Progress,,10.0,False,Cornerstone
ENR002565,EMP0345,C012,Sales Techniques & CRM,Sales,2026-06-02,2026-07-06,Completed,88.0,4.0,False,Cornerstone
ENR002566,EMP0345,C014,Agile & Scrum Practitioner,Technical,2025-09-05,2025-10-02,Completed,66.0,4.0,False,SAP SF Learning
ENR002567,EMP0346,C001,Data Privacy & GDPR Fundamentals,Compliance,2026-02-03,2026-03-29,Completed,69.0,2.0,True,Cornerstone
ENR002568,EMP0346,C002,Workplace Safety & Health,Compliance,2026-02-27,2026-04-17,Completed,97.0,1.5,True,SAP SF Learning
ENR002569,EMP0346,C003,Code of Conduct & Ethics,Compliance,2025-12-16,2026-01-20,Completed,72.0,1.0,True,SAP SF Learning
ENR002570,EMP0346,C004,Cybersecurity Awareness,Compliance,2025-09-05,2025-11-01,Completed,86.0,2.0,True,Cornerstone
ENR002571,EMP0346,C005,Anti-Harassment & Inclusion,Compliance,2025-06-12,2025-07-01,Completed,95.0,1.5,True,Cornerstone
ENR002572,EMP0346,C007,Azure Cloud Fundamentals,Technical,2026-05-12,,In Progress,,6.0,False,Cornerstone
ENR002573,EMP0346,C008,Leadership & Influence,Leadership,2026-05-12,2026-07-03,Completed,68.0,4.0,False,Cornerstone
ENR002574,EMP0346,C011,Communication Skills,Soft Skills,2025-11-05,,Not Started,,3.0,False,SAP SF Learning
ENR002575,EMP0346,C012,Sales Techniques & CRM,Sales,2026-02-23,2026-03-20,Completed,88.0,4.0,False,SAP SF Learning
ENR002576,EMP0347,C001,Data Privacy & GDPR Fundamentals,Compliance,2026-06-09,,In Progress,,2.0,True,Cornerstone
ENR002577,EMP0347,C002,Workplace Safety & Health,Compliance,2026-03-22,2026-04-18,Completed,79.0,1.5,True,Cornerstone
ENR002578,EMP0347,C003,Code of Conduct & Ethics,Compliance,2025-06-11,2025-06-12,Completed,73.0,1.0,True,Cornerstone
ENR002579,EMP0347,C004,Cybersecurity Awareness,Compliance,2026-04-21,2026-06-10,Completed,76.0,2.0,True,Cornerstone
ENR002580,EMP0347,C005,Anti-Harassment & Inclusion,Compliance,2025-08-30,2025-10-14,Completed,67.0,1.5,True,Cornerstone
ENR002581,EMP0347,C006,Python for Data Science,Technical,2026-05-07,2026-05-12,Completed,74.0,8.0,False,Cornerstone
ENR002582,EMP0347,C010,Advanced Excel & Power BI,Technical,2025-08-05,2025-10-03,Completed,64.0,5.0,False,SAP SF Learning
ENR002583,EMP0347,C011,Communication Skills,Soft Skills,2026-04-19,,Not Started,,3.0,False,SAP SF Learning
ENR002584,EMP0347,C014,Agile & Scrum Practitioner,Technical,2025-10-07,2025-10-13,Completed,60.0,4.0,False,SAP SF Learning
ENR002585,EMP0347,C015,AI & Machine Learning Basics,Technical,2026-04-01,2026-05-03,Completed,86.0,5.0,False,SAP SF Learning
ENR002586,EMP0348,C001,Data Privacy & GDPR Fundamentals,Compliance,2025-08-08,2025-09-30,Completed,97.0,2.0,True,SAP SF Learning
ENR002587,EMP0348,C002,Workplace Safety & Health,Compliance,2025-07-26,2025-08-11,Completed,95.0,1.5,True,SAP SF Learning
ENR002588,EMP0348,C003,Code of Conduct & Ethics,Compliance,2026-04-02,,In Progress,,1.0,True,Cornerstone
ENR002589,EMP0348,C004,Cybersecurity Awareness,Compliance,2025-07-09,,Not Started,,2.0,True,SAP SF Learning
ENR002590,EMP0348,C005,Anti-Harassment & Inclusion,Compliance,2025-07-31,2025-08-24,Completed,96.0,1.5,True,SAP SF Learning
ENR002591,EMP0348,C006,Python for Data Science,Technical,2025-09-18,2025-11-12,Completed,100.0,8.0,False,Cornerstone
ENR002592,EMP0348,C008,Leadership & Influence,Leadership,2025-11-05,2025-11-24,Completed,78.0,4.0,False,SAP SF Learning
ENR002593,EMP0348,C010,Advanced Excel & Power BI,Technical,2026-04-05,2026-04-15,Completed,62.0,5.0,False,SAP SF Learning
ENR002594,EMP0348,C011,Communication Skills,Soft Skills,2025-12-05,2026-01-27,Completed,92.0,3.0,False,SAP SF Learning
ENR002595,EMP0349,C001,Data Privacy & GDPR Fundamentals,Compliance,2025-07-17,2025-08-06,Completed,74.0,2.0,True,Cornerstone
ENR002596,EMP0349,C002,Workplace Safety & Health,Compliance,2026-05-20,2026-07-12,Completed,64.0,1.5,True,SAP SF Learning
ENR002597,EMP0349,C003,Code of Conduct & Ethics,Compliance,2025-10-13,2025-11-25,Completed,71.0,1.0,True,SAP SF Learning
ENR002598,EMP0349,C004,Cybersecurity Awareness,Compliance,2026-01-14,2026-01-31,Completed,85.0,2.0,True,SAP SF Learning
ENR002599,EMP0349,C006,Python for Data Science,Technical,2025-12-26,,In Progress,,8.0,False,SAP SF Learning
ENR002600,EMP0349,C007,Azure Cloud Fundamentals,Technical,2025-06-13,2025-08-10,Completed,84.0,6.0,False,Cornerstone
ENR002601,EMP0349,C010,Advanced Excel & Power BI,Technical,2026-01-08,,Not Started,,5.0,False,SAP SF Learning
ENR002602,EMP0349,C011,Communication Skills,Soft Skills,2026-01-29,2026-03-28,Completed,93.0,3.0,False,SAP SF Learning
ENR002603,EMP0349,C013,Financial Modelling,Finance,2026-02-25,,Not Started,,6.0,False,SAP SF Learning
ENR002604,EMP0349,C014,Agile & Scrum Practitioner,Technical,2025-07-01,,Not Started,,4.0,False,Cornerstone
ENR002605,EMP0350,C001,Data Privacy & GDPR Fundamentals,Compliance,2025-12-30,,In Progress,,2.0,True,SAP SF Learning
ENR002606,EMP0350,C002,Workplace Safety & Health,Compliance,2025-11-18,2026-01-15,Completed,80.0,1.5,True,SAP SF Learning
ENR002607,EMP0350,C003,Code of Conduct & Ethics,Compliance,2025-09-17,2025-10-08,Completed,72.0,1.0,True,SAP SF Learning
ENR002608,EMP0350,C004,Cybersecurity Awareness,Compliance,2025-07-01,2025-08-03,Completed,98.0,2.0,True,SAP SF Learning
ENR002609,EMP0350,C005,Anti-Harassment & Inclusion,Compliance,2025-10-19,2025-10-30,Completed,87.0,1.5,True,Cornerstone
ENR002610,EMP0350,C010,Advanced Excel & Power BI,Technical,2026-03-19,2026-03-23,Completed,71.0,5.0,False,Cornerstone
ENR002611,EMP0350,C011,Communication Skills,Soft Skills,2025-07-19,2025-07-24,Completed,89.0,3.0,False,SAP SF Learning
ENR002612,EMP0350,C012,Sales Techniques & CRM,Sales,2026-01-31,2026-03-04,Completed,66.0,4.0,False,SAP SF Learning
ENR002613,EMP0350,C015,AI & Machine Learning Basics,Technical,2026-04-30,2026-06-06,Completed,95.0,5.0,False,Cornerstone
ENR002614,EMP0351,C001,Data Privacy & GDPR Fundamentals,Compliance,2025-08-16,,Not Started,,2.0,True,Cornerstone
ENR002615,EMP0351,C002,Workplace Safety & Health,Compliance,2026-05-08,2026-05-20,Completed,61.0,1.5,True,Cornerstone
ENR002616,EMP0351,C003,Code of Conduct & Ethics,Compliance,2026-01-16,2026-01-17,Completed,66.0,1.0,True,SAP SF Learning
ENR002617,EMP0351,C004,Cybersecurity Awareness,Compliance,2025-11-10,2026-01-03,Completed,64.0,2.0,True,Cornerstone
ENR002618,EMP0351,C005,Anti-Harassment & Inclusion,Compliance,2025-06-19,,Not Started,,1.5,True,SAP SF Learning
ENR002619,EMP0351,C011,Communication Skills,Soft Skills,2025-08-25,2025-09-21,Completed,89.0,3.0,False,Cornerstone
ENR002620,EMP0351,C012,Sales Techniques & CRM,Sales,2026-01-19,2026-01-27,Completed,88.0,4.0,False,Cornerstone
ENR002621,EMP0351,C014,Agile & Scrum Practitioner,Technical,2026-01-11,2026-01-26,Completed,96.0,4.0,False,Cornerstone
ENR002622,EMP0352,C001,Data Privacy & GDPR Fundamentals,Compliance,2025-07-03,2025-07-26,Completed,99.0,2.0,True,SAP SF Learning
ENR002623,EMP0352,C002,Workplace Safety & Health,Compliance,2026-01-29,2026-03-09,Completed,74.0,1.5,True,Cornerstone
ENR002624,EMP0352,C003,Code of Conduct & Ethics,Compliance,2025-08-09,,Not Started,,1.0,True,Cornerstone
ENR002625,EMP0352,C004,Cybersecurity Awareness,Compliance,2025-07-13,2025-08-19,Completed,67.0,2.0,True,SAP SF Learning
ENR002626,EMP0352,C005,Anti-Harassment & Inclusion,Compliance,2026-02-17,2026-04-08,Completed,96.0,1.5,True,SAP SF Learning
ENR002627,EMP0352,C007,Azure Cloud Fundamentals,Technical,2026-02-15,2026-02-26,Completed,89.0,6.0,False,Cornerstone
ENR002628,EMP0352,C008,Leadership & Influence,Leadership,2025-08-28,2025-09-14,Completed,99.0,4.0,False,SAP SF Learning
ENR002629,EMP0352,C011,Communication Skills,Soft Skills,2026-03-27,2026-04-20,Completed,86.0,3.0,False,Cornerstone
ENR002630,EMP0352,C015,AI & Machine Learning Basics,Technical,2025-08-20,,Not Started,,5.0,False,SAP SF Learning
ENR002631,EMP0353,C001,Data Privacy & GDPR Fundamentals,Compliance,2025-09-10,2025-09-28,Completed,76.0,2.0,True,Cornerstone
ENR002632,EMP0353,C002,Workplace Safety & Health,Compliance,2025-08-15,,Not Started,,1.5,True,Cornerstone
ENR002633,EMP0353,C003,Code of Conduct & Ethics,Compliance,2025-08-15,2025-08-26,Completed,75.0,1.0,True,SAP SF Learning
ENR002634,EMP0353,C004,Cybersecurity Awareness,Compliance,2025-08-08,2025-10-05,Completed,81.0,2.0,True,SAP SF Learning
ENR002635,EMP0353,C005,Anti-Harassment & Inclusion,Compliance,2025-07-02,2025-08-28,Completed,74.0,1.5,True,SAP SF Learning
ENR002636,EMP0353,C007,Azure Cloud Fundamentals,Technical,2026-05-07,2026-06-09,Completed,95.0,6.0,False,SAP SF Learning
ENR002637,EMP0353,C008,Leadership & Influence,Leadership,2025-08-23,,In Progress,,4.0,False,Cornerstone
ENR002638,EMP0353,C009,Project Management (PMP Prep),Professional,2025-09-13,2025-09-24,Completed,97.0,10.0,False,SAP SF Learning
ENR002639,EMP0353,C013,Financial Modelling,Finance,2026-04-11,2026-04-29,Completed,65.0,6.0,False,Cornerstone
ENR002640,EMP0353,C014,Agile & Scrum Practitioner,Technical,2026-04-08,2026-05-17,Completed,85.0,4.0,False,SAP SF Learning
ENR002641,EMP0353,C015,AI & Machine Learning Basics,Technical,2026-02-03,2026-02-07,Completed,67.0,5.0,False,Cornerstone
ENR002642,EMP0354,C001,Data Privacy & GDPR Fundamentals,Compliance,2025-12-19,2025-12-24,Completed,90.0,2.0,True,SAP SF Learning
ENR002643,EMP0354,C002,Workplace Safety & Health,Compliance,2025-10-31,2025-11-05,Completed,60.0,1.5,True,SAP SF Learning
ENR002644,EMP0354,C003,Code of Conduct & Ethics,Compliance,2026-04-06,,In Progress,,1.0,True,Cornerstone
ENR002645,EMP0354,C004,Cybersecurity Awareness,Compliance,2025-10-20,2025-12-10,Completed,66.0,2.0,True,Cornerstone
ENR002646,EMP0354,C005,Anti-Harassment & Inclusion,Compliance,2025-11-29,2025-12-14,Completed,66.0,1.5,True,SAP SF Learning
ENR002647,EMP0354,C008,Leadership & Influence,Leadership,2025-08-07,,Not Started,,4.0,False,SAP SF Learning
ENR002648,EMP0354,C010,Advanced Excel & Power BI,Technical,2026-02-05,2026-03-06,Completed,74.0,5.0,False,Cornerstone
ENR002649,EMP0354,C013,Financial Modelling,Finance,2025-08-01,2025-08-14,Completed,70.0,6.0,False,Cornerstone
ENR002650,EMP0354,C015,AI & Machine Learning Basics,Technical,2025-10-10,2025-10-24,Completed,68.0,5.0,False,Cornerstone
ENR002651,EMP0355,C001,Data Privacy & GDPR Fundamentals,Compliance,2025-07-20,2025-09-01,Completed,63.0,2.0,True,SAP SF Learning
ENR002652,EMP0355,C002,Workplace Safety & Health,Compliance,2026-01-25,2026-02-03,Completed,76.0,1.5,True,SAP SF Learning
ENR002653,EMP0355,C003,Code of Conduct & Ethics,Compliance,2025-07-28,2025-09-14,Completed,76.0,1.0,True,Cornerstone
ENR002654,EMP0355,C004,Cybersecurity Awareness,Compliance,2025-07-15,2025-07-31,Completed,76.0,2.0,True,SAP SF Learning
ENR002655,EMP0355,C005,Anti-Harassment & Inclusion,Compliance,2026-01-05,2026-02-12,Completed,71.0,1.5,True,Cornerstone
ENR002656,EMP0355,C007,Azure Cloud Fundamentals,Technical,2026-02-10,2026-03-19,Completed,72.0,6.0,False,Cornerstone
ENR002657,EMP0355,C010,Advanced Excel & Power BI,Technical,2026-05-14,,In Progress,,5.0,False,Cornerstone
ENR002658,EMP0356,C001,Data Privacy & GDPR Fundamentals,Compliance,2026-04-27,2026-05-08,Completed,80.0,2.0,True,SAP SF Learning
ENR002659,EMP0356,C002,Workplace Safety & Health,Compliance,2025-12-12,2026-02-01,Completed,71.0,1.5,True,Cornerstone
ENR002660,EMP0356,C003,Code of Conduct & Ethics,Compliance,2025-09-20,2025-09-29,Completed,97.0,1.0,True,Cornerstone
ENR002661,EMP0356,C004,Cybersecurity Awareness,Compliance,2026-06-03,2026-07-23,Completed,100.0,2.0,True,SAP SF Learning
ENR002662,EMP0356,C005,Anti-Harassment & Inclusion,Compliance,2025-07-10,2025-08-05,Completed,70.0,1.5,True,Cornerstone
ENR002663,EMP0356,C007,Azure Cloud Fundamentals,Technical,2025-08-19,2025-10-09,Completed,100.0,6.0,False,SAP SF Learning
ENR002664,EMP0356,C009,Project Management (PMP Prep),Professional,2025-11-16,2026-01-04,Completed,76.0,10.0,False,Cornerstone
ENR002665,EMP0356,C010,Advanced Excel & Power BI,Technical,2025-08-14,,In Progress,,5.0,False,SAP SF Learning
ENR002666,EMP0356,C012,Sales Techniques & CRM,Sales,2025-06-14,,Not Started,,4.0,False,SAP SF Learning
ENR002667,EMP0357,C001,Data Privacy & GDPR Fundamentals,Compliance,2026-04-27,2026-06-04,Completed,83.0,2.0,True,SAP SF Learning
ENR002668,EMP0357,C002,Workplace Safety & Health,Compliance,2025-07-05,2025-07-24,Completed,62.0,1.5,True,Cornerstone
ENR002669,EMP0357,C003,Code of Conduct & Ethics,Compliance,2026-02-03,2026-03-23,Completed,65.0,1.0,True,Cornerstone
ENR002670,EMP0357,C004,Cybersecurity Awareness,Compliance,2026-04-01,2026-05-11,Completed,71.0,2.0,True,Cornerstone
ENR002671,EMP0357,C005,Anti-Harassment & Inclusion,Compliance,2026-04-30,2026-05-06,Completed,97.0,1.5,True,Cornerstone
ENR002672,EMP0357,C006,Python for Data Science,Technical,2025-06-27,2025-06-29,Completed,93.0,8.0,False,Cornerstone
ENR002673,EMP0357,C008,Leadership & Influence,Leadership,2025-07-22,,Not Started,,4.0,False,Cornerstone
ENR002674,EMP0357,C009,Project Management (PMP Prep),Professional,2025-07-29,2025-08-12,Completed,93.0,10.0,False,SAP SF Learning
ENR002675,EMP0357,C011,Communication Skills,Soft Skills,2025-09-22,2025-10-21,Completed,87.0,3.0,False,Cornerstone
ENR002676,EMP0358,C001,Data Privacy & GDPR Fundamentals,Compliance,2025-09-27,2025-10-25,Completed,79.0,2.0,True,Cornerstone
ENR002677,EMP0358,C002,Workplace Safety & Health,Compliance,2026-03-14,2026-04-06,Completed,77.0,1.5,True,SAP SF Learning
ENR002678,EMP0358,C003,Code of Conduct & Ethics,Compliance,2026-03-27,2026-04-08,Completed,89.0,1.0,True,SAP SF Learning
ENR002679,EMP0358,C004,Cybersecurity Awareness,Compliance,2025-11-07,2025-12-08,Completed,86.0,2.0,True,Cornerstone
ENR002680,EMP0358,C005,Anti-Harassment & Inclusion,Compliance,2026-03-05,2026-03-22,Completed,98.0,1.5,True,SAP SF Learning
ENR002681,EMP0358,C008,Leadership & Influence,Leadership,2026-05-08,2026-06-10,Completed,95.0,4.0,False,SAP SF Learning
ENR002682,EMP0358,C009,Project Management (PMP Prep),Professional,2026-05-04,2026-06-13,Completed,96.0,10.0,False,Cornerstone
ENR002683,EMP0358,C011,Communication Skills,Soft Skills,2026-01-13,2026-02-02,Completed,77.0,3.0,False,SAP SF Learning
ENR002684,EMP0358,C015,AI & Machine Learning Basics,Technical,2025-09-16,2025-11-04,Completed,60.0,5.0,False,Cornerstone
ENR002685,EMP0359,C001,Data Privacy & GDPR Fundamentals,Compliance,2025-10-01,2025-10-25,Completed,74.0,2.0,True,SAP SF Learning
ENR002686,EMP0359,C002,Workplace Safety & Health,Compliance,2025-08-01,2025-09-07,Completed,62.0,1.5,True,SAP SF Learning
ENR002687,EMP0359,C003,Code of Conduct & Ethics,Compliance,2025-08-15,2025-09-12,Completed,77.0,1.0,True,Cornerstone
ENR002688,EMP0359,C004,Cybersecurity Awareness,Compliance,2025-06-10,2025-06-25,Completed,92.0,2.0,True,SAP SF Learning
ENR002689,EMP0359,C005,Anti-Harassment & Inclusion,Compliance,2025-10-09,2025-10-27,Completed,71.0,1.5,True,Cornerstone
ENR002690,EMP0359,C006,Python for Data Science,Technical,2025-10-12,,In Progress,,8.0,False,Cornerstone
ENR002691,EMP0359,C007,Azure Cloud Fundamentals,Technical,2026-01-02,2026-02-15,Completed,87.0,6.0,False,Cornerstone
ENR002692,EMP0359,C011,Communication Skills,Soft Skills,2025-09-24,2025-09-28,Completed,85.0,3.0,False,SAP SF Learning
ENR002693,EMP0360,C001,Data Privacy & GDPR Fundamentals,Compliance,2026-05-16,2026-05-31,Completed,85.0,2.0,True,Cornerstone
ENR002694,EMP0360,C002,Workplace Safety & Health,Compliance,2025-10-02,,In Progress,,1.5,True,SAP SF Learning
ENR002695,EMP0360,C003,Code of Conduct & Ethics,Compliance,2026-03-26,2026-03-29,Completed,63.0,1.0,True,Cornerstone
ENR002696,EMP0360,C004,Cybersecurity Awareness,Compliance,2026-06-03,2026-07-10,Completed,67.0,2.0,True,Cornerstone
ENR002697,EMP0360,C005,Anti-Harassment & Inclusion,Compliance,2025-10-07,2025-11-21,Completed,89.0,1.5,True,SAP SF Learning
ENR002698,EMP0360,C008,Leadership & Influence,Leadership,2025-06-23,2025-07-09,Completed,88.0,4.0,False,SAP SF Learning
ENR002699,EMP0360,C009,Project Management (PMP Prep),Professional,2025-09-12,2025-10-08,Completed,90.0,10.0,False,SAP SF Learning
ENR002700,EMP0360,C010,Advanced Excel & Power BI,Technical,2025-11-13,2026-01-03,Completed,67.0,5.0,False,Cornerstone
ENR002701,EMP0360,C011,Communication Skills,Soft Skills,2025-11-15,,Not Started,,3.0,False,SAP SF Learning
ENR002702,EMP0360,C013,Financial Modelling,Finance,2026-02-15,2026-03-09,Completed,73.0,6.0,False,SAP SF Learning
ENR002703,EMP0361,C001,Data Privacy & GDPR Fundamentals,Compliance,2025-11-17,2025-12-31,Completed,70.0,2.0,True,SAP SF Learning
ENR002704,EMP0361,C003,Code of Conduct & Ethics,Compliance,2026-05-03,2026-06-13,Completed,80.0,1.0,True,Cornerstone
ENR002705,EMP0361,C004,Cybersecurity Awareness,Compliance,2026-02-11,2026-02-20,Completed,68.0,2.0,True,Cornerstone
ENR002706,EMP0361,C005,Anti-Harassment & Inclusion,Compliance,2025-07-02,2025-08-26,Completed,95.0,1.5,True,SAP SF Learning
ENR002707,EMP0361,C007,Azure Cloud Fundamentals,Technical,2026-03-17,2026-04-13,Completed,85.0,6.0,False,Cornerstone
ENR002708,EMP0361,C008,Leadership & Influence,Leadership,2025-07-06,2025-07-17,Completed,96.0,4.0,False,Cornerstone
ENR002709,EMP0361,C010,Advanced Excel & Power BI,Technical,2026-04-30,2026-06-09,Completed,65.0,5.0,False,Cornerstone
ENR002710,EMP0361,C012,Sales Techniques & CRM,Sales,2026-05-18,,In Progress,,4.0,False,SAP SF Learning
ENR002711,EMP0361,C014,Agile & Scrum Practitioner,Technical,2026-04-24,,Not Started,,4.0,False,Cornerstone
ENR002712,EMP0361,C015,AI & Machine Learning Basics,Technical,2025-06-21,2025-08-05,Completed,97.0,5.0,False,Cornerstone
ENR002713,EMP0362,C002,Workplace Safety & Health,Compliance,2026-04-04,2026-04-25,Completed,79.0,1.5,True,Cornerstone
ENR002714,EMP0362,C003,Code of Conduct & Ethics,Compliance,2025-10-26,2025-12-05,Completed,86.0,1.0,True,SAP SF Learning
ENR002715,EMP0362,C004,Cybersecurity Awareness,Compliance,2025-11-04,2025-11-09,Completed,99.0,2.0,True,SAP SF Learning
ENR002716,EMP0362,C005,Anti-Harassment & Inclusion,Compliance,2025-11-27,2025-12-21,Completed,76.0,1.5,True,Cornerstone
ENR002717,EMP0362,C006,Python for Data Science,Technical,2026-01-13,,Not Started,,8.0,False,Cornerstone
ENR002718,EMP0362,C009,Project Management (PMP Prep),Professional,2026-03-17,2026-04-13,Completed,90.0,10.0,False,Cornerstone
ENR002719,EMP0362,C010,Advanced Excel & Power BI,Technical,2026-02-13,2026-02-28,Completed,67.0,5.0,False,SAP SF Learning
ENR002720,EMP0362,C011,Communication Skills,Soft Skills,2026-05-10,,In Progress,,3.0,False,Cornerstone
ENR002721,EMP0362,C013,Financial Modelling,Finance,2026-03-17,,In Progress,,6.0,False,SAP SF Learning
ENR002722,EMP0362,C015,AI & Machine Learning Basics,Technical,2025-06-30,,In Progress,,5.0,False,SAP SF Learning
ENR002723,EMP0364,C001,Data Privacy & GDPR Fundamentals,Compliance,2025-06-26,2025-06-30,Completed,73.0,2.0,True,Cornerstone
ENR002724,EMP0364,C002,Workplace Safety & Health,Compliance,2026-01-04,2026-02-14,Completed,64.0,1.5,True,SAP SF Learning
ENR002725,EMP0364,C003,Code of Conduct & Ethics,Compliance,2025-08-06,2025-09-14,Completed,86.0,1.0,True,Cornerstone
ENR002726,EMP0364,C004,Cybersecurity Awareness,Compliance,2026-04-04,2026-04-24,Completed,93.0,2.0,True,SAP SF Learning
ENR002727,EMP0364,C005,Anti-Harassment & Inclusion,Compliance,2025-06-21,2025-06-23,Completed,89.0,1.5,True,Cornerstone
ENR002728,EMP0364,C009,Project Management (PMP Prep),Professional,2025-11-19,2025-12-17,Completed,97.0,10.0,False,Cornerstone
ENR002729,EMP0364,C011,Communication Skills,Soft Skills,2026-04-16,2026-05-12,Completed,68.0,3.0,False,Cornerstone
ENR002730,EMP0364,C013,Financial Modelling,Finance,2025-07-26,2025-09-05,Completed,71.0,6.0,False,SAP SF Learning
ENR002731,EMP0364,C015,AI & Machine Learning Basics,Technical,2025-10-14,,Not Started,,5.0,False,Cornerstone
ENR002732,EMP0365,C001,Data Privacy & GDPR Fundamentals,Compliance,2025-10-17,,Not Started,,2.0,True,Cornerstone
ENR002733,EMP0365,C002,Workplace Safety & Health,Compliance,2025-06-13,2025-07-02,Completed,69.0,1.5,True,SAP SF Learning
ENR002734,EMP0365,C003,Code of Conduct & Ethics,Compliance,2026-05-16,2026-06-12,Completed,98.0,1.0,True,Cornerstone
ENR002735,EMP0365,C004,Cybersecurity Awareness,Compliance,2026-06-09,,In Progress,,2.0,True,SAP SF Learning
ENR002736,EMP0365,C005,Anti-Harassment & Inclusion,Compliance,2025-06-12,2025-08-10,Completed,77.0,1.5,True,SAP SF Learning
ENR002737,EMP0365,C007,Azure Cloud Fundamentals,Technical,2025-11-02,,Not Started,,6.0,False,Cornerstone
ENR002738,EMP0365,C009,Project Management (PMP Prep),Professional,2026-05-03,,Not Started,,10.0,False,Cornerstone
ENR002739,EMP0365,C010,Advanced Excel & Power BI,Technical,2026-04-02,2026-05-05,Completed,65.0,5.0,False,SAP SF Learning
ENR002740,EMP0365,C012,Sales Techniques & CRM,Sales,2025-09-11,,Not Started,,4.0,False,Cornerstone
ENR002741,EMP0366,C001,Data Privacy & GDPR Fundamentals,Compliance,2025-11-11,2025-11-24,Completed,68.0,2.0,True,Cornerstone
ENR002742,EMP0366,C002,Workplace Safety & Health,Compliance,2025-11-04,2025-12-04,Completed,98.0,1.5,True,SAP SF Learning
ENR002743,EMP0366,C003,Code of Conduct & Ethics,Compliance,2025-07-08,2025-08-15,Completed,79.0,1.0,True,SAP SF Learning
ENR002744,EMP0366,C005,Anti-Harassment & Inclusion,Compliance,2026-02-23,,In Progress,,1.5,True,Cornerstone
ENR002745,EMP0366,C006,Python for Data Science,Technical,2025-12-30,2026-01-10,Completed,86.0,8.0,False,Cornerstone
ENR002746,EMP0366,C009,Project Management (PMP Prep),Professional,2025-08-17,2025-09-09,Completed,84.0,10.0,False,Cornerstone
ENR002747,EMP0366,C012,Sales Techniques & CRM,Sales,2026-01-10,,Not Started,,4.0,False,SAP SF Learning
ENR002748,EMP0366,C013,Financial Modelling,Finance,2025-08-21,2025-10-10,Completed,87.0,6.0,False,Cornerstone
ENR002749,EMP0366,C014,Agile & Scrum Practitioner,Technical,2025-12-30,2026-02-02,Completed,76.0,4.0,False,Cornerstone
ENR002750,EMP0366,C015,AI & Machine Learning Basics,Technical,2025-12-31,,In Progress,,5.0,False,Cornerstone
ENR002751,EMP0367,C002,Workplace Safety & Health,Compliance,2025-06-20,2025-06-25,Completed,78.0,1.5,True,SAP SF Learning
ENR002752,EMP0367,C003,Code of Conduct & Ethics,Compliance,2026-02-20,2026-04-21,Completed,85.0,1.0,True,Cornerstone
ENR002753,EMP0367,C004,Cybersecurity Awareness,Compliance,2026-03-17,2026-03-22,Completed,79.0,2.0,True,Cornerstone
ENR002754,EMP0367,C005,Anti-Harassment & Inclusion,Compliance,2026-05-13,2026-07-12,Completed,96.0,1.5,True,Cornerstone
ENR002755,EMP0367,C006,Python for Data Science,Technical,2025-08-27,2025-10-03,Completed,91.0,8.0,False,SAP SF Learning
ENR002756,EMP0367,C008,Leadership & Influence,Leadership,2026-01-25,,Not Started,,4.0,False,SAP SF Learning
ENR002757,EMP0367,C009,Project Management (PMP Prep),Professional,2025-08-10,,In Progress,,10.0,False,SAP SF Learning
ENR002758,EMP0367,C010,Advanced Excel & Power BI,Technical,2026-03-12,,In Progress,,5.0,False,Cornerstone
ENR002759,EMP0367,C013,Financial Modelling,Finance,2026-04-16,2026-05-03,Completed,95.0,6.0,False,SAP SF Learning
ENR002760,EMP0368,C001,Data Privacy & GDPR Fundamentals,Compliance,2026-04-22,2026-06-16,Completed,83.0,2.0,True,SAP SF Learning
ENR002761,EMP0368,C002,Workplace Safety & Health,Compliance,2026-05-17,2026-06-17,Completed,83.0,1.5,True,Cornerstone
ENR002762,EMP0368,C003,Code of Conduct & Ethics,Compliance,2025-06-10,2025-07-07,Completed,86.0,1.0,True,Cornerstone
ENR002763,EMP0368,C004,Cybersecurity Awareness,Compliance,2025-11-23,2025-12-24,Completed,69.0,2.0,True,SAP SF Learning
ENR002764,EMP0368,C005,Anti-Harassment & Inclusion,Compliance,2025-06-12,2025-08-02,Completed,79.0,1.5,True,SAP SF Learning
ENR002765,EMP0368,C008,Leadership & Influence,Leadership,2026-02-04,2026-03-02,Completed,66.0,4.0,False,Cornerstone
ENR002766,EMP0368,C010,Advanced Excel & Power BI,Technical,2025-12-19,,Not Started,,5.0,False,Cornerstone
ENR002767,EMP0368,C011,Communication Skills,Soft Skills,2026-01-19,,In Progress,,3.0,False,Cornerstone
ENR002768,EMP0368,C014,Agile & Scrum Practitioner,Technical,2025-08-25,2025-09-07,Completed,73.0,4.0,False,SAP SF Learning
ENR002769,EMP0369,C001,Data Privacy & GDPR Fundamentals,Compliance,2025-10-01,,Not Started,,2.0,True,SAP SF Learning
ENR002770,EMP0369,C002,Workplace Safety & Health,Compliance,2025-09-28,2025-09-29,Completed,77.0,1.5,True,SAP SF Learning
ENR002771,EMP0369,C003,Code of Conduct & Ethics,Compliance,2025-11-28,2026-01-02,Completed,86.0,1.0,True,Cornerstone
ENR002772,EMP0369,C004,Cybersecurity Awareness,Compliance,2025-10-09,,In Progress,,2.0,True,SAP SF Learning
ENR002773,EMP0369,C005,Anti-Harassment & Inclusion,Compliance,2025-07-09,2025-08-17,Completed,64.0,1.5,True,SAP SF Learning
ENR002774,EMP0369,C008,Leadership & Influence,Leadership,2026-03-06,2026-04-18,Completed,70.0,4.0,False,SAP SF Learning
ENR002775,EMP0369,C010,Advanced Excel & Power BI,Technical,2026-01-30,,Not Started,,5.0,False,Cornerstone
ENR002776,EMP0369,C014,Agile & Scrum Practitioner,Technical,2026-04-16,,Not Started,,4.0,False,Cornerstone
ENR002777,EMP0369,C015,AI & Machine Learning Basics,Technical,2025-11-11,2025-12-13,Completed,90.0,5.0,False,Cornerstone
ENR002778,EMP0370,C001,Data Privacy & GDPR Fundamentals,Compliance,2025-06-13,2025-08-10,Completed,60.0,2.0,True,SAP SF Learning
ENR002779,EMP0370,C002,Workplace Safety & Health,Compliance,2025-10-08,2025-10-26,Completed,61.0,1.5,True,Cornerstone
ENR002780,EMP0370,C003,Code of Conduct & Ethics,Compliance,2026-04-11,2026-04-21,Completed,71.0,1.0,True,Cornerstone
ENR002781,EMP0370,C004,Cybersecurity Awareness,Compliance,2025-06-18,2025-07-26,Completed,84.0,2.0,True,SAP SF Learning
ENR002782,EMP0370,C005,Anti-Harassment & Inclusion,Compliance,2026-04-03,,In Progress,,1.5,True,Cornerstone
ENR002783,EMP0370,C007,Azure Cloud Fundamentals,Technical,2025-09-25,,In Progress,,6.0,False,SAP SF Learning
ENR002784,EMP0370,C008,Leadership & Influence,Leadership,2025-11-08,2025-12-17,Completed,81.0,4.0,False,Cornerstone
ENR002785,EMP0370,C009,Project Management (PMP Prep),Professional,2026-03-05,2026-04-13,Completed,73.0,10.0,False,Cornerstone
ENR002786,EMP0370,C010,Advanced Excel & Power BI,Technical,2025-11-18,2025-11-22,Completed,72.0,5.0,False,SAP SF Learning
ENR002787,EMP0370,C014,Agile & Scrum Practitioner,Technical,2026-03-16,,Not Started,,4.0,False,Cornerstone
ENR002788,EMP0370,C015,AI & Machine Learning Basics,Technical,2026-02-28,,In Progress,,5.0,False,SAP SF Learning
ENR002789,EMP0371,C001,Data Privacy & GDPR Fundamentals,Compliance,2025-07-10,2025-08-23,Completed,69.0,2.0,True,SAP SF Learning
ENR002790,EMP0371,C002,Workplace Safety & Health,Compliance,2025-07-16,2025-08-03,Completed,95.0,1.5,True,SAP SF Learning
ENR002791,EMP0371,C003,Code of Conduct & Ethics,Compliance,2025-10-20,2025-11-15,Completed,75.0,1.0,True,Cornerstone
ENR002792,EMP0371,C004,Cybersecurity Awareness,Compliance,2025-07-22,2025-08-17,Completed,62.0,2.0,True,SAP SF Learning
ENR002793,EMP0371,C007,Azure Cloud Fundamentals,Technical,2025-09-05,,Not Started,,6.0,False,Cornerstone
ENR002794,EMP0371,C009,Project Management (PMP Prep),Professional,2025-12-13,,In Progress,,10.0,False,Cornerstone
ENR002795,EMP0371,C013,Financial Modelling,Finance,2026-03-19,2026-04-06,Completed,86.0,6.0,False,SAP SF Learning
ENR002796,EMP0372,C001,Data Privacy & GDPR Fundamentals,Compliance,2026-03-09,2026-04-03,Completed,60.0,2.0,True,SAP SF Learning
ENR002797,EMP0372,C002,Workplace Safety & Health,Compliance,2025-06-14,2025-07-09,Completed,64.0,1.5,True,SAP SF Learning
ENR002798,EMP0372,C003,Code of Conduct & Ethics,Compliance,2025-11-01,2025-12-07,Completed,88.0,1.0,True,Cornerstone
ENR002799,EMP0372,C004,Cybersecurity Awareness,Compliance,2025-11-07,2025-11-11,Completed,81.0,2.0,True,Cornerstone
ENR002800,EMP0372,C005,Anti-Harassment & Inclusion,Compliance,2025-06-25,2025-07-11,Completed,87.0,1.5,True,Cornerstone
ENR002801,EMP0372,C006,Python for Data Science,Technical,2026-01-01,,In Progress,,8.0,False,SAP SF Learning
ENR002802,EMP0372,C007,Azure Cloud Fundamentals,Technical,2026-01-07,2026-01-08,Completed,73.0,6.0,False,Cornerstone
ENR002803,EMP0372,C010,Advanced Excel & Power BI,Technical,2025-08-01,2025-08-18,Completed,81.0,5.0,False,Cornerstone
ENR002804,EMP0372,C012,Sales Techniques & CRM,Sales,2025-12-08,,Not Started,,4.0,False,Cornerstone
ENR002805,EMP0372,C013,Financial Modelling,Finance,2026-04-25,2026-05-21,Completed,62.0,6.0,False,Cornerstone
ENR002806,EMP0373,C001,Data Privacy & GDPR Fundamentals,Compliance,2026-05-31,2026-07-02,Completed,78.0,2.0,True,SAP SF Learning
ENR002807,EMP0373,C002,Workplace Safety & Health,Compliance,2025-09-23,,In Progress,,1.5,True,Cornerstone
ENR002808,EMP0373,C003,Code of Conduct & Ethics,Compliance,2026-03-26,2026-05-04,Completed,78.0,1.0,True,SAP SF Learning
ENR002809,EMP0373,C004,Cybersecurity Awareness,Compliance,2025-09-04,2025-09-12,Completed,95.0,2.0,True,Cornerstone
ENR002810,EMP0373,C005,Anti-Harassment & Inclusion,Compliance,2025-07-26,2025-09-03,Completed,84.0,1.5,True,SAP SF Learning
ENR002811,EMP0373,C008,Leadership & Influence,Leadership,2025-11-14,2025-11-25,Completed,98.0,4.0,False,SAP SF Learning
ENR002812,EMP0373,C010,Advanced Excel & Power BI,Technical,2025-11-14,2025-11-30,Completed,86.0,5.0,False,Cornerstone
ENR002813,EMP0373,C013,Financial Modelling,Finance,2026-05-10,,Not Started,,6.0,False,SAP SF Learning
ENR002814,EMP0373,C014,Agile & Scrum Practitioner,Technical,2026-04-16,,Not Started,,4.0,False,SAP SF Learning
ENR002815,EMP0374,C001,Data Privacy & GDPR Fundamentals,Compliance,2025-06-11,2025-06-26,Completed,100.0,2.0,True,Cornerstone
ENR002816,EMP0374,C002,Workplace Safety & Health,Compliance,2026-04-19,2026-05-17,Completed,63.0,1.5,True,SAP SF Learning
ENR002817,EMP0374,C003,Code of Conduct & Ethics,Compliance,2026-01-17,2026-01-26,Completed,71.0,1.0,True,SAP SF Learning
ENR002818,EMP0374,C004,Cybersecurity Awareness,Compliance,2025-08-29,2025-09-19,Completed,79.0,2.0,True,SAP SF Learning
ENR002819,EMP0374,C005,Anti-Harassment & Inclusion,Compliance,2025-07-01,2025-07-18,Completed,83.0,1.5,True,Cornerstone
ENR002820,EMP0374,C008,Leadership & Influence,Leadership,2026-03-17,2026-04-23,Completed,65.0,4.0,False,SAP SF Learning
ENR002821,EMP0374,C011,Communication Skills,Soft Skills,2025-11-07,,In Progress,,3.0,False,Cornerstone
ENR002822,EMP0374,C014,Agile & Scrum Practitioner,Technical,2025-06-12,2025-07-12,Completed,63.0,4.0,False,Cornerstone
ENR002823,EMP0375,C001,Data Privacy & GDPR Fundamentals,Compliance,2026-05-04,2026-06-20,Completed,65.0,2.0,True,SAP SF Learning
ENR002824,EMP0375,C002,Workplace Safety & Health,Compliance,2025-06-11,2025-06-18,Completed,96.0,1.5,True,Cornerstone
ENR002825,EMP0375,C003,Code of Conduct & Ethics,Compliance,2026-01-29,2026-03-02,Completed,75.0,1.0,True,Cornerstone
ENR002826,EMP0375,C004,Cybersecurity Awareness,Compliance,2026-04-22,2026-06-07,Completed,98.0,2.0,True,SAP SF Learning
ENR002827,EMP0375,C005,Anti-Harassment & Inclusion,Compliance,2026-03-01,2026-04-07,Completed,85.0,1.5,True,SAP SF Learning
ENR002828,EMP0375,C006,Python for Data Science,Technical,2026-01-13,,Not Started,,8.0,False,Cornerstone
ENR002829,EMP0375,C010,Advanced Excel & Power BI,Technical,2025-08-12,2025-10-10,Completed,75.0,5.0,False,Cornerstone
ENR002830,EMP0375,C012,Sales Techniques & CRM,Sales,2025-08-01,2025-08-13,Completed,61.0,4.0,False,Cornerstone
ENR002831,EMP0376,C001,Data Privacy & GDPR Fundamentals,Compliance,2025-10-01,2025-10-21,Completed,91.0,2.0,True,Cornerstone
ENR002832,EMP0376,C002,Workplace Safety & Health,Compliance,2025-12-30,2026-02-07,Completed,60.0,1.5,True,SAP SF Learning
ENR002833,EMP0376,C003,Code of Conduct & Ethics,Compliance,2025-10-12,,Not Started,,1.0,True,SAP SF Learning
ENR002834,EMP0376,C004,Cybersecurity Awareness,Compliance,2025-07-28,,In Progress,,2.0,True,SAP SF Learning
ENR002835,EMP0376,C005,Anti-Harassment & Inclusion,Compliance,2026-01-16,2026-02-25,Completed,64.0,1.5,True,Cornerstone
ENR002836,EMP0376,C006,Python for Data Science,Technical,2025-06-20,2025-08-13,Completed,85.0,8.0,False,SAP SF Learning
ENR002837,EMP0376,C007,Azure Cloud Fundamentals,Technical,2025-08-08,2025-09-26,Completed,87.0,6.0,False,Cornerstone
ENR002838,EMP0376,C008,Leadership & Influence,Leadership,2025-12-08,2025-12-22,Completed,64.0,4.0,False,SAP SF Learning
ENR002839,EMP0376,C009,Project Management (PMP Prep),Professional,2025-06-22,,Not Started,,10.0,False,SAP SF Learning
ENR002840,EMP0376,C010,Advanced Excel & Power BI,Technical,2026-04-17,2026-05-01,Completed,95.0,5.0,False,SAP SF Learning
ENR002841,EMP0377,C001,Data Privacy & GDPR Fundamentals,Compliance,2026-04-12,2026-05-29,Completed,63.0,2.0,True,Cornerstone
ENR002842,EMP0377,C002,Workplace Safety & Health,Compliance,2025-09-22,2025-11-03,Completed,87.0,1.5,True,SAP SF Learning
ENR002843,EMP0377,C003,Code of Conduct & Ethics,Compliance,2025-10-29,2025-11-26,Completed,89.0,1.0,True,SAP SF Learning
ENR002844,EMP0377,C004,Cybersecurity Awareness,Compliance,2026-01-16,,Not Started,,2.0,True,Cornerstone
ENR002845,EMP0377,C005,Anti-Harassment & Inclusion,Compliance,2025-06-25,2025-07-21,Completed,72.0,1.5,True,SAP SF Learning
ENR002846,EMP0377,C009,Project Management (PMP Prep),Professional,2025-11-30,2026-01-08,Completed,91.0,10.0,False,Cornerstone
ENR002847,EMP0377,C012,Sales Techniques & CRM,Sales,2026-01-18,,Not Started,,4.0,False,Cornerstone
ENR002848,EMP0377,C014,Agile & Scrum Practitioner,Technical,2026-03-23,,Not Started,,4.0,False,SAP SF Learning
ENR002849,EMP0378,C001,Data Privacy & GDPR Fundamentals,Compliance,2026-02-21,2026-04-15,Completed,86.0,2.0,True,SAP SF Learning
ENR002850,EMP0378,C002,Workplace Safety & Health,Compliance,2025-07-29,2025-08-13,Completed,97.0,1.5,True,SAP SF Learning
ENR002851,EMP0378,C003,Code of Conduct & Ethics,Compliance,2025-07-18,2025-07-29,Completed,95.0,1.0,True,Cornerstone
ENR002852,EMP0378,C004,Cybersecurity Awareness,Compliance,2026-05-28,2026-07-07,Completed,78.0,2.0,True,SAP SF Learning
ENR002853,EMP0378,C005,Anti-Harassment & Inclusion,Compliance,2025-06-15,2025-06-20,Completed,71.0,1.5,True,SAP SF Learning
ENR002854,EMP0378,C007,Azure Cloud Fundamentals,Technical,2026-05-28,2026-07-05,Completed,93.0,6.0,False,SAP SF Learning
ENR002855,EMP0378,C008,Leadership & Influence,Leadership,2026-04-26,,In Progress,,4.0,False,SAP SF Learning
ENR002856,EMP0379,C002,Workplace Safety & Health,Compliance,2025-11-07,2025-12-02,Completed,64.0,1.5,True,Cornerstone
ENR002857,EMP0379,C003,Code of Conduct & Ethics,Compliance,2025-09-16,2025-10-10,Completed,85.0,1.0,True,SAP SF Learning
ENR002858,EMP0379,C004,Cybersecurity Awareness,Compliance,2026-01-18,2026-03-15,Completed,77.0,2.0,True,SAP SF Learning
ENR002859,EMP0379,C005,Anti-Harassment & Inclusion,Compliance,2026-02-28,2026-03-28,Completed,88.0,1.5,True,SAP SF Learning
ENR002860,EMP0379,C008,Leadership & Influence,Leadership,2026-02-05,,Not Started,,4.0,False,Cornerstone
ENR002861,EMP0379,C011,Communication Skills,Soft Skills,2025-07-11,2025-07-20,Completed,60.0,3.0,False,Cornerstone
ENR002862,EMP0379,C012,Sales Techniques & CRM,Sales,2025-10-11,,Not Started,,4.0,False,SAP SF Learning
ENR002863,EMP0379,C014,Agile & Scrum Practitioner,Technical,2025-10-14,,Not Started,,4.0,False,SAP SF Learning
ENR002864,EMP0380,C001,Data Privacy & GDPR Fundamentals,Compliance,2025-12-09,2025-12-10,Completed,60.0,2.0,True,Cornerstone
ENR002865,EMP0380,C002,Workplace Safety & Health,Compliance,2025-11-29,2026-01-19,Completed,86.0,1.5,True,Cornerstone
ENR002866,EMP0380,C003,Code of Conduct & Ethics,Compliance,2025-07-01,2025-07-28,Completed,84.0,1.0,True,SAP SF Learning
ENR002867,EMP0380,C004,Cybersecurity Awareness,Compliance,2025-07-20,2025-09-16,Completed,76.0,2.0,True,SAP SF Learning
ENR002868,EMP0380,C005,Anti-Harassment & Inclusion,Compliance,2026-04-04,2026-05-14,Completed,90.0,1.5,True,SAP SF Learning
ENR002869,EMP0380,C007,Azure Cloud Fundamentals,Technical,2025-11-14,,Not Started,,6.0,False,Cornerstone
ENR002870,EMP0380,C008,Leadership & Influence,Leadership,2025-10-11,,In Progress,,4.0,False,Cornerstone
ENR002871,EMP0380,C010,Advanced Excel & Power BI,Technical,2026-02-06,2026-04-07,Completed,77.0,5.0,False,Cornerstone
ENR002872,EMP0380,C011,Communication Skills,Soft Skills,2025-11-16,2025-11-19,Completed,81.0,3.0,False,Cornerstone
ENR002873,EMP0380,C014,Agile & Scrum Practitioner,Technical,2025-07-06,2025-08-18,Completed,97.0,4.0,False,Cornerstone
ENR002874,EMP0380,C015,AI & Machine Learning Basics,Technical,2025-07-05,,Not Started,,5.0,False,SAP SF Learning
ENR002875,EMP0381,C001,Data Privacy & GDPR Fundamentals,Compliance,2026-06-01,2026-07-08,Completed,91.0,2.0,True,Cornerstone
ENR002876,EMP0381,C002,Workplace Safety & Health,Compliance,2025-10-18,,Not Started,,1.5,True,Cornerstone
ENR002877,EMP0381,C003,Code of Conduct & Ethics,Compliance,2025-11-07,2025-12-11,Completed,60.0,1.0,True,SAP SF Learning
ENR002878,EMP0381,C004,Cybersecurity Awareness,Compliance,2025-06-25,2025-07-18,Completed,84.0,2.0,True,SAP SF Learning
ENR002879,EMP0381,C005,Anti-Harassment & Inclusion,Compliance,2025-12-24,,In Progress,,1.5,True,SAP SF Learning
ENR002880,EMP0381,C007,Azure Cloud Fundamentals,Technical,2025-06-16,,In Progress,,6.0,False,Cornerstone
ENR002881,EMP0381,C008,Leadership & Influence,Leadership,2025-08-13,,Not Started,,4.0,False,SAP SF Learning
ENR002882,EMP0381,C011,Communication Skills,Soft Skills,2026-01-01,,In Progress,,3.0,False,SAP SF Learning
ENR002883,EMP0381,C013,Financial Modelling,Finance,2026-05-03,2026-05-06,Completed,74.0,6.0,False,Cornerstone
ENR002884,EMP0381,C014,Agile & Scrum Practitioner,Technical,2025-12-05,2026-01-09,Completed,87.0,4.0,False,SAP SF Learning
ENR002885,EMP0381,C015,AI & Machine Learning Basics,Technical,2025-07-23,,In Progress,,5.0,False,SAP SF Learning
ENR002886,EMP0382,C001,Data Privacy & GDPR Fundamentals,Compliance,2026-05-28,2026-07-14,Completed,70.0,2.0,True,Cornerstone
ENR002887,EMP0382,C002,Workplace Safety & Health,Compliance,2025-12-29,2026-01-07,Completed,98.0,1.5,True,SAP SF Learning
ENR002888,EMP0382,C003,Code of Conduct & Ethics,Compliance,2025-12-28,,Not Started,,1.0,True,Cornerstone
ENR002889,EMP0382,C004,Cybersecurity Awareness,Compliance,2025-08-10,2025-09-29,Completed,74.0,2.0,True,Cornerstone
ENR002890,EMP0382,C013,Financial Modelling,Finance,2026-01-24,2026-03-07,Completed,65.0,6.0,False,SAP SF Learning
ENR002891,EMP0383,C001,Data Privacy & GDPR Fundamentals,Compliance,2026-01-05,2026-01-24,Completed,69.0,2.0,True,SAP SF Learning
ENR002892,EMP0383,C002,Workplace Safety & Health,Compliance,2026-04-24,2026-05-14,Completed,86.0,1.5,True,Cornerstone
ENR002893,EMP0383,C003,Code of Conduct & Ethics,Compliance,2026-06-04,2026-06-13,Completed,89.0,1.0,True,Cornerstone
ENR002894,EMP0383,C004,Cybersecurity Awareness,Compliance,2025-12-10,2026-01-19,Completed,92.0,2.0,True,Cornerstone
ENR002895,EMP0383,C006,Python for Data Science,Technical,2026-02-28,,In Progress,,8.0,False,Cornerstone
ENR002896,EMP0383,C008,Leadership & Influence,Leadership,2025-09-23,,Not Started,,4.0,False,Cornerstone
ENR002897,EMP0383,C013,Financial Modelling,Finance,2025-08-27,2025-09-01,Completed,94.0,6.0,False,Cornerstone
ENR002898,EMP0383,C015,AI & Machine Learning Basics,Technical,2026-01-21,2026-02-22,Completed,98.0,5.0,False,Cornerstone
ENR002899,EMP0384,C001,Data Privacy & GDPR Fundamentals,Compliance,2025-10-04,2025-11-12,Completed,100.0,2.0,True,SAP SF Learning
ENR002900,EMP0384,C002,Workplace Safety & Health,Compliance,2026-04-26,2026-05-29,Completed,76.0,1.5,True,SAP SF Learning
ENR002901,EMP0384,C003,Code of Conduct & Ethics,Compliance,2025-12-30,2026-01-09,Completed,61.0,1.0,True,SAP SF Learning
ENR002902,EMP0384,C004,Cybersecurity Awareness,Compliance,2025-08-07,2025-09-02,Completed,66.0,2.0,True,Cornerstone
ENR002903,EMP0384,C005,Anti-Harassment & Inclusion,Compliance,2026-02-09,2026-03-20,Completed,61.0,1.5,True,SAP SF Learning
ENR002904,EMP0384,C006,Python for Data Science,Technical,2026-04-19,2026-04-29,Completed,96.0,8.0,False,SAP SF Learning
ENR002905,EMP0384,C009,Project Management (PMP Prep),Professional,2026-04-26,2026-06-24,Completed,85.0,10.0,False,SAP SF Learning
ENR002906,EMP0384,C014,Agile & Scrum Practitioner,Technical,2026-01-10,,In Progress,,4.0,False,Cornerstone
ENR002907,EMP0386,C001,Data Privacy & GDPR Fundamentals,Compliance,2026-05-05,2026-05-25,Completed,98.0,2.0,True,SAP SF Learning
ENR002908,EMP0386,C002,Workplace Safety & Health,Compliance,2025-09-11,2025-09-14,Completed,86.0,1.5,True,SAP SF Learning
ENR002909,EMP0386,C003,Code of Conduct & Ethics,Compliance,2025-12-24,2026-02-18,Completed,93.0,1.0,True,Cornerstone
ENR002910,EMP0386,C005,Anti-Harassment & Inclusion,Compliance,2025-10-25,2025-10-26,Completed,91.0,1.5,True,SAP SF Learning
ENR002911,EMP0386,C006,Python for Data Science,Technical,2025-08-14,,In Progress,,8.0,False,Cornerstone
ENR002912,EMP0386,C007,Azure Cloud Fundamentals,Technical,2025-06-26,,Not Started,,6.0,False,SAP SF Learning
ENR002913,EMP0386,C008,Leadership & Influence,Leadership,2025-07-28,,Not Started,,4.0,False,Cornerstone
ENR002914,EMP0386,C010,Advanced Excel & Power BI,Technical,2025-10-30,,In Progress,,5.0,False,Cornerstone
ENR002915,EMP0386,C011,Communication Skills,Soft Skills,2025-10-07,,In Progress,,3.0,False,Cornerstone
ENR002916,EMP0386,C014,Agile & Scrum Practitioner,Technical,2026-01-03,,In Progress,,4.0,False,SAP SF Learning
ENR002917,EMP0386,C015,AI & Machine Learning Basics,Technical,2026-06-07,,In Progress,,5.0,False,Cornerstone
ENR002918,EMP0388,C001,Data Privacy & GDPR Fundamentals,Compliance,2025-11-26,,Not Started,,2.0,True,SAP SF Learning
ENR002919,EMP0388,C002,Workplace Safety & Health,Compliance,2026-05-14,,In Progress,,1.5,True,SAP SF Learning
ENR002920,EMP0388,C003,Code of Conduct & Ethics,Compliance,2026-02-08,2026-03-08,Completed,92.0,1.0,True,SAP SF Learning
ENR002921,EMP0388,C004,Cybersecurity Awareness,Compliance,2025-12-10,2025-12-29,Completed,61.0,2.0,True,Cornerstone
ENR002922,EMP0388,C005,Anti-Harassment & Inclusion,Compliance,2025-11-20,2025-12-18,Completed,79.0,1.5,True,Cornerstone
ENR002923,EMP0388,C006,Python for Data Science,Technical,2025-07-31,,Not Started,,8.0,False,Cornerstone
ENR002924,EMP0388,C007,Azure Cloud Fundamentals,Technical,2025-08-29,,Not Started,,6.0,False,SAP SF Learning
ENR002925,EMP0388,C013,Financial Modelling,Finance,2026-01-14,,Not Started,,6.0,False,SAP SF Learning
ENR002926,EMP0392,C001,Data Privacy & GDPR Fundamentals,Compliance,2025-08-16,2025-09-10,Completed,83.0,2.0,True,Cornerstone
ENR002927,EMP0392,C002,Workplace Safety & Health,Compliance,2026-02-07,2026-03-14,Completed,75.0,1.5,True,SAP SF Learning
ENR002928,EMP0392,C003,Code of Conduct & Ethics,Compliance,2025-06-18,,In Progress,,1.0,True,SAP SF Learning
ENR002929,EMP0392,C004,Cybersecurity Awareness,Compliance,2025-11-05,2025-12-21,Completed,76.0,2.0,True,SAP SF Learning
ENR002930,EMP0392,C005,Anti-Harassment & Inclusion,Compliance,2025-07-27,2025-09-06,Completed,96.0,1.5,True,SAP SF Learning
ENR002931,EMP0392,C007,Azure Cloud Fundamentals,Technical,2026-03-24,,In Progress,,6.0,False,SAP SF Learning
ENR002932,EMP0392,C008,Leadership & Influence,Leadership,2025-06-14,,In Progress,,4.0,False,Cornerstone
ENR002933,EMP0392,C009,Project Management (PMP Prep),Professional,2026-01-14,2026-02-25,Completed,78.0,10.0,False,Cornerstone
ENR002934,EMP0392,C013,Financial Modelling,Finance,2026-01-13,2026-02-14,Completed,88.0,6.0,False,SAP SF Learning
ENR002935,EMP0393,C001,Data Privacy & GDPR Fundamentals,Compliance,2025-11-13,2025-12-24,Completed,75.0,2.0,True,Cornerstone
ENR002936,EMP0393,C002,Workplace Safety & Health,Compliance,2025-06-20,2025-07-18,Completed,100.0,1.5,True,SAP SF Learning
ENR002937,EMP0393,C004,Cybersecurity Awareness,Compliance,2026-01-18,2026-02-25,Completed,84.0,2.0,True,Cornerstone
ENR002938,EMP0393,C005,Anti-Harassment & Inclusion,Compliance,2026-05-21,2026-06-15,Completed,88.0,1.5,True,SAP SF Learning
ENR002939,EMP0393,C007,Azure Cloud Fundamentals,Technical,2025-07-09,2025-07-30,Completed,85.0,6.0,False,Cornerstone
ENR002940,EMP0393,C009,Project Management (PMP Prep),Professional,2026-05-05,,In Progress,,10.0,False,Cornerstone
ENR002941,EMP0393,C013,Financial Modelling,Finance,2025-11-19,2025-12-29,Completed,61.0,6.0,False,Cornerstone
ENR002942,EMP0393,C015,AI & Machine Learning Basics,Technical,2025-10-05,2025-10-31,Completed,67.0,5.0,False,SAP SF Learning
ENR002943,EMP0394,C001,Data Privacy & GDPR Fundamentals,Compliance,2026-02-04,2026-02-20,Completed,82.0,2.0,True,Cornerstone
ENR002944,EMP0394,C002,Workplace Safety & Health,Compliance,2026-05-06,2026-05-30,Completed,87.0,1.5,True,SAP SF Learning
ENR002945,EMP0394,C003,Code of Conduct & Ethics,Compliance,2026-04-19,2026-04-23,Completed,67.0,1.0,True,SAP SF Learning
ENR002946,EMP0394,C004,Cybersecurity Awareness,Compliance,2026-03-28,2026-04-11,Completed,64.0,2.0,True,SAP SF Learning
ENR002947,EMP0394,C005,Anti-Harassment & Inclusion,Compliance,2026-02-14,2026-03-26,Completed,100.0,1.5,True,SAP SF Learning
ENR002948,EMP0394,C007,Azure Cloud Fundamentals,Technical,2025-11-26,2026-01-22,Completed,76.0,6.0,False,Cornerstone
ENR002949,EMP0394,C008,Leadership & Influence,Leadership,2025-09-01,,Not Started,,4.0,False,Cornerstone
ENR002950,EMP0394,C010,Advanced Excel & Power BI,Technical,2026-03-16,,Not Started,,5.0,False,SAP SF Learning
ENR002951,EMP0394,C011,Communication Skills,Soft Skills,2026-01-08,2026-01-18,Completed,71.0,3.0,False,Cornerstone
ENR002952,EMP0394,C012,Sales Techniques & CRM,Sales,2026-03-29,2026-04-13,Completed,64.0,4.0,False,SAP SF Learning
ENR002953,EMP0394,C013,Financial Modelling,Finance,2026-03-20,,In Progress,,6.0,False,SAP SF Learning
ENR002954,EMP0394,C014,Agile & Scrum Practitioner,Technical,2026-04-27,2026-05-20,Completed,65.0,4.0,False,Cornerstone
ENR002955,EMP0395,C001,Data Privacy & GDPR Fundamentals,Compliance,2025-12-27,2026-02-18,Completed,80.0,2.0,True,Cornerstone
ENR002956,EMP0395,C002,Workplace Safety & Health,Compliance,2026-05-15,2026-06-03,Completed,60.0,1.5,True,SAP SF Learning
ENR002957,EMP0395,C003,Code of Conduct & Ethics,Compliance,2025-11-27,2025-12-25,Completed,87.0,1.0,True,Cornerstone
ENR002958,EMP0395,C004,Cybersecurity Awareness,Compliance,2025-06-29,2025-08-20,Completed,83.0,2.0,True,Cornerstone
ENR002959,EMP0395,C005,Anti-Harassment & Inclusion,Compliance,2026-03-17,2026-04-17,Completed,75.0,1.5,True,Cornerstone
ENR002960,EMP0395,C009,Project Management (PMP Prep),Professional,2025-07-19,,In Progress,,10.0,False,SAP SF Learning
ENR002961,EMP0395,C010,Advanced Excel & Power BI,Technical,2025-12-03,2026-01-12,Completed,85.0,5.0,False,SAP SF Learning
ENR002962,EMP0395,C011,Communication Skills,Soft Skills,2026-04-01,2026-04-05,Completed,86.0,3.0,False,Cornerstone
ENR002963,EMP0395,C013,Financial Modelling,Finance,2026-06-03,,In Progress,,6.0,False,SAP SF Learning
ENR002964,EMP0395,C014,Agile & Scrum Practitioner,Technical,2026-03-25,2026-04-20,Completed,62.0,4.0,False,Cornerstone
ENR002965,EMP0395,C015,AI & Machine Learning Basics,Technical,2025-12-21,2026-01-12,Completed,81.0,5.0,False,Cornerstone
ENR002966,EMP0397,C001,Data Privacy & GDPR Fundamentals,Compliance,2026-05-31,2026-06-11,Completed,78.0,2.0,True,Cornerstone
ENR002967,EMP0397,C002,Workplace Safety & Health,Compliance,2026-04-11,2026-05-07,Completed,86.0,1.5,True,SAP SF Learning
ENR002968,EMP0397,C003,Code of Conduct & Ethics,Compliance,2025-10-09,2025-10-30,Completed,97.0,1.0,True,Cornerstone
ENR002969,EMP0397,C004,Cybersecurity Awareness,Compliance,2026-05-09,2026-07-06,Completed,75.0,2.0,True,Cornerstone
ENR002970,EMP0397,C005,Anti-Harassment & Inclusion,Compliance,2025-12-28,2026-01-06,Completed,68.0,1.5,True,SAP SF Learning
ENR002971,EMP0397,C010,Advanced Excel & Power BI,Technical,2026-02-22,,In Progress,,5.0,False,Cornerstone
ENR002972,EMP0397,C011,Communication Skills,Soft Skills,2026-01-02,2026-01-17,Completed,96.0,3.0,False,Cornerstone
ENR002973,EMP0397,C014,Agile & Scrum Practitioner,Technical,2025-08-31,2025-10-17,Completed,98.0,4.0,False,SAP SF Learning
ENR002974,EMP0398,C001,Data Privacy & GDPR Fundamentals,Compliance,2025-10-16,2025-11-05,Completed,71.0,2.0,True,SAP SF Learning
ENR002975,EMP0398,C002,Workplace Safety & Health,Compliance,2026-04-17,2026-05-16,Completed,87.0,1.5,True,Cornerstone
ENR002976,EMP0398,C003,Code of Conduct & Ethics,Compliance,2026-01-22,2026-02-19,Completed,72.0,1.0,True,SAP SF Learning
ENR002977,EMP0398,C004,Cybersecurity Awareness,Compliance,2025-06-30,2025-08-07,Completed,82.0,2.0,True,Cornerstone
ENR002978,EMP0398,C005,Anti-Harassment & Inclusion,Compliance,2025-12-02,2026-01-02,Completed,100.0,1.5,True,Cornerstone
ENR002979,EMP0398,C007,Azure Cloud Fundamentals,Technical,2026-02-05,2026-02-20,Completed,82.0,6.0,False,SAP SF Learning
ENR002980,EMP0398,C008,Leadership & Influence,Leadership,2026-03-03,2026-03-28,Completed,85.0,4.0,False,SAP SF Learning
ENR002981,EMP0398,C009,Project Management (PMP Prep),Professional,2025-07-05,2025-08-23,Completed,84.0,10.0,False,Cornerstone
ENR002982,EMP0398,C010,Advanced Excel & Power BI,Technical,2026-02-12,2026-03-24,Completed,86.0,5.0,False,SAP SF Learning
ENR002983,EMP0398,C011,Communication Skills,Soft Skills,2026-04-09,,In Progress,,3.0,False,Cornerstone
ENR002984,EMP0398,C013,Financial Modelling,Finance,2025-11-27,,Not Started,,6.0,False,SAP SF Learning
ENR002985,EMP0398,C014,Agile & Scrum Practitioner,Technical,2025-09-08,2025-10-14,Completed,97.0,4.0,False,SAP SF Learning
ENR002986,EMP0399,C001,Data Privacy & GDPR Fundamentals,Compliance,2026-01-09,,In Progress,,2.0,True,Cornerstone
ENR002987,EMP0399,C002,Workplace Safety & Health,Compliance,2026-05-16,,Not Started,,1.5,True,SAP SF Learning
ENR002988,EMP0399,C003,Code of Conduct & Ethics,Compliance,2025-08-07,2025-08-29,Completed,90.0,1.0,True,Cornerstone
ENR002989,EMP0399,C004,Cybersecurity Awareness,Compliance,2025-12-04,,Not Started,,2.0,True,Cornerstone
ENR002990,EMP0399,C005,Anti-Harassment & Inclusion,Compliance,2026-01-07,,Not Started,,1.5,True,SAP SF Learning
ENR002991,EMP0399,C007,Azure Cloud Fundamentals,Technical,2026-03-27,2026-05-09,Completed,96.0,6.0,False,Cornerstone
ENR002992,EMP0399,C008,Leadership & Influence,Leadership,2026-03-20,2026-04-08,Completed,96.0,4.0,False,SAP SF Learning
ENR002993,EMP0399,C009,Project Management (PMP Prep),Professional,2026-01-31,,In Progress,,10.0,False,SAP SF Learning
ENR002994,EMP0399,C011,Communication Skills,Soft Skills,2025-07-18,2025-09-07,Completed,92.0,3.0,False,Cornerstone
ENR002995,EMP0399,C012,Sales Techniques & CRM,Sales,2025-09-12,2025-11-03,Completed,73.0,4.0,False,SAP SF Learning
ENR002996,EMP0399,C013,Financial Modelling,Finance,2026-03-04,2026-04-27,Completed,60.0,6.0,False,Cornerstone
ENR002997,EMP0400,C001,Data Privacy & GDPR Fundamentals,Compliance,2025-06-16,2025-06-25,Completed,84.0,2.0,True,SAP SF Learning
ENR002998,EMP0400,C002,Workplace Safety & Health,Compliance,2025-07-25,2025-08-02,Completed,78.0,1.5,True,SAP SF Learning
ENR002999,EMP0400,C003,Code of Conduct & Ethics,Compliance,2026-01-25,2026-03-17,Completed,88.0,1.0,True,SAP SF Learning
ENR003000,EMP0400,C004,Cybersecurity Awareness,Compliance,2026-02-14,2026-02-24,Completed,97.0,2.0,True,Cornerstone
ENR003001,EMP0400,C005,Anti-Harassment & Inclusion,Compliance,2026-03-09,2026-04-27,Completed,85.0,1.5,True,Cornerstone
ENR003002,EMP0400,C006,Python for Data Science,Technical,2025-07-21,2025-09-07,Completed,97.0,8.0,False,SAP SF Learning
ENR003003,EMP0400,C011,Communication Skills,Soft Skills,2025-09-30,2025-10-06,Completed,99.0,3.0,False,SAP SF Learning
ENR003004,EMP0400,C015,AI & Machine Learning Basics,Technical,2025-11-07,2025-11-30,Completed,96.0,5.0,False,Cornerstone
ENR003005,EMP0401,C001,Data Privacy & GDPR Fundamentals,Compliance,2026-04-06,2026-05-13,Completed,98.0,2.0,True,SAP SF Learning
ENR003006,EMP0401,C002,Workplace Safety & Health,Compliance,2025-06-22,2025-06-28,Completed,72.0,1.5,True,Cornerstone
ENR003007,EMP0401,C003,Code of Conduct & Ethics,Compliance,2025-09-23,2025-11-21,Completed,86.0,1.0,True,SAP SF Learning
ENR003008,EMP0401,C004,Cybersecurity Awareness,Compliance,2025-08-28,,Not Started,,2.0,True,Cornerstone
ENR003009,EMP0401,C005,Anti-Harassment & Inclusion,Compliance,2026-04-26,2026-06-17,Completed,76.0,1.5,True,Cornerstone
ENR003010,EMP0401,C007,Azure Cloud Fundamentals,Technical,2025-09-01,2025-09-18,Completed,94.0,6.0,False,Cornerstone
ENR003011,EMP0401,C008,Leadership & Influence,Leadership,2025-09-27,2025-11-12,Completed,97.0,4.0,False,Cornerstone
ENR003012,EMP0401,C009,Project Management (PMP Prep),Professional,2025-10-08,,In Progress,,10.0,False,Cornerstone
ENR003013,EMP0401,C012,Sales Techniques & CRM,Sales,2026-01-06,,In Progress,,4.0,False,Cornerstone
ENR003014,EMP0401,C013,Financial Modelling,Finance,2026-05-03,,Not Started,,6.0,False,SAP SF Learning
ENR003015,EMP0401,C014,Agile & Scrum Practitioner,Technical,2025-08-09,,In Progress,,4.0,False,SAP SF Learning
ENR003016,EMP0402,C001,Data Privacy & GDPR Fundamentals,Compliance,2026-01-15,,In Progress,,2.0,True,SAP SF Learning
ENR003017,EMP0402,C002,Workplace Safety & Health,Compliance,2026-06-04,2026-06-18,Completed,94.0,1.5,True,SAP SF Learning
ENR003018,EMP0402,C003,Code of Conduct & Ethics,Compliance,2025-10-13,2025-10-20,Completed,65.0,1.0,True,SAP SF Learning
ENR003019,EMP0402,C004,Cybersecurity Awareness,Compliance,2026-05-16,2026-07-01,Completed,66.0,2.0,True,SAP SF Learning
ENR003020,EMP0402,C005,Anti-Harassment & Inclusion,Compliance,2026-04-22,2026-05-01,Completed,79.0,1.5,True,SAP SF Learning
ENR003021,EMP0402,C006,Python for Data Science,Technical,2026-06-06,2026-07-28,Completed,65.0,8.0,False,SAP SF Learning
ENR003022,EMP0402,C007,Azure Cloud Fundamentals,Technical,2026-01-02,2026-02-12,Completed,79.0,6.0,False,SAP SF Learning
ENR003023,EMP0402,C012,Sales Techniques & CRM,Sales,2025-11-22,2025-11-27,Completed,75.0,4.0,False,Cornerstone
ENR003024,EMP0402,C015,AI & Machine Learning Basics,Technical,2026-04-09,2026-04-28,Completed,70.0,5.0,False,Cornerstone
ENR003025,EMP0403,C001,Data Privacy & GDPR Fundamentals,Compliance,2025-07-25,2025-09-20,Completed,63.0,2.0,True,Cornerstone
ENR003026,EMP0403,C002,Workplace Safety & Health,Compliance,2025-07-11,,In Progress,,1.5,True,SAP SF Learning
ENR003027,EMP0403,C003,Code of Conduct & Ethics,Compliance,2026-01-27,2026-03-11,Completed,71.0,1.0,True,SAP SF Learning
ENR003028,EMP0403,C004,Cybersecurity Awareness,Compliance,2026-01-08,2026-01-31,Completed,81.0,2.0,True,Cornerstone
ENR003029,EMP0403,C013,Financial Modelling,Finance,2025-11-08,,In Progress,,6.0,False,Cornerstone
ENR003030,EMP0403,C014,Agile & Scrum Practitioner,Technical,2026-02-08,,Not Started,,4.0,False,SAP SF Learning
ENR003031,EMP0404,C001,Data Privacy & GDPR Fundamentals,Compliance,2025-08-29,2025-10-18,Completed,92.0,2.0,True,SAP SF Learning
ENR003032,EMP0404,C002,Workplace Safety & Health,Compliance,2026-05-06,,Not Started,,1.5,True,Cornerstone
ENR003033,EMP0404,C003,Code of Conduct & Ethics,Compliance,2025-11-07,2025-12-26,Completed,83.0,1.0,True,SAP SF Learning
ENR003034,EMP0404,C004,Cybersecurity Awareness,Compliance,2025-09-18,2025-09-19,Completed,90.0,2.0,True,Cornerstone
ENR003035,EMP0404,C005,Anti-Harassment & Inclusion,Compliance,2025-07-11,2025-08-22,Completed,77.0,1.5,True,Cornerstone
ENR003036,EMP0404,C006,Python for Data Science,Technical,2026-04-23,2026-06-04,Completed,86.0,8.0,False,Cornerstone
ENR003037,EMP0404,C009,Project Management (PMP Prep),Professional,2026-02-12,,Not Started,,10.0,False,SAP SF Learning
ENR003038,EMP0404,C010,Advanced Excel & Power BI,Technical,2025-09-23,,In Progress,,5.0,False,SAP SF Learning
ENR003039,EMP0404,C011,Communication Skills,Soft Skills,2025-12-09,2025-12-22,Completed,92.0,3.0,False,Cornerstone
ENR003040,EMP0404,C013,Financial Modelling,Finance,2025-08-03,2025-08-15,Completed,71.0,6.0,False,Cornerstone
ENR003041,EMP0405,C001,Data Privacy & GDPR Fundamentals,Compliance,2025-10-26,,Not Started,,2.0,True,Cornerstone
ENR003042,EMP0405,C002,Workplace Safety & Health,Compliance,2025-07-15,2025-09-02,Completed,95.0,1.5,True,SAP SF Learning
ENR003043,EMP0405,C003,Code of Conduct & Ethics,Compliance,2026-04-17,2026-05-11,Completed,66.0,1.0,True,Cornerstone
ENR003044,EMP0405,C004,Cybersecurity Awareness,Compliance,2025-10-22,2025-12-14,Completed,80.0,2.0,True,Cornerstone
ENR003045,EMP0405,C005,Anti-Harassment & Inclusion,Compliance,2026-04-08,,In Progress,,1.5,True,Cornerstone
ENR003046,EMP0405,C006,Python for Data Science,Technical,2025-07-30,,In Progress,,8.0,False,SAP SF Learning
ENR003047,EMP0405,C008,Leadership & Influence,Leadership,2025-12-16,2025-12-19,Completed,98.0,4.0,False,SAP SF Learning
ENR003048,EMP0405,C009,Project Management (PMP Prep),Professional,2026-06-04,2026-07-29,Completed,64.0,10.0,False,Cornerstone
ENR003049,EMP0405,C010,Advanced Excel & Power BI,Technical,2025-09-29,,Not Started,,5.0,False,Cornerstone
ENR003050,EMP0405,C012,Sales Techniques & CRM,Sales,2026-04-01,2026-05-30,Completed,66.0,4.0,False,SAP SF Learning
ENR003051,EMP0405,C014,Agile & Scrum Practitioner,Technical,2026-05-18,,In Progress,,4.0,False,Cornerstone
ENR003052,EMP0406,C001,Data Privacy & GDPR Fundamentals,Compliance,2026-02-01,2026-02-26,Completed,74.0,2.0,True,SAP SF Learning
ENR003053,EMP0406,C002,Workplace Safety & Health,Compliance,2026-05-29,2026-07-14,Completed,61.0,1.5,True,Cornerstone
ENR003054,EMP0406,C003,Code of Conduct & Ethics,Compliance,2026-01-22,2026-03-06,Completed,69.0,1.0,True,Cornerstone
ENR003055,EMP0406,C004,Cybersecurity Awareness,Compliance,2026-02-21,2026-04-20,Completed,88.0,2.0,True,SAP SF Learning
ENR003056,EMP0406,C005,Anti-Harassment & Inclusion,Compliance,2026-05-26,2026-07-12,Completed,85.0,1.5,True,Cornerstone
ENR003057,EMP0406,C006,Python for Data Science,Technical,2025-10-13,,Not Started,,8.0,False,SAP SF Learning
ENR003058,EMP0406,C007,Azure Cloud Fundamentals,Technical,2026-04-03,2026-05-22,Completed,77.0,6.0,False,Cornerstone
ENR003059,EMP0406,C009,Project Management (PMP Prep),Professional,2025-11-23,2025-11-27,Completed,79.0,10.0,False,SAP SF Learning
ENR003060,EMP0406,C010,Advanced Excel & Power BI,Technical,2026-04-16,2026-04-17,Completed,84.0,5.0,False,Cornerstone
ENR003061,EMP0406,C011,Communication Skills,Soft Skills,2025-11-19,2025-12-04,Completed,88.0,3.0,False,SAP SF Learning
ENR003062,EMP0406,C014,Agile & Scrum Practitioner,Technical,2025-09-03,2025-10-09,Completed,64.0,4.0,False,SAP SF Learning
ENR003063,EMP0408,C001,Data Privacy & GDPR Fundamentals,Compliance,2025-09-02,2025-10-05,Completed,77.0,2.0,True,Cornerstone
ENR003064,EMP0408,C002,Workplace Safety & Health,Compliance,2025-11-11,2025-11-22,Completed,100.0,1.5,True,SAP SF Learning
ENR003065,EMP0408,C003,Code of Conduct & Ethics,Compliance,2025-10-04,2025-11-27,Completed,91.0,1.0,True,Cornerstone
ENR003066,EMP0408,C004,Cybersecurity Awareness,Compliance,2026-05-15,2026-06-19,Completed,78.0,2.0,True,Cornerstone
ENR003067,EMP0408,C005,Anti-Harassment & Inclusion,Compliance,2025-08-03,,In Progress,,1.5,True,Cornerstone
ENR003068,EMP0408,C006,Python for Data Science,Technical,2025-06-21,2025-07-21,Completed,68.0,8.0,False,SAP SF Learning
ENR003069,EMP0408,C009,Project Management (PMP Prep),Professional,2025-10-18,2025-11-06,Completed,97.0,10.0,False,Cornerstone
ENR003070,EMP0408,C011,Communication Skills,Soft Skills,2025-08-11,2025-09-04,Completed,88.0,3.0,False,Cornerstone
ENR003071,EMP0408,C013,Financial Modelling,Finance,2026-04-14,2026-05-23,Completed,78.0,6.0,False,SAP SF Learning
ENR003072,EMP0408,C014,Agile & Scrum Practitioner,Technical,2025-07-11,2025-08-15,Completed,68.0,4.0,False,SAP SF Learning
ENR003073,EMP0408,C015,AI & Machine Learning Basics,Technical,2026-05-29,,Not Started,,5.0,False,SAP SF Learning
ENR003074,EMP0409,C001,Data Privacy & GDPR Fundamentals,Compliance,2026-05-17,2026-06-25,Completed,65.0,2.0,True,SAP SF Learning
ENR003075,EMP0409,C002,Workplace Safety & Health,Compliance,2025-12-15,2025-12-26,Completed,98.0,1.5,True,Cornerstone
ENR003076,EMP0409,C003,Code of Conduct & Ethics,Compliance,2025-06-19,2025-07-16,Completed,89.0,1.0,True,Cornerstone
ENR003077,EMP0409,C004,Cybersecurity Awareness,Compliance,2025-10-26,2025-12-03,Completed,71.0,2.0,True,SAP SF Learning
ENR003078,EMP0409,C005,Anti-Harassment & Inclusion,Compliance,2025-08-30,2025-10-23,Completed,60.0,1.5,True,SAP SF Learning
ENR003079,EMP0409,C006,Python for Data Science,Technical,2025-10-25,,In Progress,,8.0,False,Cornerstone
ENR003080,EMP0409,C007,Azure Cloud Fundamentals,Technical,2025-12-20,2026-01-24,Completed,82.0,6.0,False,Cornerstone
ENR003081,EMP0409,C008,Leadership & Influence,Leadership,2025-07-16,,In Progress,,4.0,False,Cornerstone
ENR003082,EMP0409,C012,Sales Techniques & CRM,Sales,2026-02-15,2026-04-02,Completed,97.0,4.0,False,SAP SF Learning
ENR003083,EMP0409,C013,Financial Modelling,Finance,2025-08-20,,Not Started,,6.0,False,SAP SF Learning
ENR003084,EMP0409,C014,Agile & Scrum Practitioner,Technical,2026-03-23,2026-05-01,Completed,79.0,4.0,False,Cornerstone
ENR003085,EMP0410,C001,Data Privacy & GDPR Fundamentals,Compliance,2026-05-24,2026-05-25,Completed,78.0,2.0,True,SAP SF Learning
ENR003086,EMP0410,C002,Workplace Safety & Health,Compliance,2025-09-01,2025-09-16,Completed,65.0,1.5,True,SAP SF Learning
ENR003087,EMP0410,C003,Code of Conduct & Ethics,Compliance,2025-12-08,2026-01-28,Completed,94.0,1.0,True,Cornerstone
ENR003088,EMP0410,C004,Cybersecurity Awareness,Compliance,2025-11-02,2025-12-19,Completed,78.0,2.0,True,Cornerstone
ENR003089,EMP0410,C005,Anti-Harassment & Inclusion,Compliance,2026-04-09,2026-05-19,Completed,78.0,1.5,True,SAP SF Learning
ENR003090,EMP0410,C010,Advanced Excel & Power BI,Technical,2025-08-17,,Not Started,,5.0,False,Cornerstone
ENR003091,EMP0410,C012,Sales Techniques & CRM,Sales,2026-03-08,,Not Started,,4.0,False,Cornerstone
ENR003092,EMP0410,C013,Financial Modelling,Finance,2026-03-16,,In Progress,,6.0,False,Cornerstone
ENR003093,EMP0411,C001,Data Privacy & GDPR Fundamentals,Compliance,2025-11-28,2026-01-08,Completed,90.0,2.0,True,SAP SF Learning
ENR003094,EMP0411,C002,Workplace Safety & Health,Compliance,2025-09-13,2025-09-26,Completed,91.0,1.5,True,Cornerstone
ENR003095,EMP0411,C003,Code of Conduct & Ethics,Compliance,2026-01-22,2026-03-19,Completed,68.0,1.0,True,SAP SF Learning
ENR003096,EMP0411,C004,Cybersecurity Awareness,Compliance,2025-12-27,2026-02-07,Completed,92.0,2.0,True,SAP SF Learning
ENR003097,EMP0411,C005,Anti-Harassment & Inclusion,Compliance,2026-05-29,2026-06-04,Completed,78.0,1.5,True,Cornerstone
ENR003098,EMP0411,C006,Python for Data Science,Technical,2025-06-25,2025-08-12,Completed,75.0,8.0,False,SAP SF Learning
ENR003099,EMP0411,C011,Communication Skills,Soft Skills,2025-11-26,2026-01-08,Completed,100.0,3.0,False,SAP SF Learning
ENR003100,EMP0411,C012,Sales Techniques & CRM,Sales,2025-12-12,,Not Started,,4.0,False,Cornerstone
ENR003101,EMP0411,C014,Agile & Scrum Practitioner,Technical,2025-10-20,2025-12-16,Completed,81.0,4.0,False,Cornerstone
ENR003102,EMP0411,C015,AI & Machine Learning Basics,Technical,2025-07-16,2025-08-03,Completed,61.0,5.0,False,SAP SF Learning
ENR003103,EMP0413,C001,Data Privacy & GDPR Fundamentals,Compliance,2025-08-12,2025-09-07,Completed,78.0,2.0,True,Cornerstone
ENR003104,EMP0413,C002,Workplace Safety & Health,Compliance,2026-05-11,2026-05-26,Completed,83.0,1.5,True,Cornerstone
ENR003105,EMP0413,C003,Code of Conduct & Ethics,Compliance,2025-12-15,2026-01-02,Completed,80.0,1.0,True,SAP SF Learning
ENR003106,EMP0413,C004,Cybersecurity Awareness,Compliance,2026-04-19,,Not Started,,2.0,True,SAP SF Learning
ENR003107,EMP0413,C005,Anti-Harassment & Inclusion,Compliance,2025-10-09,,Not Started,,1.5,True,SAP SF Learning
ENR003108,EMP0413,C006,Python for Data Science,Technical,2025-11-27,2026-01-04,Completed,87.0,8.0,False,Cornerstone
ENR003109,EMP0413,C009,Project Management (PMP Prep),Professional,2025-11-14,,Not Started,,10.0,False,Cornerstone
ENR003110,EMP0413,C010,Advanced Excel & Power BI,Technical,2026-01-15,2026-02-09,Completed,94.0,5.0,False,SAP SF Learning
ENR003111,EMP0413,C011,Communication Skills,Soft Skills,2026-02-25,2026-03-24,Completed,68.0,3.0,False,SAP SF Learning
ENR003112,EMP0414,C001,Data Privacy & GDPR Fundamentals,Compliance,2026-03-02,,In Progress,,2.0,True,Cornerstone
ENR003113,EMP0414,C002,Workplace Safety & Health,Compliance,2025-07-22,2025-09-16,Completed,83.0,1.5,True,Cornerstone
ENR003114,EMP0414,C003,Code of Conduct & Ethics,Compliance,2026-04-11,2026-06-08,Completed,91.0,1.0,True,SAP SF Learning
ENR003115,EMP0414,C004,Cybersecurity Awareness,Compliance,2026-05-08,2026-07-02,Completed,60.0,2.0,True,SAP SF Learning
ENR003116,EMP0414,C005,Anti-Harassment & Inclusion,Compliance,2025-12-17,2026-01-16,Completed,68.0,1.5,True,SAP SF Learning
ENR003117,EMP0414,C007,Azure Cloud Fundamentals,Technical,2025-06-18,2025-07-30,Completed,99.0,6.0,False,Cornerstone
ENR003118,EMP0414,C010,Advanced Excel & Power BI,Technical,2025-09-11,2025-10-23,Completed,69.0,5.0,False,Cornerstone
ENR003119,EMP0414,C012,Sales Techniques & CRM,Sales,2026-06-02,2026-06-28,Completed,88.0,4.0,False,Cornerstone
ENR003120,EMP0414,C014,Agile & Scrum Practitioner,Technical,2026-05-10,,Not Started,,4.0,False,Cornerstone
ENR003121,EMP0414,C015,AI & Machine Learning Basics,Technical,2025-08-02,,In Progress,,5.0,False,Cornerstone
ENR003122,EMP0415,C001,Data Privacy & GDPR Fundamentals,Compliance,2026-05-02,2026-06-28,Completed,93.0,2.0,True,SAP SF Learning
ENR003123,EMP0415,C002,Workplace Safety & Health,Compliance,2025-09-21,2025-11-13,Completed,76.0,1.5,True,Cornerstone
ENR003124,EMP0415,C003,Code of Conduct & Ethics,Compliance,2026-03-28,2026-05-22,Completed,88.0,1.0,True,SAP SF Learning
ENR003125,EMP0415,C004,Cybersecurity Awareness,Compliance,2026-04-12,2026-05-27,Completed,94.0,2.0,True,SAP SF Learning
ENR003126,EMP0415,C005,Anti-Harassment & Inclusion,Compliance,2026-03-23,2026-05-07,Completed,73.0,1.5,True,SAP SF Learning
ENR003127,EMP0415,C009,Project Management (PMP Prep),Professional,2026-01-13,,Not Started,,10.0,False,SAP SF Learning
ENR003128,EMP0415,C011,Communication Skills,Soft Skills,2025-09-19,,In Progress,,3.0,False,Cornerstone
ENR003129,EMP0415,C015,AI & Machine Learning Basics,Technical,2025-10-21,,In Progress,,5.0,False,Cornerstone
ENR003130,EMP0416,C001,Data Privacy & GDPR Fundamentals,Compliance,2025-12-29,2026-02-04,Completed,100.0,2.0,True,Cornerstone
ENR003131,EMP0416,C002,Workplace Safety & Health,Compliance,2026-02-12,2026-03-03,Completed,63.0,1.5,True,SAP SF Learning
ENR003132,EMP0416,C003,Code of Conduct & Ethics,Compliance,2025-10-22,2025-12-19,Completed,92.0,1.0,True,SAP SF Learning
ENR003133,EMP0416,C004,Cybersecurity Awareness,Compliance,2025-08-31,2025-09-13,Completed,93.0,2.0,True,Cornerstone
ENR003134,EMP0416,C005,Anti-Harassment & Inclusion,Compliance,2026-02-15,2026-03-07,Completed,89.0,1.5,True,SAP SF Learning
ENR003135,EMP0416,C006,Python for Data Science,Technical,2025-06-25,,In Progress,,8.0,False,Cornerstone
ENR003136,EMP0416,C007,Azure Cloud Fundamentals,Technical,2025-10-10,2025-11-08,Completed,67.0,6.0,False,SAP SF Learning
ENR003137,EMP0416,C008,Leadership & Influence,Leadership,2025-09-19,2025-11-18,Completed,98.0,4.0,False,Cornerstone
ENR003138,EMP0416,C010,Advanced Excel & Power BI,Technical,2026-05-24,,In Progress,,5.0,False,SAP SF Learning
ENR003139,EMP0416,C011,Communication Skills,Soft Skills,2025-07-20,2025-09-18,Completed,84.0,3.0,False,SAP SF Learning
ENR003140,EMP0416,C012,Sales Techniques & CRM,Sales,2025-11-20,2025-12-27,Completed,96.0,4.0,False,SAP SF Learning
ENR003141,EMP0416,C013,Financial Modelling,Finance,2025-10-25,2025-12-10,Completed,93.0,6.0,False,Cornerstone
ENR003142,EMP0416,C014,Agile & Scrum Practitioner,Technical,2025-07-05,2025-07-08,Completed,80.0,4.0,False,Cornerstone
ENR003143,EMP0417,C001,Data Privacy & GDPR Fundamentals,Compliance,2025-08-22,2025-10-03,Completed,94.0,2.0,True,Cornerstone
ENR003144,EMP0417,C002,Workplace Safety & Health,Compliance,2025-11-20,2026-01-05,Completed,69.0,1.5,True,SAP SF Learning
ENR003145,EMP0417,C003,Code of Conduct & Ethics,Compliance,2025-09-10,,In Progress,,1.0,True,SAP SF Learning
ENR003146,EMP0417,C004,Cybersecurity Awareness,Compliance,2025-11-11,2025-11-18,Completed,89.0,2.0,True,SAP SF Learning
ENR003147,EMP0417,C005,Anti-Harassment & Inclusion,Compliance,2025-06-26,2025-07-18,Completed,94.0,1.5,True,SAP SF Learning
ENR003148,EMP0417,C006,Python for Data Science,Technical,2025-12-14,,In Progress,,8.0,False,Cornerstone
ENR003149,EMP0417,C009,Project Management (PMP Prep),Professional,2026-04-26,2026-05-27,Completed,84.0,10.0,False,SAP SF Learning
ENR003150,EMP0417,C013,Financial Modelling,Finance,2025-07-28,,Not Started,,6.0,False,SAP SF Learning
ENR003151,EMP0418,C001,Data Privacy & GDPR Fundamentals,Compliance,2026-05-30,2026-07-28,Completed,96.0,2.0,True,SAP SF Learning
ENR003152,EMP0418,C002,Workplace Safety & Health,Compliance,2026-03-16,2026-04-26,Completed,89.0,1.5,True,Cornerstone
ENR003153,EMP0418,C003,Code of Conduct & Ethics,Compliance,2026-03-14,2026-04-14,Completed,90.0,1.0,True,SAP SF Learning
ENR003154,EMP0418,C004,Cybersecurity Awareness,Compliance,2026-03-26,,In Progress,,2.0,True,Cornerstone
ENR003155,EMP0418,C005,Anti-Harassment & Inclusion,Compliance,2025-12-21,2026-01-11,Completed,68.0,1.5,True,SAP SF Learning
ENR003156,EMP0418,C009,Project Management (PMP Prep),Professional,2026-04-26,2026-06-20,Completed,77.0,10.0,False,Cornerstone
ENR003157,EMP0418,C012,Sales Techniques & CRM,Sales,2026-02-20,2026-04-14,Completed,88.0,4.0,False,SAP SF Learning
ENR003158,EMP0418,C015,AI & Machine Learning Basics,Technical,2026-01-20,2026-02-20,Completed,66.0,5.0,False,SAP SF Learning
ENR003159,EMP0419,C001,Data Privacy & GDPR Fundamentals,Compliance,2026-02-01,2026-03-23,Completed,85.0,2.0,True,SAP SF Learning
ENR003160,EMP0419,C002,Workplace Safety & Health,Compliance,2025-11-14,2025-12-23,Completed,99.0,1.5,True,SAP SF Learning
ENR003161,EMP0419,C003,Code of Conduct & Ethics,Compliance,2025-09-08,2025-10-28,Completed,77.0,1.0,True,Cornerstone
ENR003162,EMP0419,C004,Cybersecurity Awareness,Compliance,2026-03-13,2026-03-24,Completed,78.0,2.0,True,Cornerstone
ENR003163,EMP0419,C009,Project Management (PMP Prep),Professional,2025-07-08,,In Progress,,10.0,False,Cornerstone
ENR003164,EMP0419,C010,Advanced Excel & Power BI,Technical,2025-09-27,2025-10-13,Completed,86.0,5.0,False,Cornerstone
ENR003165,EMP0419,C011,Communication Skills,Soft Skills,2026-04-11,,In Progress,,3.0,False,Cornerstone
ENR003166,EMP0419,C012,Sales Techniques & CRM,Sales,2026-03-25,,In Progress,,4.0,False,Cornerstone
ENR003167,EMP0419,C014,Agile & Scrum Practitioner,Technical,2025-12-22,2026-01-17,Completed,82.0,4.0,False,Cornerstone
ENR003168,EMP0420,C001,Data Privacy & GDPR Fundamentals,Compliance,2026-01-27,2026-03-04,Completed,73.0,2.0,True,Cornerstone
ENR003169,EMP0420,C002,Workplace Safety & Health,Compliance,2025-12-23,2026-01-06,Completed,82.0,1.5,True,SAP SF Learning
ENR003170,EMP0420,C003,Code of Conduct & Ethics,Compliance,2026-01-28,2026-02-16,Completed,96.0,1.0,True,SAP SF Learning
ENR003171,EMP0420,C004,Cybersecurity Awareness,Compliance,2025-07-14,2025-08-08,Completed,75.0,2.0,True,SAP SF Learning
ENR003172,EMP0420,C006,Python for Data Science,Technical,2026-04-28,2026-05-08,Completed,61.0,8.0,False,Cornerstone
ENR003173,EMP0420,C008,Leadership & Influence,Leadership,2026-02-19,2026-03-15,Completed,69.0,4.0,False,Cornerstone
ENR003174,EMP0420,C012,Sales Techniques & CRM,Sales,2025-06-10,2025-06-13,Completed,69.0,4.0,False,Cornerstone
ENR003175,EMP0420,C015,AI & Machine Learning Basics,Technical,2025-07-12,2025-08-17,Completed,81.0,5.0,False,SAP SF Learning
ENR003176,EMP0421,C001,Data Privacy & GDPR Fundamentals,Compliance,2025-08-04,2025-08-12,Completed,85.0,2.0,True,Cornerstone
ENR003177,EMP0421,C002,Workplace Safety & Health,Compliance,2026-05-16,2026-07-02,Completed,72.0,1.5,True,Cornerstone
ENR003178,EMP0421,C003,Code of Conduct & Ethics,Compliance,2025-11-19,2026-01-17,Completed,73.0,1.0,True,SAP SF Learning
ENR003179,EMP0421,C004,Cybersecurity Awareness,Compliance,2026-04-01,2026-04-14,Completed,60.0,2.0,True,Cornerstone
ENR003180,EMP0421,C005,Anti-Harassment & Inclusion,Compliance,2025-07-01,2025-08-08,Completed,63.0,1.5,True,Cornerstone
ENR003181,EMP0421,C007,Azure Cloud Fundamentals,Technical,2025-10-07,,In Progress,,6.0,False,Cornerstone
ENR003182,EMP0421,C010,Advanced Excel & Power BI,Technical,2026-05-17,,In Progress,,5.0,False,Cornerstone
ENR003183,EMP0421,C011,Communication Skills,Soft Skills,2026-06-03,2026-06-18,Completed,100.0,3.0,False,SAP SF Learning
ENR003184,EMP0421,C012,Sales Techniques & CRM,Sales,2026-04-04,2026-04-15,Completed,94.0,4.0,False,Cornerstone
ENR003185,EMP0421,C014,Agile & Scrum Practitioner,Technical,2026-02-11,2026-02-16,Completed,82.0,4.0,False,SAP SF Learning
ENR003186,EMP0422,C002,Workplace Safety & Health,Compliance,2026-05-04,2026-05-27,Completed,74.0,1.5,True,Cornerstone
ENR003187,EMP0422,C004,Cybersecurity Awareness,Compliance,2025-07-13,2025-08-05,Completed,95.0,2.0,True,Cornerstone
ENR003188,EMP0422,C005,Anti-Harassment & Inclusion,Compliance,2026-03-24,2026-05-19,Completed,99.0,1.5,True,SAP SF Learning
ENR003189,EMP0422,C006,Python for Data Science,Technical,2025-11-30,,Not Started,,8.0,False,Cornerstone
ENR003190,EMP0422,C010,Advanced Excel & Power BI,Technical,2026-05-10,2026-05-12,Completed,66.0,5.0,False,SAP SF Learning
ENR003191,EMP0422,C011,Communication Skills,Soft Skills,2026-03-04,,Not Started,,3.0,False,SAP SF Learning
ENR003192,EMP0422,C014,Agile & Scrum Practitioner,Technical,2025-09-09,2025-10-13,Completed,82.0,4.0,False,Cornerstone
ENR003193,EMP0423,C001,Data Privacy & GDPR Fundamentals,Compliance,2026-04-09,2026-05-09,Completed,85.0,2.0,True,Cornerstone
ENR003194,EMP0423,C002,Workplace Safety & Health,Compliance,2025-08-19,2025-09-16,Completed,88.0,1.5,True,Cornerstone
ENR003195,EMP0423,C003,Code of Conduct & Ethics,Compliance,2026-03-03,2026-04-14,Completed,85.0,1.0,True,Cornerstone
ENR003196,EMP0423,C004,Cybersecurity Awareness,Compliance,2026-04-22,2026-05-04,Completed,95.0,2.0,True,Cornerstone
ENR003197,EMP0423,C005,Anti-Harassment & Inclusion,Compliance,2026-01-21,2026-03-14,Completed,80.0,1.5,True,Cornerstone
ENR003198,EMP0423,C009,Project Management (PMP Prep),Professional,2025-06-19,2025-07-02,Completed,95.0,10.0,False,SAP SF Learning
ENR003199,EMP0423,C010,Advanced Excel & Power BI,Technical,2025-10-10,2025-10-15,Completed,78.0,5.0,False,Cornerstone
ENR003200,EMP0423,C011,Communication Skills,Soft Skills,2026-04-08,2026-05-09,Completed,95.0,3.0,False,Cornerstone
ENR003201,EMP0423,C015,AI & Machine Learning Basics,Technical,2026-01-02,2026-02-13,Completed,67.0,5.0,False,SAP SF Learning
ENR003202,EMP0424,C001,Data Privacy & GDPR Fundamentals,Compliance,2025-06-24,2025-08-05,Completed,83.0,2.0,True,Cornerstone
ENR003203,EMP0424,C002,Workplace Safety & Health,Compliance,2026-01-29,2026-02-16,Completed,98.0,1.5,True,Cornerstone
ENR003204,EMP0424,C003,Code of Conduct & Ethics,Compliance,2025-11-30,2026-01-26,Completed,91.0,1.0,True,SAP SF Learning
ENR003205,EMP0424,C004,Cybersecurity Awareness,Compliance,2025-06-28,2025-08-09,Completed,61.0,2.0,True,Cornerstone
ENR003206,EMP0424,C005,Anti-Harassment & Inclusion,Compliance,2025-06-16,2025-08-02,Completed,69.0,1.5,True,SAP SF Learning
ENR003207,EMP0424,C006,Python for Data Science,Technical,2025-12-23,2026-02-02,Completed,62.0,8.0,False,SAP SF Learning
ENR003208,EMP0424,C008,Leadership & Influence,Leadership,2026-02-14,,In Progress,,4.0,False,Cornerstone
ENR003209,EMP0424,C010,Advanced Excel & Power BI,Technical,2025-07-25,,In Progress,,5.0,False,SAP SF Learning
ENR003210,EMP0424,C011,Communication Skills,Soft Skills,2026-04-09,,In Progress,,3.0,False,Cornerstone
ENR003211,EMP0424,C014,Agile & Scrum Practitioner,Technical,2025-09-18,,Not Started,,4.0,False,SAP SF Learning
ENR003212,EMP0425,C001,Data Privacy & GDPR Fundamentals,Compliance,2025-09-29,,Not Started,,2.0,True,SAP SF Learning
ENR003213,EMP0425,C002,Workplace Safety & Health,Compliance,2026-03-04,2026-04-15,Completed,77.0,1.5,True,SAP SF Learning
ENR003214,EMP0425,C003,Code of Conduct & Ethics,Compliance,2026-02-22,,Not Started,,1.0,True,SAP SF Learning
ENR003215,EMP0425,C004,Cybersecurity Awareness,Compliance,2026-05-28,2026-06-01,Completed,84.0,2.0,True,SAP SF Learning
ENR003216,EMP0425,C005,Anti-Harassment & Inclusion,Compliance,2025-10-28,2025-11-14,Completed,83.0,1.5,True,Cornerstone
ENR003217,EMP0425,C009,Project Management (PMP Prep),Professional,2026-06-04,,In Progress,,10.0,False,SAP SF Learning
ENR003218,EMP0425,C015,AI & Machine Learning Basics,Technical,2025-11-08,,Not Started,,5.0,False,Cornerstone
ENR003219,EMP0426,C001,Data Privacy & GDPR Fundamentals,Compliance,2026-05-09,2026-06-08,Completed,90.0,2.0,True,SAP SF Learning
ENR003220,EMP0426,C002,Workplace Safety & Health,Compliance,2025-06-11,,Not Started,,1.5,True,Cornerstone
ENR003221,EMP0426,C003,Code of Conduct & Ethics,Compliance,2026-05-18,2026-07-07,Completed,99.0,1.0,True,Cornerstone
ENR003222,EMP0426,C004,Cybersecurity Awareness,Compliance,2026-02-16,2026-03-04,Completed,87.0,2.0,True,SAP SF Learning
ENR003223,EMP0426,C005,Anti-Harassment & Inclusion,Compliance,2025-06-21,2025-08-09,Completed,79.0,1.5,True,SAP SF Learning
ENR003224,EMP0426,C006,Python for Data Science,Technical,2026-03-16,2026-03-28,Completed,94.0,8.0,False,SAP SF Learning
ENR003225,EMP0426,C007,Azure Cloud Fundamentals,Technical,2026-04-25,2026-05-25,Completed,72.0,6.0,False,SAP SF Learning
ENR003226,EMP0426,C009,Project Management (PMP Prep),Professional,2025-06-27,,Not Started,,10.0,False,Cornerstone
ENR003227,EMP0426,C010,Advanced Excel & Power BI,Technical,2025-08-03,,Not Started,,5.0,False,SAP SF Learning
ENR003228,EMP0427,C001,Data Privacy & GDPR Fundamentals,Compliance,2025-06-24,2025-08-08,Completed,100.0,2.0,True,Cornerstone
ENR003229,EMP0427,C002,Workplace Safety & Health,Compliance,2025-10-20,2025-11-01,Completed,95.0,1.5,True,Cornerstone
ENR003230,EMP0427,C003,Code of Conduct & Ethics,Compliance,2025-10-20,2025-10-25,Completed,68.0,1.0,True,SAP SF Learning
ENR003231,EMP0427,C004,Cybersecurity Awareness,Compliance,2026-04-05,2026-05-19,Completed,74.0,2.0,True,Cornerstone
ENR003232,EMP0427,C005,Anti-Harassment & Inclusion,Compliance,2026-02-05,,Not Started,,1.5,True,Cornerstone
ENR003233,EMP0427,C007,Azure Cloud Fundamentals,Technical,2025-09-10,,In Progress,,6.0,False,SAP SF Learning
ENR003234,EMP0427,C008,Leadership & Influence,Leadership,2025-10-26,2025-11-25,Completed,76.0,4.0,False,Cornerstone
ENR003235,EMP0427,C010,Advanced Excel & Power BI,Technical,2026-02-23,2026-04-09,Completed,63.0,5.0,False,SAP SF Learning
ENR003236,EMP0427,C013,Financial Modelling,Finance,2025-07-10,2025-08-28,Completed,87.0,6.0,False,Cornerstone
ENR003237,EMP0430,C001,Data Privacy & GDPR Fundamentals,Compliance,2025-07-09,2025-09-05,Completed,79.0,2.0,True,SAP SF Learning
ENR003238,EMP0430,C002,Workplace Safety & Health,Compliance,2025-10-08,2025-10-23,Completed,89.0,1.5,True,Cornerstone
ENR003239,EMP0430,C003,Code of Conduct & Ethics,Compliance,2025-11-18,2025-11-30,Completed,94.0,1.0,True,Cornerstone
ENR003240,EMP0430,C004,Cybersecurity Awareness,Compliance,2025-08-26,2025-09-12,Completed,84.0,2.0,True,Cornerstone
ENR003241,EMP0430,C006,Python for Data Science,Technical,2025-10-10,,Not Started,,8.0,False,SAP SF Learning
ENR003242,EMP0430,C009,Project Management (PMP Prep),Professional,2026-03-29,2026-05-01,Completed,76.0,10.0,False,Cornerstone
ENR003243,EMP0430,C011,Communication Skills,Soft Skills,2026-01-24,,In Progress,,3.0,False,SAP SF Learning
ENR003244,EMP0430,C012,Sales Techniques & CRM,Sales,2026-04-28,2026-04-30,Completed,75.0,4.0,False,SAP SF Learning
ENR003245,EMP0430,C013,Financial Modelling,Finance,2025-12-18,,Not Started,,6.0,False,SAP SF Learning
ENR003246,EMP0431,C001,Data Privacy & GDPR Fundamentals,Compliance,2026-04-24,2026-06-07,Completed,86.0,2.0,True,SAP SF Learning
ENR003247,EMP0431,C002,Workplace Safety & Health,Compliance,2026-04-17,2026-04-29,Completed,73.0,1.5,True,SAP SF Learning
ENR003248,EMP0431,C003,Code of Conduct & Ethics,Compliance,2026-04-26,2026-06-24,Completed,95.0,1.0,True,Cornerstone
ENR003249,EMP0431,C004,Cybersecurity Awareness,Compliance,2025-10-21,,In Progress,,2.0,True,SAP SF Learning
ENR003250,EMP0431,C005,Anti-Harassment & Inclusion,Compliance,2025-07-01,2025-08-09,Completed,75.0,1.5,True,SAP SF Learning
ENR003251,EMP0431,C006,Python for Data Science,Technical,2026-02-28,2026-03-12,Completed,75.0,8.0,False,Cornerstone
ENR003252,EMP0431,C007,Azure Cloud Fundamentals,Technical,2025-10-28,,Not Started,,6.0,False,SAP SF Learning
ENR003253,EMP0431,C010,Advanced Excel & Power BI,Technical,2025-09-28,,In Progress,,5.0,False,Cornerstone
ENR003254,EMP0431,C012,Sales Techniques & CRM,Sales,2026-05-18,,In Progress,,4.0,False,Cornerstone
ENR003255,EMP0431,C015,AI & Machine Learning Basics,Technical,2026-02-27,,Not Started,,5.0,False,Cornerstone
ENR003256,EMP0433,C001,Data Privacy & GDPR Fundamentals,Compliance,2026-03-01,2026-04-14,Completed,89.0,2.0,True,Cornerstone
ENR003257,EMP0433,C002,Workplace Safety & Health,Compliance,2026-04-09,,In Progress,,1.5,True,SAP SF Learning
ENR003258,EMP0433,C003,Code of Conduct & Ethics,Compliance,2025-08-11,2025-10-04,Completed,87.0,1.0,True,Cornerstone
ENR003259,EMP0433,C004,Cybersecurity Awareness,Compliance,2025-07-11,2025-08-27,Completed,92.0,2.0,True,SAP SF Learning
ENR003260,EMP0433,C005,Anti-Harassment & Inclusion,Compliance,2026-02-04,2026-02-11,Completed,97.0,1.5,True,Cornerstone
ENR003261,EMP0433,C007,Azure Cloud Fundamentals,Technical,2026-02-28,2026-04-19,Completed,90.0,6.0,False,Cornerstone
ENR003262,EMP0433,C008,Leadership & Influence,Leadership,2026-01-14,2026-02-12,Completed,91.0,4.0,False,Cornerstone
ENR003263,EMP0433,C009,Project Management (PMP Prep),Professional,2026-05-05,2026-06-14,Completed,65.0,10.0,False,SAP SF Learning
ENR003264,EMP0433,C010,Advanced Excel & Power BI,Technical,2025-09-23,2025-09-24,Completed,71.0,5.0,False,Cornerstone
ENR003265,EMP0433,C012,Sales Techniques & CRM,Sales,2026-01-13,2026-02-22,Completed,62.0,4.0,False,Cornerstone
ENR003266,EMP0433,C013,Financial Modelling,Finance,2025-10-21,,In Progress,,6.0,False,SAP SF Learning
ENR003267,EMP0433,C015,AI & Machine Learning Basics,Technical,2026-04-08,2026-04-09,Completed,98.0,5.0,False,Cornerstone
ENR003268,EMP0434,C001,Data Privacy & GDPR Fundamentals,Compliance,2026-03-02,2026-04-15,Completed,82.0,2.0,True,SAP SF Learning
ENR003269,EMP0434,C002,Workplace Safety & Health,Compliance,2026-01-03,2026-01-13,Completed,75.0,1.5,True,SAP SF Learning
ENR003270,EMP0434,C003,Code of Conduct & Ethics,Compliance,2025-07-16,2025-09-11,Completed,75.0,1.0,True,Cornerstone
ENR003271,EMP0434,C004,Cybersecurity Awareness,Compliance,2025-07-07,2025-08-25,Completed,80.0,2.0,True,Cornerstone
ENR003272,EMP0434,C005,Anti-Harassment & Inclusion,Compliance,2025-09-26,2025-10-03,Completed,94.0,1.5,True,SAP SF Learning
ENR003273,EMP0434,C006,Python for Data Science,Technical,2025-09-08,2025-10-14,Completed,70.0,8.0,False,SAP SF Learning
ENR003274,EMP0434,C007,Azure Cloud Fundamentals,Technical,2026-04-04,2026-04-17,Completed,64.0,6.0,False,SAP SF Learning
ENR003275,EMP0434,C009,Project Management (PMP Prep),Professional,2026-05-02,2026-06-06,Completed,96.0,10.0,False,Cornerstone
ENR003276,EMP0434,C012,Sales Techniques & CRM,Sales,2025-12-24,2026-01-13,Completed,91.0,4.0,False,SAP SF Learning
ENR003277,EMP0434,C013,Financial Modelling,Finance,2025-06-18,2025-06-24,Completed,76.0,6.0,False,Cornerstone
ENR003278,EMP0434,C015,AI & Machine Learning Basics,Technical,2025-11-24,2025-12-30,Completed,83.0,5.0,False,Cornerstone
ENR003279,EMP0436,C001,Data Privacy & GDPR Fundamentals,Compliance,2026-02-25,2026-04-05,Completed,80.0,2.0,True,Cornerstone
ENR003280,EMP0436,C002,Workplace Safety & Health,Compliance,2025-12-04,2025-12-28,Completed,65.0,1.5,True,Cornerstone
ENR003281,EMP0436,C003,Code of Conduct & Ethics,Compliance,2026-01-22,2026-03-03,Completed,76.0,1.0,True,SAP SF Learning
ENR003282,EMP0436,C004,Cybersecurity Awareness,Compliance,2026-06-07,2026-07-16,Completed,90.0,2.0,True,Cornerstone
ENR003283,EMP0436,C005,Anti-Harassment & Inclusion,Compliance,2025-10-21,2025-12-13,Completed,67.0,1.5,True,Cornerstone
ENR003284,EMP0436,C008,Leadership & Influence,Leadership,2026-03-29,,Not Started,,4.0,False,Cornerstone
ENR003285,EMP0436,C009,Project Management (PMP Prep),Professional,2025-10-25,2025-11-03,Completed,85.0,10.0,False,SAP SF Learning
ENR003286,EMP0436,C010,Advanced Excel & Power BI,Technical,2025-09-02,,Not Started,,5.0,False,SAP SF Learning
ENR003287,EMP0436,C014,Agile & Scrum Practitioner,Technical,2026-03-19,2026-05-02,Completed,78.0,4.0,False,SAP SF Learning
ENR003288,EMP0436,C015,AI & Machine Learning Basics,Technical,2026-04-11,2026-05-06,Completed,71.0,5.0,False,SAP SF Learning
ENR003289,EMP0440,C001,Data Privacy & GDPR Fundamentals,Compliance,2026-03-19,2026-04-07,Completed,67.0,2.0,True,Cornerstone
ENR003290,EMP0440,C002,Workplace Safety & Health,Compliance,2025-11-18,2026-01-01,Completed,79.0,1.5,True,Cornerstone
ENR003291,EMP0440,C003,Code of Conduct & Ethics,Compliance,2025-07-19,2025-08-07,Completed,92.0,1.0,True,Cornerstone
ENR003292,EMP0440,C004,Cybersecurity Awareness,Compliance,2025-11-10,,Not Started,,2.0,True,Cornerstone
ENR003293,EMP0440,C005,Anti-Harassment & Inclusion,Compliance,2025-11-17,2025-11-19,Completed,76.0,1.5,True,SAP SF Learning
ENR003294,EMP0440,C010,Advanced Excel & Power BI,Technical,2025-06-20,2025-07-05,Completed,91.0,5.0,False,Cornerstone
ENR003295,EMP0440,C011,Communication Skills,Soft Skills,2026-05-02,2026-05-25,Completed,96.0,3.0,False,Cornerstone
ENR003296,EMP0440,C012,Sales Techniques & CRM,Sales,2026-03-11,,In Progress,,4.0,False,Cornerstone
ENR003297,EMP0440,C013,Financial Modelling,Finance,2025-10-15,2025-11-02,Completed,64.0,6.0,False,Cornerstone
ENR003298,EMP0440,C014,Agile & Scrum Practitioner,Technical,2026-03-24,,In Progress,,4.0,False,Cornerstone
ENR003299,EMP0441,C001,Data Privacy & GDPR Fundamentals,Compliance,2025-08-09,2025-08-17,Completed,93.0,2.0,True,Cornerstone
ENR003300,EMP0441,C002,Workplace Safety & Health,Compliance,2026-01-03,2026-02-17,Completed,97.0,1.5,True,SAP SF Learning
ENR003301,EMP0441,C003,Code of Conduct & Ethics,Compliance,2026-05-04,2026-05-26,Completed,88.0,1.0,True,SAP SF Learning
ENR003302,EMP0441,C004,Cybersecurity Awareness,Compliance,2025-12-11,,Not Started,,2.0,True,Cornerstone
ENR003303,EMP0441,C005,Anti-Harassment & Inclusion,Compliance,2026-06-05,,In Progress,,1.5,True,SAP SF Learning
ENR003304,EMP0441,C008,Leadership & Influence,Leadership,2026-03-23,2026-05-02,Completed,94.0,4.0,False,Cornerstone
ENR003305,EMP0441,C010,Advanced Excel & Power BI,Technical,2025-08-30,,Not Started,,5.0,False,SAP SF Learning
ENR003306,EMP0441,C011,Communication Skills,Soft Skills,2025-11-14,2025-11-21,Completed,70.0,3.0,False,SAP SF Learning
ENR003307,EMP0441,C012,Sales Techniques & CRM,Sales,2025-10-24,2025-11-05,Completed,86.0,4.0,False,Cornerstone
ENR003308,EMP0441,C013,Financial Modelling,Finance,2025-11-15,2026-01-13,Completed,95.0,6.0,False,Cornerstone
ENR003309,EMP0442,C001,Data Privacy & GDPR Fundamentals,Compliance,2026-02-16,2026-03-26,Completed,63.0,2.0,True,SAP SF Learning
ENR003310,EMP0442,C002,Workplace Safety & Health,Compliance,2025-08-13,2025-08-21,Completed,73.0,1.5,True,Cornerstone
ENR003311,EMP0442,C003,Code of Conduct & Ethics,Compliance,2025-11-21,,Not Started,,1.0,True,Cornerstone
ENR003312,EMP0442,C004,Cybersecurity Awareness,Compliance,2026-03-06,2026-03-31,Completed,74.0,2.0,True,Cornerstone
ENR003313,EMP0442,C005,Anti-Harassment & Inclusion,Compliance,2025-07-26,2025-08-11,Completed,64.0,1.5,True,SAP SF Learning
ENR003314,EMP0442,C007,Azure Cloud Fundamentals,Technical,2026-05-04,2026-06-18,Completed,98.0,6.0,False,Cornerstone
ENR003315,EMP0442,C011,Communication Skills,Soft Skills,2025-11-20,,In Progress,,3.0,False,Cornerstone
ENR003316,EMP0442,C013,Financial Modelling,Finance,2026-02-09,2026-04-09,Completed,80.0,6.0,False,SAP SF Learning
ENR003317,EMP0443,C001,Data Privacy & GDPR Fundamentals,Compliance,2025-10-12,2025-12-08,Completed,64.0,2.0,True,SAP SF Learning
ENR003318,EMP0443,C002,Workplace Safety & Health,Compliance,2026-05-12,2026-05-24,Completed,66.0,1.5,True,Cornerstone
ENR003319,EMP0443,C003,Code of Conduct & Ethics,Compliance,2025-11-14,2025-11-22,Completed,94.0,1.0,True,SAP SF Learning
ENR003320,EMP0443,C004,Cybersecurity Awareness,Compliance,2026-01-27,2026-02-13,Completed,66.0,2.0,True,Cornerstone
ENR003321,EMP0443,C005,Anti-Harassment & Inclusion,Compliance,2026-01-10,2026-01-25,Completed,66.0,1.5,True,SAP SF Learning
ENR003322,EMP0443,C007,Azure Cloud Fundamentals,Technical,2026-04-05,,Not Started,,6.0,False,SAP SF Learning
ENR003323,EMP0443,C009,Project Management (PMP Prep),Professional,2026-02-21,2026-04-19,Completed,97.0,10.0,False,SAP SF Learning
ENR003324,EMP0443,C011,Communication Skills,Soft Skills,2026-03-27,,In Progress,,3.0,False,Cornerstone
ENR003325,EMP0443,C013,Financial Modelling,Finance,2026-03-31,,Not Started,,6.0,False,SAP SF Learning
ENR003326,EMP0443,C014,Agile & Scrum Practitioner,Technical,2025-08-28,2025-10-07,Completed,90.0,4.0,False,Cornerstone
ENR003327,EMP0443,C015,AI & Machine Learning Basics,Technical,2025-12-12,,In Progress,,5.0,False,SAP SF Learning
ENR003328,EMP0445,C001,Data Privacy & GDPR Fundamentals,Compliance,2026-03-10,2026-03-11,Completed,71.0,2.0,True,SAP SF Learning
ENR003329,EMP0445,C002,Workplace Safety & Health,Compliance,2025-08-15,2025-10-02,Completed,77.0,1.5,True,Cornerstone
ENR003330,EMP0445,C003,Code of Conduct & Ethics,Compliance,2025-12-30,,In Progress,,1.0,True,Cornerstone
ENR003331,EMP0445,C004,Cybersecurity Awareness,Compliance,2026-05-29,2026-07-15,Completed,75.0,2.0,True,SAP SF Learning
ENR003332,EMP0445,C005,Anti-Harassment & Inclusion,Compliance,2026-05-25,2026-07-22,Completed,94.0,1.5,True,Cornerstone
ENR003333,EMP0445,C006,Python for Data Science,Technical,2025-09-21,2025-11-09,Completed,95.0,8.0,False,SAP SF Learning
ENR003334,EMP0445,C014,Agile & Scrum Practitioner,Technical,2025-10-18,2025-11-05,Completed,60.0,4.0,False,SAP SF Learning
ENR003335,EMP0446,C001,Data Privacy & GDPR Fundamentals,Compliance,2026-01-04,2026-01-09,Completed,72.0,2.0,True,SAP SF Learning
ENR003336,EMP0446,C002,Workplace Safety & Health,Compliance,2025-10-08,2025-10-17,Completed,79.0,1.5,True,SAP SF Learning
ENR003337,EMP0446,C004,Cybersecurity Awareness,Compliance,2026-02-06,2026-04-06,Completed,71.0,2.0,True,SAP SF Learning
ENR003338,EMP0446,C005,Anti-Harassment & Inclusion,Compliance,2026-02-23,,In Progress,,1.5,True,Cornerstone
ENR003339,EMP0446,C006,Python for Data Science,Technical,2025-10-11,,In Progress,,8.0,False,Cornerstone
ENR003340,EMP0446,C010,Advanced Excel & Power BI,Technical,2025-08-15,,Not Started,,5.0,False,Cornerstone
ENR003341,EMP0446,C012,Sales Techniques & CRM,Sales,2025-07-04,,In Progress,,4.0,False,Cornerstone
ENR003342,EMP0446,C014,Agile & Scrum Practitioner,Technical,2025-09-26,,In Progress,,4.0,False,SAP SF Learning
ENR003343,EMP0447,C001,Data Privacy & GDPR Fundamentals,Compliance,2026-03-25,2026-04-21,Completed,72.0,2.0,True,Cornerstone
ENR003344,EMP0447,C002,Workplace Safety & Health,Compliance,2026-02-26,2026-04-06,Completed,74.0,1.5,True,Cornerstone
ENR003345,EMP0447,C003,Code of Conduct & Ethics,Compliance,2025-12-10,2026-01-27,Completed,93.0,1.0,True,SAP SF Learning
ENR003346,EMP0447,C004,Cybersecurity Awareness,Compliance,2026-02-02,2026-02-05,Completed,92.0,2.0,True,SAP SF Learning
ENR003347,EMP0447,C005,Anti-Harassment & Inclusion,Compliance,2025-10-28,2025-11-09,Completed,78.0,1.5,True,Cornerstone
ENR003348,EMP0447,C006,Python for Data Science,Technical,2026-02-05,,Not Started,,8.0,False,SAP SF Learning
ENR003349,EMP0447,C009,Project Management (PMP Prep),Professional,2026-03-31,,Not Started,,10.0,False,SAP SF Learning
ENR003350,EMP0447,C014,Agile & Scrum Practitioner,Technical,2025-10-12,,Not Started,,4.0,False,SAP SF Learning
ENR003351,EMP0447,C015,AI & Machine Learning Basics,Technical,2025-07-27,,In Progress,,5.0,False,Cornerstone
ENR003352,EMP0450,C001,Data Privacy & GDPR Fundamentals,Compliance,2026-01-25,2026-02-16,Completed,77.0,2.0,True,Cornerstone
ENR003353,EMP0450,C002,Workplace Safety & Health,Compliance,2025-12-03,2025-12-21,Completed,78.0,1.5,True,SAP SF Learning
ENR003354,EMP0450,C003,Code of Conduct & Ethics,Compliance,2025-12-27,,Not Started,,1.0,True,SAP SF Learning
ENR003355,EMP0450,C004,Cybersecurity Awareness,Compliance,2026-02-01,2026-03-03,Completed,61.0,2.0,True,SAP SF Learning
ENR003356,EMP0450,C005,Anti-Harassment & Inclusion,Compliance,2025-12-04,2026-01-28,Completed,61.0,1.5,True,SAP SF Learning
ENR003357,EMP0450,C006,Python for Data Science,Technical,2025-09-18,,In Progress,,8.0,False,Cornerstone
ENR003358,EMP0450,C008,Leadership & Influence,Leadership,2026-03-14,,Not Started,,4.0,False,Cornerstone
ENR003359,EMP0450,C013,Financial Modelling,Finance,2025-07-16,2025-08-28,Completed,78.0,6.0,False,SAP SF Learning
ENR003360,EMP0450,C015,AI & Machine Learning Basics,Technical,2025-08-29,,Not Started,,5.0,False,SAP SF Learning
ENR003361,EMP0452,C001,Data Privacy & GDPR Fundamentals,Compliance,2025-10-14,2025-12-13,Completed,77.0,2.0,True,SAP SF Learning
ENR003362,EMP0452,C002,Workplace Safety & Health,Compliance,2025-06-15,2025-08-05,Completed,86.0,1.5,True,SAP SF Learning
ENR003363,EMP0452,C003,Code of Conduct & Ethics,Compliance,2026-01-19,2026-02-03,Completed,91.0,1.0,True,SAP SF Learning
ENR003364,EMP0452,C004,Cybersecurity Awareness,Compliance,2025-08-01,2025-09-18,Completed,76.0,2.0,True,Cornerstone
ENR003365,EMP0452,C005,Anti-Harassment & Inclusion,Compliance,2025-11-25,2026-01-18,Completed,94.0,1.5,True,Cornerstone
ENR003366,EMP0452,C008,Leadership & Influence,Leadership,2026-05-10,,In Progress,,4.0,False,SAP SF Learning
ENR003367,EMP0452,C010,Advanced Excel & Power BI,Technical,2025-11-02,,Not Started,,5.0,False,Cornerstone
ENR003368,EMP0453,C001,Data Privacy & GDPR Fundamentals,Compliance,2025-10-23,2025-12-09,Completed,65.0,2.0,True,Cornerstone
ENR003369,EMP0453,C002,Workplace Safety & Health,Compliance,2026-05-05,2026-06-03,Completed,95.0,1.5,True,SAP SF Learning
ENR003370,EMP0453,C003,Code of Conduct & Ethics,Compliance,2025-07-12,,In Progress,,1.0,True,Cornerstone
ENR003371,EMP0453,C004,Cybersecurity Awareness,Compliance,2026-02-14,,Not Started,,2.0,True,Cornerstone
ENR003372,EMP0453,C005,Anti-Harassment & Inclusion,Compliance,2026-05-26,2026-06-25,Completed,82.0,1.5,True,SAP SF Learning
ENR003373,EMP0453,C006,Python for Data Science,Technical,2025-09-01,2025-09-28,Completed,69.0,8.0,False,Cornerstone
ENR003374,EMP0453,C008,Leadership & Influence,Leadership,2025-09-26,2025-11-04,Completed,76.0,4.0,False,SAP SF Learning
ENR003375,EMP0453,C012,Sales Techniques & CRM,Sales,2025-09-03,2025-10-17,Completed,86.0,4.0,False,Cornerstone
ENR003376,EMP0453,C014,Agile & Scrum Practitioner,Technical,2025-09-02,,Not Started,,4.0,False,SAP SF Learning
ENR003377,EMP0454,C001,Data Privacy & GDPR Fundamentals,Compliance,2025-11-22,2025-12-19,Completed,68.0,2.0,True,SAP SF Learning
ENR003378,EMP0454,C002,Workplace Safety & Health,Compliance,2025-11-08,2025-11-29,Completed,62.0,1.5,True,SAP SF Learning
ENR003379,EMP0454,C003,Code of Conduct & Ethics,Compliance,2025-09-20,2025-11-09,Completed,83.0,1.0,True,SAP SF Learning
ENR003380,EMP0454,C004,Cybersecurity Awareness,Compliance,2026-02-16,2026-03-07,Completed,92.0,2.0,True,SAP SF Learning
ENR003381,EMP0454,C005,Anti-Harassment & Inclusion,Compliance,2025-10-25,2025-11-23,Completed,89.0,1.5,True,SAP SF Learning
ENR003382,EMP0454,C009,Project Management (PMP Prep),Professional,2025-09-20,,In Progress,,10.0,False,SAP SF Learning
ENR003383,EMP0454,C010,Advanced Excel & Power BI,Technical,2025-10-07,2025-10-30,Completed,72.0,5.0,False,SAP SF Learning
ENR003384,EMP0454,C012,Sales Techniques & CRM,Sales,2026-04-07,2026-05-17,Completed,97.0,4.0,False,Cornerstone
ENR003385,EMP0455,C001,Data Privacy & GDPR Fundamentals,Compliance,2025-10-26,2025-11-05,Completed,75.0,2.0,True,SAP SF Learning
ENR003386,EMP0455,C002,Workplace Safety & Health,Compliance,2025-10-20,2025-12-11,Completed,81.0,1.5,True,SAP SF Learning
ENR003387,EMP0455,C003,Code of Conduct & Ethics,Compliance,2025-10-20,,In Progress,,1.0,True,Cornerstone
ENR003388,EMP0455,C004,Cybersecurity Awareness,Compliance,2025-11-23,,In Progress,,2.0,True,Cornerstone
ENR003389,EMP0455,C005,Anti-Harassment & Inclusion,Compliance,2025-06-20,,In Progress,,1.5,True,Cornerstone
ENR003390,EMP0455,C010,Advanced Excel & Power BI,Technical,2026-01-25,,Not Started,,5.0,False,Cornerstone
ENR003391,EMP0455,C011,Communication Skills,Soft Skills,2026-05-19,2026-06-02,Completed,88.0,3.0,False,SAP SF Learning
ENR003392,EMP0455,C012,Sales Techniques & CRM,Sales,2026-03-20,2026-04-18,Completed,87.0,4.0,False,Cornerstone
ENR003393,EMP0457,C001,Data Privacy & GDPR Fundamentals,Compliance,2025-11-16,2025-12-28,Completed,84.0,2.0,True,Cornerstone
ENR003394,EMP0457,C002,Workplace Safety & Health,Compliance,2025-06-15,2025-07-31,Completed,68.0,1.5,True,SAP SF Learning
ENR003395,EMP0457,C003,Code of Conduct & Ethics,Compliance,2026-01-28,2026-01-30,Completed,93.0,1.0,True,Cornerstone
ENR003396,EMP0457,C004,Cybersecurity Awareness,Compliance,2025-08-12,2025-09-26,Completed,74.0,2.0,True,Cornerstone
ENR003397,EMP0457,C005,Anti-Harassment & Inclusion,Compliance,2026-01-18,2026-02-19,Completed,87.0,1.5,True,SAP SF Learning
ENR003398,EMP0457,C006,Python for Data Science,Technical,2026-05-01,2026-05-17,Completed,99.0,8.0,False,SAP SF Learning
ENR003399,EMP0457,C007,Azure Cloud Fundamentals,Technical,2025-09-15,2025-09-20,Completed,73.0,6.0,False,Cornerstone
ENR003400,EMP0457,C008,Leadership & Influence,Leadership,2025-10-07,2025-11-05,Completed,75.0,4.0,False,Cornerstone
ENR003401,EMP0457,C011,Communication Skills,Soft Skills,2025-12-03,2025-12-23,Completed,68.0,3.0,False,Cornerstone
ENR003402,EMP0457,C013,Financial Modelling,Finance,2026-05-23,,In Progress,,6.0,False,Cornerstone
ENR003403,EMP0457,C014,Agile & Scrum Practitioner,Technical,2025-09-05,,In Progress,,4.0,False,SAP SF Learning
ENR003404,EMP0459,C001,Data Privacy & GDPR Fundamentals,Compliance,2025-12-12,2025-12-26,Completed,65.0,2.0,True,Cornerstone
ENR003405,EMP0459,C002,Workplace Safety & Health,Compliance,2025-07-09,2025-07-22,Completed,60.0,1.5,True,Cornerstone
ENR003406,EMP0459,C003,Code of Conduct & Ethics,Compliance,2025-11-01,2025-12-29,Completed,86.0,1.0,True,SAP SF Learning
ENR003407,EMP0459,C004,Cybersecurity Awareness,Compliance,2025-07-10,2025-08-19,Completed,93.0,2.0,True,SAP SF Learning
ENR003408,EMP0459,C005,Anti-Harassment & Inclusion,Compliance,2026-03-05,2026-04-10,Completed,98.0,1.5,True,SAP SF Learning
ENR003409,EMP0459,C011,Communication Skills,Soft Skills,2025-10-27,,In Progress,,3.0,False,SAP SF Learning
ENR003410,EMP0459,C014,Agile & Scrum Practitioner,Technical,2025-09-03,2025-10-22,Completed,96.0,4.0,False,Cornerstone
ENR003411,EMP0461,C001,Data Privacy & GDPR Fundamentals,Compliance,2025-07-01,,In Progress,,2.0,True,SAP SF Learning
ENR003412,EMP0461,C002,Workplace Safety & Health,Compliance,2025-08-21,2025-10-06,Completed,98.0,1.5,True,Cornerstone
ENR003413,EMP0461,C003,Code of Conduct & Ethics,Compliance,2025-08-09,2025-09-17,Completed,83.0,1.0,True,SAP SF Learning
ENR003414,EMP0461,C004,Cybersecurity Awareness,Compliance,2025-09-11,,In Progress,,2.0,True,Cornerstone
ENR003415,EMP0461,C005,Anti-Harassment & Inclusion,Compliance,2025-12-26,2026-01-26,Completed,72.0,1.5,True,SAP SF Learning
ENR003416,EMP0461,C006,Python for Data Science,Technical,2026-03-17,2026-03-30,Completed,75.0,8.0,False,Cornerstone
ENR003417,EMP0461,C009,Project Management (PMP Prep),Professional,2025-06-24,2025-08-15,Completed,79.0,10.0,False,SAP SF Learning
ENR003418,EMP0461,C012,Sales Techniques & CRM,Sales,2026-05-20,,Not Started,,4.0,False,SAP SF Learning
ENR003419,EMP0461,C013,Financial Modelling,Finance,2025-12-03,2026-01-26,Completed,87.0,6.0,False,Cornerstone
ENR003420,EMP0461,C014,Agile & Scrum Practitioner,Technical,2026-05-19,2026-07-09,Completed,95.0,4.0,False,Cornerstone
ENR003421,EMP0461,C015,AI & Machine Learning Basics,Technical,2025-11-14,,Not Started,,5.0,False,SAP SF Learning
ENR003422,EMP0463,C001,Data Privacy & GDPR Fundamentals,Compliance,2025-11-18,2025-11-24,Completed,99.0,2.0,True,Cornerstone
ENR003423,EMP0463,C002,Workplace Safety & Health,Compliance,2025-07-20,,Not Started,,1.5,True,SAP SF Learning
ENR003424,EMP0463,C003,Code of Conduct & Ethics,Compliance,2025-07-15,2025-09-11,Completed,93.0,1.0,True,Cornerstone
ENR003425,EMP0463,C004,Cybersecurity Awareness,Compliance,2025-09-14,2025-11-01,Completed,67.0,2.0,True,SAP SF Learning
ENR003426,EMP0463,C005,Anti-Harassment & Inclusion,Compliance,2025-11-18,2026-01-17,Completed,68.0,1.5,True,Cornerstone
ENR003427,EMP0463,C011,Communication Skills,Soft Skills,2025-09-22,2025-11-13,Completed,65.0,3.0,False,Cornerstone
ENR003428,EMP0463,C015,AI & Machine Learning Basics,Technical,2026-03-31,2026-05-11,Completed,89.0,5.0,False,Cornerstone
ENR003429,EMP0464,C001,Data Privacy & GDPR Fundamentals,Compliance,2025-08-09,2025-08-12,Completed,89.0,2.0,True,SAP SF Learning
ENR003430,EMP0464,C002,Workplace Safety & Health,Compliance,2026-02-03,2026-02-12,Completed,76.0,1.5,True,Cornerstone
ENR003431,EMP0464,C003,Code of Conduct & Ethics,Compliance,2026-06-09,2026-07-19,Completed,82.0,1.0,True,Cornerstone
ENR003432,EMP0464,C004,Cybersecurity Awareness,Compliance,2025-08-20,,In Progress,,2.0,True,SAP SF Learning
ENR003433,EMP0464,C005,Anti-Harassment & Inclusion,Compliance,2025-12-25,,In Progress,,1.5,True,Cornerstone
ENR003434,EMP0464,C010,Advanced Excel & Power BI,Technical,2026-04-09,2026-04-29,Completed,90.0,5.0,False,SAP SF Learning
ENR003435,EMP0466,C001,Data Privacy & GDPR Fundamentals,Compliance,2025-10-15,2025-11-29,Completed,76.0,2.0,True,Cornerstone
ENR003436,EMP0466,C002,Workplace Safety & Health,Compliance,2026-05-25,2026-07-05,Completed,82.0,1.5,True,SAP SF Learning
ENR003437,EMP0466,C003,Code of Conduct & Ethics,Compliance,2025-09-03,2025-10-05,Completed,93.0,1.0,True,SAP SF Learning
ENR003438,EMP0466,C004,Cybersecurity Awareness,Compliance,2025-11-04,2025-12-19,Completed,99.0,2.0,True,Cornerstone
ENR003439,EMP0466,C005,Anti-Harassment & Inclusion,Compliance,2025-11-07,2025-11-11,Completed,86.0,1.5,True,Cornerstone
ENR003440,EMP0466,C006,Python for Data Science,Technical,2026-01-25,2026-01-31,Completed,66.0,8.0,False,Cornerstone
ENR003441,EMP0466,C007,Azure Cloud Fundamentals,Technical,2025-09-26,2025-11-03,Completed,77.0,6.0,False,SAP SF Learning
ENR003442,EMP0466,C008,Leadership & Influence,Leadership,2026-01-19,,In Progress,,4.0,False,Cornerstone
ENR003443,EMP0466,C009,Project Management (PMP Prep),Professional,2026-03-16,,Not Started,,10.0,False,Cornerstone
ENR003444,EMP0466,C011,Communication Skills,Soft Skills,2026-01-24,,In Progress,,3.0,False,SAP SF Learning
ENR003445,EMP0466,C014,Agile & Scrum Practitioner,Technical,2025-09-10,2025-11-06,Completed,65.0,4.0,False,SAP SF Learning
ENR003446,EMP0467,C001,Data Privacy & GDPR Fundamentals,Compliance,2025-10-16,2025-10-25,Completed,85.0,2.0,True,SAP SF Learning
ENR003447,EMP0467,C002,Workplace Safety & Health,Compliance,2026-01-11,2026-02-13,Completed,93.0,1.5,True,SAP SF Learning
ENR003448,EMP0467,C003,Code of Conduct & Ethics,Compliance,2025-12-31,2026-01-27,Completed,81.0,1.0,True,SAP SF Learning
ENR003449,EMP0467,C004,Cybersecurity Awareness,Compliance,2025-08-06,2025-08-17,Completed,83.0,2.0,True,Cornerstone
ENR003450,EMP0467,C005,Anti-Harassment & Inclusion,Compliance,2025-08-10,2025-08-21,Completed,94.0,1.5,True,Cornerstone
ENR003451,EMP0467,C006,Python for Data Science,Technical,2025-09-02,2025-09-26,Completed,73.0,8.0,False,Cornerstone
ENR003452,EMP0467,C011,Communication Skills,Soft Skills,2026-02-01,,Not Started,,3.0,False,SAP SF Learning
ENR003453,EMP0467,C012,Sales Techniques & CRM,Sales,2025-09-21,,Not Started,,4.0,False,SAP SF Learning
ENR003454,EMP0467,C013,Financial Modelling,Finance,2025-10-26,,In Progress,,6.0,False,SAP SF Learning
ENR003455,EMP0467,C014,Agile & Scrum Practitioner,Technical,2026-04-11,,In Progress,,4.0,False,SAP SF Learning
ENR003456,EMP0468,C002,Workplace Safety & Health,Compliance,2026-03-02,2026-04-12,Completed,78.0,1.5,True,SAP SF Learning
ENR003457,EMP0468,C003,Code of Conduct & Ethics,Compliance,2026-06-05,2026-07-04,Completed,80.0,1.0,True,Cornerstone
ENR003458,EMP0468,C004,Cybersecurity Awareness,Compliance,2026-02-17,2026-03-29,Completed,99.0,2.0,True,SAP SF Learning
ENR003459,EMP0468,C005,Anti-Harassment & Inclusion,Compliance,2025-10-17,2025-11-26,Completed,86.0,1.5,True,SAP SF Learning
ENR003460,EMP0468,C006,Python for Data Science,Technical,2025-10-26,,Not Started,,8.0,False,SAP SF Learning
ENR003461,EMP0468,C007,Azure Cloud Fundamentals,Technical,2025-11-27,2025-12-25,Completed,75.0,6.0,False,Cornerstone
ENR003462,EMP0468,C008,Leadership & Influence,Leadership,2025-08-28,2025-09-30,Completed,71.0,4.0,False,Cornerstone
ENR003463,EMP0468,C009,Project Management (PMP Prep),Professional,2025-08-22,,In Progress,,10.0,False,SAP SF Learning
ENR003464,EMP0468,C015,AI & Machine Learning Basics,Technical,2025-11-15,2025-12-22,Completed,100.0,5.0,False,SAP SF Learning
ENR003465,EMP0469,C001,Data Privacy & GDPR Fundamentals,Compliance,2026-03-06,2026-03-12,Completed,100.0,2.0,True,Cornerstone
ENR003466,EMP0469,C002,Workplace Safety & Health,Compliance,2026-04-13,2026-06-11,Completed,79.0,1.5,True,Cornerstone
ENR003467,EMP0469,C003,Code of Conduct & Ethics,Compliance,2026-05-07,2026-05-22,Completed,88.0,1.0,True,Cornerstone
ENR003468,EMP0469,C004,Cybersecurity Awareness,Compliance,2026-05-17,2026-06-12,Completed,91.0,2.0,True,Cornerstone
ENR003469,EMP0469,C005,Anti-Harassment & Inclusion,Compliance,2025-10-14,2025-11-10,Completed,61.0,1.5,True,SAP SF Learning
ENR003470,EMP0469,C006,Python for Data Science,Technical,2025-11-09,2026-01-05,Completed,87.0,8.0,False,SAP SF Learning
ENR003471,EMP0469,C008,Leadership & Influence,Leadership,2026-03-08,2026-03-17,Completed,63.0,4.0,False,SAP SF Learning
ENR003472,EMP0469,C009,Project Management (PMP Prep),Professional,2026-03-07,,Not Started,,10.0,False,Cornerstone
ENR003473,EMP0469,C014,Agile & Scrum Practitioner,Technical,2025-06-26,2025-07-02,Completed,82.0,4.0,False,SAP SF Learning
ENR003474,EMP0471,C001,Data Privacy & GDPR Fundamentals,Compliance,2026-02-19,2026-03-07,Completed,61.0,2.0,True,SAP SF Learning
ENR003475,EMP0471,C002,Workplace Safety & Health,Compliance,2026-05-15,2026-05-24,Completed,65.0,1.5,True,Cornerstone
ENR003476,EMP0471,C003,Code of Conduct & Ethics,Compliance,2025-11-18,2025-12-27,Completed,83.0,1.0,True,SAP SF Learning
ENR003477,EMP0471,C004,Cybersecurity Awareness,Compliance,2025-12-25,2026-02-11,Completed,85.0,2.0,True,Cornerstone
ENR003478,EMP0471,C005,Anti-Harassment & Inclusion,Compliance,2026-02-01,2026-02-03,Completed,90.0,1.5,True,SAP SF Learning
ENR003479,EMP0471,C009,Project Management (PMP Prep),Professional,2025-07-06,2025-08-19,Completed,77.0,10.0,False,SAP SF Learning
ENR003480,EMP0471,C011,Communication Skills,Soft Skills,2026-02-25,2026-04-25,Completed,77.0,3.0,False,Cornerstone
ENR003481,EMP0472,C001,Data Privacy & GDPR Fundamentals,Compliance,2026-04-08,2026-06-05,Completed,62.0,2.0,True,SAP SF Learning
ENR003482,EMP0472,C002,Workplace Safety & Health,Compliance,2025-10-14,2025-11-23,Completed,76.0,1.5,True,Cornerstone
ENR003483,EMP0472,C003,Code of Conduct & Ethics,Compliance,2025-10-06,2025-11-25,Completed,87.0,1.0,True,SAP SF Learning
ENR003484,EMP0472,C004,Cybersecurity Awareness,Compliance,2025-07-19,2025-08-15,Completed,96.0,2.0,True,Cornerstone
ENR003485,EMP0472,C008,Leadership & Influence,Leadership,2026-03-05,2026-04-30,Completed,67.0,4.0,False,SAP SF Learning
ENR003486,EMP0472,C011,Communication Skills,Soft Skills,2025-10-16,,Not Started,,3.0,False,SAP SF Learning
ENR003487,EMP0472,C013,Financial Modelling,Finance,2026-02-22,2026-04-21,Completed,76.0,6.0,False,SAP SF Learning
ENR003488,EMP0473,C001,Data Privacy & GDPR Fundamentals,Compliance,2025-09-16,2025-10-08,Completed,77.0,2.0,True,SAP SF Learning
ENR003489,EMP0473,C002,Workplace Safety & Health,Compliance,2025-11-09,2026-01-05,Completed,83.0,1.5,True,SAP SF Learning
ENR003490,EMP0473,C003,Code of Conduct & Ethics,Compliance,2026-02-22,2026-03-10,Completed,69.0,1.0,True,SAP SF Learning
ENR003491,EMP0473,C005,Anti-Harassment & Inclusion,Compliance,2025-06-16,2025-07-30,Completed,97.0,1.5,True,SAP SF Learning
ENR003492,EMP0473,C007,Azure Cloud Fundamentals,Technical,2025-12-21,2026-01-17,Completed,85.0,6.0,False,Cornerstone
ENR003493,EMP0473,C010,Advanced Excel & Power BI,Technical,2025-08-23,2025-09-08,Completed,73.0,5.0,False,SAP SF Learning
ENR003494,EMP0473,C011,Communication Skills,Soft Skills,2025-12-07,2026-01-02,Completed,97.0,3.0,False,SAP SF Learning
ENR003495,EMP0473,C012,Sales Techniques & CRM,Sales,2026-03-19,,Not Started,,4.0,False,Cornerstone
ENR003496,EMP0473,C013,Financial Modelling,Finance,2025-10-23,,Not Started,,6.0,False,Cornerstone
ENR003497,EMP0473,C014,Agile & Scrum Practitioner,Technical,2026-06-09,2026-07-25,Completed,85.0,4.0,False,Cornerstone
ENR003498,EMP0473,C015,AI & Machine Learning Basics,Technical,2026-01-31,,In Progress,,5.0,False,Cornerstone
ENR003499,EMP0474,C001,Data Privacy & GDPR Fundamentals,Compliance,2025-10-22,2025-10-24,Completed,62.0,2.0,True,Cornerstone
ENR003500,EMP0474,C002,Workplace Safety & Health,Compliance,2025-06-23,,Not Started,,1.5,True,SAP SF Learning
ENR003501,EMP0474,C003,Code of Conduct & Ethics,Compliance,2025-12-16,2026-01-30,Completed,98.0,1.0,True,Cornerstone
ENR003502,EMP0474,C004,Cybersecurity Awareness,Compliance,2025-10-08,2025-10-15,Completed,85.0,2.0,True,Cornerstone
ENR003503,EMP0474,C005,Anti-Harassment & Inclusion,Compliance,2026-04-15,2026-06-06,Completed,75.0,1.5,True,SAP SF Learning
ENR003504,EMP0474,C007,Azure Cloud Fundamentals,Technical,2025-11-22,2025-12-08,Completed,83.0,6.0,False,SAP SF Learning
ENR003505,EMP0474,C009,Project Management (PMP Prep),Professional,2025-07-29,2025-09-02,Completed,73.0,10.0,False,SAP SF Learning
ENR003506,EMP0474,C012,Sales Techniques & CRM,Sales,2025-06-12,2025-06-25,Completed,63.0,4.0,False,SAP SF Learning
ENR003507,EMP0474,C013,Financial Modelling,Finance,2025-12-17,,In Progress,,6.0,False,SAP SF Learning
ENR003508,EMP0475,C001,Data Privacy & GDPR Fundamentals,Compliance,2026-01-16,2026-03-07,Completed,64.0,2.0,True,SAP SF Learning
ENR003509,EMP0475,C002,Workplace Safety & Health,Compliance,2025-06-18,2025-08-07,Completed,60.0,1.5,True,Cornerstone
ENR003510,EMP0475,C003,Code of Conduct & Ethics,Compliance,2026-02-26,2026-04-19,Completed,83.0,1.0,True,SAP SF Learning
ENR003511,EMP0475,C004,Cybersecurity Awareness,Compliance,2026-01-13,2026-02-07,Completed,61.0,2.0,True,Cornerstone
ENR003512,EMP0475,C007,Azure Cloud Fundamentals,Technical,2026-03-19,2026-04-26,Completed,76.0,6.0,False,Cornerstone
ENR003513,EMP0475,C009,Project Management (PMP Prep),Professional,2026-06-09,2026-06-15,Completed,68.0,10.0,False,Cornerstone
ENR003514,EMP0475,C011,Communication Skills,Soft Skills,2026-02-19,2026-04-16,Completed,70.0,3.0,False,SAP SF Learning
ENR003515,EMP0475,C012,Sales Techniques & CRM,Sales,2025-12-16,,In Progress,,4.0,False,SAP SF Learning
ENR003516,EMP0476,C001,Data Privacy & GDPR Fundamentals,Compliance,2025-09-23,2025-10-17,Completed,73.0,2.0,True,Cornerstone
ENR003517,EMP0476,C002,Workplace Safety & Health,Compliance,2026-04-23,2026-05-12,Completed,64.0,1.5,True,Cornerstone
ENR003518,EMP0476,C003,Code of Conduct & Ethics,Compliance,2026-04-15,2026-05-20,Completed,81.0,1.0,True,Cornerstone
ENR003519,EMP0476,C004,Cybersecurity Awareness,Compliance,2026-06-02,2026-07-05,Completed,61.0,2.0,True,SAP SF Learning
ENR003520,EMP0476,C005,Anti-Harassment & Inclusion,Compliance,2025-08-28,2025-10-09,Completed,94.0,1.5,True,Cornerstone
ENR003521,EMP0476,C006,Python for Data Science,Technical,2026-04-30,,Not Started,,8.0,False,SAP SF Learning
ENR003522,EMP0476,C007,Azure Cloud Fundamentals,Technical,2026-05-24,2026-06-25,Completed,65.0,6.0,False,SAP SF Learning
ENR003523,EMP0476,C008,Leadership & Influence,Leadership,2025-06-20,,Not Started,,4.0,False,Cornerstone
ENR003524,EMP0476,C013,Financial Modelling,Finance,2025-12-13,,Not Started,,6.0,False,SAP SF Learning
ENR003525,EMP0476,C015,AI & Machine Learning Basics,Technical,2025-11-20,,Not Started,,5.0,False,SAP SF Learning
ENR003526,EMP0478,C001,Data Privacy & GDPR Fundamentals,Compliance,2026-01-06,2026-02-05,Completed,84.0,2.0,True,Cornerstone
ENR003527,EMP0478,C002,Workplace Safety & Health,Compliance,2025-11-01,2025-11-28,Completed,90.0,1.5,True,Cornerstone
ENR003528,EMP0478,C003,Code of Conduct & Ethics,Compliance,2025-08-20,,Not Started,,1.0,True,Cornerstone
ENR003529,EMP0478,C004,Cybersecurity Awareness,Compliance,2026-01-07,2026-02-10,Completed,85.0,2.0,True,Cornerstone
ENR003530,EMP0478,C005,Anti-Harassment & Inclusion,Compliance,2025-07-19,2025-09-10,Completed,96.0,1.5,True,Cornerstone
ENR003531,EMP0478,C007,Azure Cloud Fundamentals,Technical,2025-10-02,,Not Started,,6.0,False,SAP SF Learning
ENR003532,EMP0478,C008,Leadership & Influence,Leadership,2025-07-21,2025-07-27,Completed,85.0,4.0,False,Cornerstone
ENR003533,EMP0478,C014,Agile & Scrum Practitioner,Technical,2025-06-15,2025-06-24,Completed,81.0,4.0,False,Cornerstone
ENR003534,EMP0479,C001,Data Privacy & GDPR Fundamentals,Compliance,2025-07-27,2025-09-13,Completed,83.0,2.0,True,Cornerstone
ENR003535,EMP0479,C002,Workplace Safety & Health,Compliance,2026-01-07,2026-02-02,Completed,89.0,1.5,True,Cornerstone
ENR003536,EMP0479,C003,Code of Conduct & Ethics,Compliance,2025-08-16,2025-09-07,Completed,75.0,1.0,True,Cornerstone
ENR003537,EMP0479,C004,Cybersecurity Awareness,Compliance,2026-02-12,,In Progress,,2.0,True,SAP SF Learning
ENR003538,EMP0479,C006,Python for Data Science,Technical,2025-08-16,2025-09-22,Completed,61.0,8.0,False,SAP SF Learning
ENR003539,EMP0479,C007,Azure Cloud Fundamentals,Technical,2025-06-13,2025-08-06,Completed,98.0,6.0,False,Cornerstone
ENR003540,EMP0479,C010,Advanced Excel & Power BI,Technical,2026-05-01,,In Progress,,5.0,False,Cornerstone
ENR003541,EMP0479,C012,Sales Techniques & CRM,Sales,2025-07-12,2025-08-03,Completed,76.0,4.0,False,SAP SF Learning
ENR003542,EMP0479,C014,Agile & Scrum Practitioner,Technical,2026-05-15,2026-05-21,Completed,79.0,4.0,False,Cornerstone
ENR003543,EMP0480,C001,Data Privacy & GDPR Fundamentals,Compliance,2026-01-06,2026-01-12,Completed,96.0,2.0,True,SAP SF Learning
ENR003544,EMP0480,C002,Workplace Safety & Health,Compliance,2026-02-11,2026-03-14,Completed,96.0,1.5,True,Cornerstone
ENR003545,EMP0480,C003,Code of Conduct & Ethics,Compliance,2025-10-19,2025-12-14,Completed,98.0,1.0,True,SAP SF Learning
ENR003546,EMP0480,C004,Cybersecurity Awareness,Compliance,2026-06-05,2026-07-30,Completed,91.0,2.0,True,Cornerstone
ENR003547,EMP0480,C005,Anti-Harassment & Inclusion,Compliance,2025-10-21,2025-11-19,Completed,63.0,1.5,True,SAP SF Learning
ENR003548,EMP0480,C007,Azure Cloud Fundamentals,Technical,2025-10-15,2025-11-10,Completed,76.0,6.0,False,Cornerstone
ENR003549,EMP0480,C009,Project Management (PMP Prep),Professional,2025-11-30,2025-12-17,Completed,67.0,10.0,False,SAP SF Learning
ENR003550,EMP0480,C010,Advanced Excel & Power BI,Technical,2025-12-07,,Not Started,,5.0,False,Cornerstone
ENR003551,EMP0481,C001,Data Privacy & GDPR Fundamentals,Compliance,2025-07-10,2025-08-10,Completed,75.0,2.0,True,Cornerstone
ENR003552,EMP0481,C002,Workplace Safety & Health,Compliance,2025-08-17,2025-10-07,Completed,86.0,1.5,True,SAP SF Learning
ENR003553,EMP0481,C003,Code of Conduct & Ethics,Compliance,2026-03-29,,Not Started,,1.0,True,SAP SF Learning
ENR003554,EMP0481,C004,Cybersecurity Awareness,Compliance,2025-06-09,2025-06-27,Completed,94.0,2.0,True,Cornerstone
ENR003555,EMP0481,C005,Anti-Harassment & Inclusion,Compliance,2026-03-08,,Not Started,,1.5,True,Cornerstone
ENR003556,EMP0481,C006,Python for Data Science,Technical,2025-10-21,2025-12-15,Completed,81.0,8.0,False,SAP SF Learning
ENR003557,EMP0481,C007,Azure Cloud Fundamentals,Technical,2026-01-26,,Not Started,,6.0,False,SAP SF Learning
ENR003558,EMP0481,C008,Leadership & Influence,Leadership,2025-07-25,2025-07-29,Completed,90.0,4.0,False,SAP SF Learning
ENR003559,EMP0481,C011,Communication Skills,Soft Skills,2025-08-06,2025-09-26,Completed,89.0,3.0,False,Cornerstone
ENR003560,EMP0481,C015,AI & Machine Learning Basics,Technical,2025-06-13,,Not Started,,5.0,False,SAP SF Learning
ENR003561,EMP0482,C001,Data Privacy & GDPR Fundamentals,Compliance,2025-10-22,2025-10-23,Completed,87.0,2.0,True,SAP SF Learning
ENR003562,EMP0482,C002,Workplace Safety & Health,Compliance,2026-03-19,2026-05-18,Completed,86.0,1.5,True,Cornerstone
ENR003563,EMP0482,C003,Code of Conduct & Ethics,Compliance,2025-07-30,,Not Started,,1.0,True,Cornerstone
ENR003564,EMP0482,C004,Cybersecurity Awareness,Compliance,2026-05-10,2026-06-08,Completed,89.0,2.0,True,SAP SF Learning
ENR003565,EMP0482,C005,Anti-Harassment & Inclusion,Compliance,2025-12-08,2026-01-19,Completed,73.0,1.5,True,SAP SF Learning
ENR003566,EMP0482,C006,Python for Data Science,Technical,2025-12-08,2026-02-03,Completed,88.0,8.0,False,Cornerstone
ENR003567,EMP0482,C007,Azure Cloud Fundamentals,Technical,2025-11-26,,Not Started,,6.0,False,Cornerstone
ENR003568,EMP0482,C012,Sales Techniques & CRM,Sales,2025-08-23,,In Progress,,4.0,False,Cornerstone
ENR003569,EMP0482,C013,Financial Modelling,Finance,2026-01-24,,Not Started,,6.0,False,SAP SF Learning
ENR003570,EMP0484,C001,Data Privacy & GDPR Fundamentals,Compliance,2025-11-03,2025-11-20,Completed,74.0,2.0,True,Cornerstone
ENR003571,EMP0484,C002,Workplace Safety & Health,Compliance,2025-10-21,2025-11-03,Completed,81.0,1.5,True,SAP SF Learning
ENR003572,EMP0484,C003,Code of Conduct & Ethics,Compliance,2025-11-08,2025-11-17,Completed,98.0,1.0,True,SAP SF Learning
ENR003573,EMP0484,C004,Cybersecurity Awareness,Compliance,2025-12-22,2026-01-22,Completed,63.0,2.0,True,Cornerstone
ENR003574,EMP0484,C005,Anti-Harassment & Inclusion,Compliance,2026-05-10,,Not Started,,1.5,True,SAP SF Learning
ENR003575,EMP0484,C007,Azure Cloud Fundamentals,Technical,2025-07-24,,In Progress,,6.0,False,SAP SF Learning
ENR003576,EMP0484,C009,Project Management (PMP Prep),Professional,2026-04-17,2026-05-03,Completed,88.0,10.0,False,SAP SF Learning
ENR003577,EMP0484,C010,Advanced Excel & Power BI,Technical,2025-07-30,2025-09-20,Completed,61.0,5.0,False,SAP SF Learning
ENR003578,EMP0484,C013,Financial Modelling,Finance,2025-06-20,,In Progress,,6.0,False,Cornerstone
ENR003579,EMP0484,C015,AI & Machine Learning Basics,Technical,2025-07-08,,In Progress,,5.0,False,Cornerstone
ENR003580,EMP0485,C001,Data Privacy & GDPR Fundamentals,Compliance,2026-03-14,,Not Started,,2.0,True,SAP SF Learning
ENR003581,EMP0485,C002,Workplace Safety & Health,Compliance,2026-01-25,2026-03-09,Completed,68.0,1.5,True,SAP SF Learning
ENR003582,EMP0485,C003,Code of Conduct & Ethics,Compliance,2026-04-07,2026-06-05,Completed,93.0,1.0,True,SAP SF Learning
ENR003583,EMP0485,C004,Cybersecurity Awareness,Compliance,2026-04-15,2026-05-02,Completed,70.0,2.0,True,SAP SF Learning
ENR003584,EMP0485,C005,Anti-Harassment & Inclusion,Compliance,2026-04-15,2026-05-22,Completed,67.0,1.5,True,SAP SF Learning
ENR003585,EMP0485,C006,Python for Data Science,Technical,2025-10-07,2025-11-04,Completed,60.0,8.0,False,Cornerstone
ENR003586,EMP0485,C007,Azure Cloud Fundamentals,Technical,2026-01-11,2026-02-11,Completed,60.0,6.0,False,Cornerstone
ENR003587,EMP0485,C010,Advanced Excel & Power BI,Technical,2026-06-09,2026-07-23,Completed,70.0,5.0,False,Cornerstone
ENR003588,EMP0485,C012,Sales Techniques & CRM,Sales,2025-09-22,2025-10-10,Completed,93.0,4.0,False,SAP SF Learning
ENR003589,EMP0485,C014,Agile & Scrum Practitioner,Technical,2026-05-20,2026-06-16,Completed,68.0,4.0,False,SAP SF Learning
ENR003590,EMP0486,C001,Data Privacy & GDPR Fundamentals,Compliance,2025-10-25,2025-12-08,Completed,96.0,2.0,True,SAP SF Learning
ENR003591,EMP0486,C002,Workplace Safety & Health,Compliance,2025-08-14,2025-08-29,Completed,85.0,1.5,True,Cornerstone
ENR003592,EMP0486,C003,Code of Conduct & Ethics,Compliance,2026-05-28,2026-06-16,Completed,94.0,1.0,True,Cornerstone
ENR003593,EMP0486,C004,Cybersecurity Awareness,Compliance,2026-01-17,,Not Started,,2.0,True,Cornerstone
ENR003594,EMP0486,C005,Anti-Harassment & Inclusion,Compliance,2026-03-04,2026-03-30,Completed,94.0,1.5,True,Cornerstone
ENR003595,EMP0486,C007,Azure Cloud Fundamentals,Technical,2026-01-26,2026-02-04,Completed,85.0,6.0,False,SAP SF Learning
ENR003596,EMP0486,C014,Agile & Scrum Practitioner,Technical,2025-06-20,,Not Started,,4.0,False,Cornerstone
ENR003597,EMP0486,C015,AI & Machine Learning Basics,Technical,2026-05-04,2026-06-09,Completed,82.0,5.0,False,Cornerstone
ENR003598,EMP0487,C001,Data Privacy & GDPR Fundamentals,Compliance,2026-03-10,2026-04-16,Completed,88.0,2.0,True,Cornerstone
ENR003599,EMP0487,C002,Workplace Safety & Health,Compliance,2026-01-18,2026-01-31,Completed,90.0,1.5,True,SAP SF Learning
ENR003600,EMP0487,C003,Code of Conduct & Ethics,Compliance,2026-01-25,,Not Started,,1.0,True,SAP SF Learning
ENR003601,EMP0487,C004,Cybersecurity Awareness,Compliance,2026-04-20,2026-05-18,Completed,73.0,2.0,True,SAP SF Learning
ENR003602,EMP0487,C005,Anti-Harassment & Inclusion,Compliance,2026-01-29,2026-01-31,Completed,89.0,1.5,True,SAP SF Learning
ENR003603,EMP0487,C006,Python for Data Science,Technical,2026-03-06,,Not Started,,8.0,False,Cornerstone
ENR003604,EMP0487,C008,Leadership & Influence,Leadership,2025-08-10,2025-09-02,Completed,98.0,4.0,False,Cornerstone
ENR003605,EMP0487,C010,Advanced Excel & Power BI,Technical,2026-02-18,2026-04-10,Completed,90.0,5.0,False,SAP SF Learning
ENR003606,EMP0487,C014,Agile & Scrum Practitioner,Technical,2025-10-06,2025-12-02,Completed,81.0,4.0,False,SAP SF Learning
ENR003607,EMP0487,C015,AI & Machine Learning Basics,Technical,2025-12-18,2026-02-12,Completed,84.0,5.0,False,SAP SF Learning
ENR003608,EMP0488,C001,Data Privacy & GDPR Fundamentals,Compliance,2025-10-18,,Not Started,,2.0,True,Cornerstone
ENR003609,EMP0488,C002,Workplace Safety & Health,Compliance,2026-05-12,2026-05-15,Completed,70.0,1.5,True,Cornerstone
ENR003610,EMP0488,C003,Code of Conduct & Ethics,Compliance,2025-09-05,2025-10-10,Completed,61.0,1.0,True,SAP SF Learning
ENR003611,EMP0488,C004,Cybersecurity Awareness,Compliance,2025-12-09,2026-01-05,Completed,63.0,2.0,True,Cornerstone
ENR003612,EMP0488,C005,Anti-Harassment & Inclusion,Compliance,2026-01-15,2026-02-23,Completed,64.0,1.5,True,SAP SF Learning
ENR003613,EMP0488,C006,Python for Data Science,Technical,2025-12-12,2025-12-31,Completed,70.0,8.0,False,SAP SF Learning
ENR003614,EMP0488,C008,Leadership & Influence,Leadership,2025-10-29,2025-11-08,Completed,62.0,4.0,False,Cornerstone
ENR003615,EMP0488,C011,Communication Skills,Soft Skills,2026-04-27,,In Progress,,3.0,False,Cornerstone
ENR003616,EMP0488,C012,Sales Techniques & CRM,Sales,2025-09-11,2025-10-27,Completed,67.0,4.0,False,SAP SF Learning
ENR003617,EMP0488,C013,Financial Modelling,Finance,2025-10-08,,Not Started,,6.0,False,SAP SF Learning
ENR003618,EMP0488,C014,Agile & Scrum Practitioner,Technical,2026-01-17,,In Progress,,4.0,False,Cornerstone
ENR003619,EMP0489,C001,Data Privacy & GDPR Fundamentals,Compliance,2026-02-01,2026-02-15,Completed,81.0,2.0,True,SAP SF Learning
ENR003620,EMP0489,C002,Workplace Safety & Health,Compliance,2025-10-06,2025-11-12,Completed,94.0,1.5,True,Cornerstone
ENR003621,EMP0489,C003,Code of Conduct & Ethics,Compliance,2026-04-01,2026-04-22,Completed,99.0,1.0,True,SAP SF Learning
ENR003622,EMP0489,C004,Cybersecurity Awareness,Compliance,2026-05-29,2026-07-19,Completed,90.0,2.0,True,Cornerstone
ENR003623,EMP0489,C007,Azure Cloud Fundamentals,Technical,2026-04-04,,Not Started,,6.0,False,SAP SF Learning
ENR003624,EMP0489,C008,Leadership & Influence,Leadership,2025-10-13,2025-11-29,Completed,72.0,4.0,False,Cornerstone
ENR003625,EMP0489,C009,Project Management (PMP Prep),Professional,2025-06-24,,In Progress,,10.0,False,SAP SF Learning
ENR003626,EMP0489,C012,Sales Techniques & CRM,Sales,2025-12-21,2026-02-13,Completed,80.0,4.0,False,SAP SF Learning
ENR003627,EMP0489,C014,Agile & Scrum Practitioner,Technical,2026-02-13,2026-03-11,Completed,99.0,4.0,False,SAP SF Learning
ENR003628,EMP0491,C001,Data Privacy & GDPR Fundamentals,Compliance,2026-03-21,2026-04-14,Completed,77.0,2.0,True,Cornerstone
ENR003629,EMP0491,C002,Workplace Safety & Health,Compliance,2025-10-06,,Not Started,,1.5,True,Cornerstone
ENR003630,EMP0491,C003,Code of Conduct & Ethics,Compliance,2026-05-07,2026-06-26,Completed,97.0,1.0,True,Cornerstone
ENR003631,EMP0491,C004,Cybersecurity Awareness,Compliance,2026-03-04,2026-04-06,Completed,90.0,2.0,True,Cornerstone
ENR003632,EMP0491,C005,Anti-Harassment & Inclusion,Compliance,2025-08-25,2025-10-16,Completed,92.0,1.5,True,Cornerstone
ENR003633,EMP0491,C006,Python for Data Science,Technical,2026-06-07,2026-06-25,Completed,81.0,8.0,False,Cornerstone
ENR003634,EMP0491,C008,Leadership & Influence,Leadership,2025-09-06,2025-09-13,Completed,71.0,4.0,False,Cornerstone
ENR003635,EMP0491,C011,Communication Skills,Soft Skills,2026-04-23,2026-04-27,Completed,75.0,3.0,False,Cornerstone
ENR003636,EMP0491,C012,Sales Techniques & CRM,Sales,2025-07-07,2025-07-16,Completed,75.0,4.0,False,Cornerstone
ENR003637,EMP0491,C014,Agile & Scrum Practitioner,Technical,2025-10-25,2025-12-19,Completed,91.0,4.0,False,Cornerstone
ENR003638,EMP0492,C001,Data Privacy & GDPR Fundamentals,Compliance,2026-03-07,2026-03-17,Completed,69.0,2.0,True,SAP SF Learning
ENR003639,EMP0492,C002,Workplace Safety & Health,Compliance,2025-11-09,2025-11-15,Completed,97.0,1.5,True,Cornerstone
ENR003640,EMP0492,C003,Code of Conduct & Ethics,Compliance,2025-11-01,,In Progress,,1.0,True,SAP SF Learning
ENR003641,EMP0492,C004,Cybersecurity Awareness,Compliance,2026-04-16,2026-05-18,Completed,93.0,2.0,True,Cornerstone
ENR003642,EMP0492,C005,Anti-Harassment & Inclusion,Compliance,2026-05-03,2026-06-19,Completed,82.0,1.5,True,Cornerstone
ENR003643,EMP0492,C007,Azure Cloud Fundamentals,Technical,2025-09-16,,In Progress,,6.0,False,SAP SF Learning
ENR003644,EMP0492,C009,Project Management (PMP Prep),Professional,2025-12-19,,Not Started,,10.0,False,SAP SF Learning
ENR003645,EMP0492,C010,Advanced Excel & Power BI,Technical,2025-12-26,,In Progress,,5.0,False,SAP SF Learning
ENR003646,EMP0492,C011,Communication Skills,Soft Skills,2026-04-09,2026-05-27,Completed,86.0,3.0,False,Cornerstone
ENR003647,EMP0492,C012,Sales Techniques & CRM,Sales,2026-02-24,,Not Started,,4.0,False,SAP SF Learning
ENR003648,EMP0492,C013,Financial Modelling,Finance,2026-05-14,,Not Started,,6.0,False,SAP SF Learning
ENR003649,EMP0492,C014,Agile & Scrum Practitioner,Technical,2025-09-29,2025-10-20,Completed,98.0,4.0,False,SAP SF Learning
ENR003650,EMP0492,C015,AI & Machine Learning Basics,Technical,2026-02-17,2026-03-18,Completed,89.0,5.0,False,Cornerstone
ENR003651,EMP0493,C001,Data Privacy & GDPR Fundamentals,Compliance,2026-03-02,2026-03-30,Completed,61.0,2.0,True,Cornerstone
ENR003652,EMP0493,C002,Workplace Safety & Health,Compliance,2026-01-25,2026-01-28,Completed,65.0,1.5,True,SAP SF Learning
ENR003653,EMP0493,C003,Code of Conduct & Ethics,Compliance,2025-11-18,2026-01-12,Completed,63.0,1.0,True,Cornerstone
ENR003654,EMP0493,C004,Cybersecurity Awareness,Compliance,2025-12-15,2026-01-18,Completed,92.0,2.0,True,Cornerstone
ENR003655,EMP0493,C005,Anti-Harassment & Inclusion,Compliance,2025-08-28,2025-10-19,Completed,85.0,1.5,True,Cornerstone
ENR003656,EMP0493,C006,Python for Data Science,Technical,2025-12-29,2026-01-31,Completed,90.0,8.0,False,SAP SF Learning
ENR003657,EMP0493,C012,Sales Techniques & CRM,Sales,2025-08-10,2025-08-22,Completed,93.0,4.0,False,Cornerstone
ENR003658,EMP0493,C014,Agile & Scrum Practitioner,Technical,2025-06-10,,In Progress,,4.0,False,SAP SF Learning
ENR003659,EMP0494,C001,Data Privacy & GDPR Fundamentals,Compliance,2025-10-24,2025-10-26,Completed,89.0,2.0,True,Cornerstone
ENR003660,EMP0494,C002,Workplace Safety & Health,Compliance,2026-03-12,2026-04-16,Completed,74.0,1.5,True,Cornerstone
ENR003661,EMP0494,C003,Code of Conduct & Ethics,Compliance,2026-01-29,2026-03-27,Completed,93.0,1.0,True,SAP SF Learning
ENR003662,EMP0494,C004,Cybersecurity Awareness,Compliance,2025-09-16,2025-10-05,Completed,98.0,2.0,True,Cornerstone
ENR003663,EMP0494,C005,Anti-Harassment & Inclusion,Compliance,2026-05-21,2026-06-15,Completed,90.0,1.5,True,SAP SF Learning
ENR003664,EMP0494,C008,Leadership & Influence,Leadership,2026-05-12,2026-06-30,Completed,91.0,4.0,False,Cornerstone
ENR003665,EMP0494,C010,Advanced Excel & Power BI,Technical,2026-01-31,,Not Started,,5.0,False,Cornerstone
ENR003666,EMP0494,C011,Communication Skills,Soft Skills,2026-03-27,2026-03-31,Completed,100.0,3.0,False,SAP SF Learning
ENR003667,EMP0494,C013,Financial Modelling,Finance,2025-10-23,2025-11-15,Completed,87.0,6.0,False,SAP SF Learning
ENR003668,EMP0494,C014,Agile & Scrum Practitioner,Technical,2026-04-04,2026-05-05,Completed,90.0,4.0,False,Cornerstone
ENR003669,EMP0494,C015,AI & Machine Learning Basics,Technical,2025-11-03,2025-12-09,Completed,90.0,5.0,False,Cornerstone
ENR003670,EMP0495,C001,Data Privacy & GDPR Fundamentals,Compliance,2025-08-10,2025-08-17,Completed,83.0,2.0,True,SAP SF Learning
ENR003671,EMP0495,C002,Workplace Safety & Health,Compliance,2026-02-25,2026-04-21,Completed,66.0,1.5,True,Cornerstone
ENR003672,EMP0495,C003,Code of Conduct & Ethics,Compliance,2025-07-01,2025-07-25,Completed,78.0,1.0,True,SAP SF Learning
ENR003673,EMP0495,C004,Cybersecurity Awareness,Compliance,2026-02-20,2026-03-14,Completed,78.0,2.0,True,Cornerstone
ENR003674,EMP0495,C005,Anti-Harassment & Inclusion,Compliance,2026-03-25,2026-05-07,Completed,96.0,1.5,True,Cornerstone
ENR003675,EMP0495,C007,Azure Cloud Fundamentals,Technical,2025-12-24,2026-01-13,Completed,84.0,6.0,False,Cornerstone
ENR003676,EMP0495,C008,Leadership & Influence,Leadership,2026-04-15,,Not Started,,4.0,False,Cornerstone
ENR003677,EMP0495,C010,Advanced Excel & Power BI,Technical,2025-07-10,2025-07-31,Completed,70.0,5.0,False,SAP SF Learning
ENR003678,EMP0495,C011,Communication Skills,Soft Skills,2025-06-16,2025-08-01,Completed,77.0,3.0,False,Cornerstone
ENR003679,EMP0495,C013,Financial Modelling,Finance,2025-09-22,2025-10-17,Completed,69.0,6.0,False,SAP SF Learning
ENR003680,EMP0495,C014,Agile & Scrum Practitioner,Technical,2025-12-29,,Not Started,,4.0,False,Cornerstone
ENR003681,EMP0495,C015,AI & Machine Learning Basics,Technical,2026-04-07,2026-05-03,Completed,63.0,5.0,False,Cornerstone
ENR003682,EMP0496,C001,Data Privacy & GDPR Fundamentals,Compliance,2025-09-14,2025-09-29,Completed,78.0,2.0,True,Cornerstone
ENR003683,EMP0496,C002,Workplace Safety & Health,Compliance,2026-03-25,2026-05-19,Completed,66.0,1.5,True,Cornerstone
ENR003684,EMP0496,C003,Code of Conduct & Ethics,Compliance,2026-02-20,2026-03-29,Completed,62.0,1.0,True,SAP SF Learning
ENR003685,EMP0496,C004,Cybersecurity Awareness,Compliance,2025-12-27,,In Progress,,2.0,True,Cornerstone
ENR003686,EMP0496,C005,Anti-Harassment & Inclusion,Compliance,2025-11-16,2025-11-19,Completed,94.0,1.5,True,Cornerstone
ENR003687,EMP0496,C006,Python for Data Science,Technical,2025-07-28,2025-09-02,Completed,78.0,8.0,False,SAP SF Learning
ENR003688,EMP0496,C008,Leadership & Influence,Leadership,2025-08-23,2025-09-13,Completed,68.0,4.0,False,SAP SF Learning
ENR003689,EMP0496,C009,Project Management (PMP Prep),Professional,2026-01-09,,Not Started,,10.0,False,SAP SF Learning
ENR003690,EMP0496,C010,Advanced Excel & Power BI,Technical,2025-08-10,,Not Started,,5.0,False,Cornerstone
ENR003691,EMP0496,C014,Agile & Scrum Practitioner,Technical,2025-06-25,2025-06-30,Completed,67.0,4.0,False,Cornerstone
ENR003692,EMP0496,C015,AI & Machine Learning Basics,Technical,2025-11-04,,In Progress,,5.0,False,SAP SF Learning
ENR003693,EMP0497,C001,Data Privacy & GDPR Fundamentals,Compliance,2026-01-30,2026-03-14,Completed,96.0,2.0,True,SAP SF Learning
ENR003694,EMP0497,C002,Workplace Safety & Health,Compliance,2025-07-12,2025-08-11,Completed,65.0,1.5,True,Cornerstone
ENR003695,EMP0497,C003,Code of Conduct & Ethics,Compliance,2026-04-21,2026-06-12,Completed,99.0,1.0,True,Cornerstone
ENR003696,EMP0497,C004,Cybersecurity Awareness,Compliance,2026-05-04,,In Progress,,2.0,True,SAP SF Learning
ENR003697,EMP0497,C005,Anti-Harassment & Inclusion,Compliance,2025-11-15,2025-12-28,Completed,73.0,1.5,True,SAP SF Learning
ENR003698,EMP0497,C006,Python for Data Science,Technical,2025-09-19,2025-09-25,Completed,72.0,8.0,False,Cornerstone
ENR003699,EMP0497,C007,Azure Cloud Fundamentals,Technical,2026-05-08,,In Progress,,6.0,False,SAP SF Learning
ENR003700,EMP0497,C010,Advanced Excel & Power BI,Technical,2025-07-24,2025-08-31,Completed,60.0,5.0,False,SAP SF Learning
ENR003701,EMP0497,C011,Communication Skills,Soft Skills,2025-10-27,2025-12-03,Completed,77.0,3.0,False,Cornerstone
ENR003702,EMP0497,C013,Financial Modelling,Finance,2026-04-22,2026-05-26,Completed,73.0,6.0,False,Cornerstone
ENR003703,EMP0497,C014,Agile & Scrum Practitioner,Technical,2026-04-19,,Not Started,,4.0,False,SAP SF Learning
ENR003704,EMP0497,C015,AI & Machine Learning Basics,Technical,2026-04-02,2026-04-23,Completed,90.0,5.0,False,SAP SF Learning
ENR003705,EMP0498,C001,Data Privacy & GDPR Fundamentals,Compliance,2025-12-03,2025-12-05,Completed,74.0,2.0,True,Cornerstone
ENR003706,EMP0498,C002,Workplace Safety & Health,Compliance,2026-06-08,2026-06-25,Completed,99.0,1.5,True,SAP SF Learning
ENR003707,EMP0498,C003,Code of Conduct & Ethics,Compliance,2025-09-06,2025-09-13,Completed,74.0,1.0,True,SAP SF Learning
ENR003708,EMP0498,C004,Cybersecurity Awareness,Compliance,2026-02-03,2026-02-15,Completed,100.0,2.0,True,SAP SF Learning
ENR003709,EMP0498,C007,Azure Cloud Fundamentals,Technical,2026-03-31,,Not Started,,6.0,False,Cornerstone
ENR003710,EMP0498,C009,Project Management (PMP Prep),Professional,2026-06-03,,In Progress,,10.0,False,Cornerstone
ENR003711,EMP0498,C010,Advanced Excel & Power BI,Technical,2025-06-19,,Not Started,,5.0,False,SAP SF Learning
ENR003712,EMP0498,C012,Sales Techniques & CRM,Sales,2025-06-24,2025-07-13,Completed,61.0,4.0,False,Cornerstone
ENR003713,EMP0498,C013,Financial Modelling,Finance,2025-12-28,2026-02-05,Completed,79.0,6.0,False,SAP SF Learning
ENR003714,EMP0498,C015,AI & Machine Learning Basics,Technical,2025-12-24,2025-12-29,Completed,89.0,5.0,False,Cornerstone
ENR003715,EMP0499,C001,Data Privacy & GDPR Fundamentals,Compliance,2025-09-13,2025-09-20,Completed,61.0,2.0,True,Cornerstone
ENR003716,EMP0499,C002,Workplace Safety & Health,Compliance,2025-12-03,2025-12-04,Completed,64.0,1.5,True,SAP SF Learning
ENR003717,EMP0499,C003,Code of Conduct & Ethics,Compliance,2026-04-02,,Not Started,,1.0,True,SAP SF Learning
ENR003718,EMP0499,C004,Cybersecurity Awareness,Compliance,2025-10-07,2025-11-28,Completed,72.0,2.0,True,Cornerstone
ENR003719,EMP0499,C005,Anti-Harassment & Inclusion,Compliance,2025-07-19,2025-09-14,Completed,64.0,1.5,True,SAP SF Learning
ENR003720,EMP0499,C007,Azure Cloud Fundamentals,Technical,2025-06-23,2025-06-25,Completed,70.0,6.0,False,Cornerstone
ENR003721,EMP0499,C008,Leadership & Influence,Leadership,2026-04-20,2026-06-14,Completed,97.0,4.0,False,SAP SF Learning
ENR003722,EMP0499,C009,Project Management (PMP Prep),Professional,2025-09-08,,Not Started,,10.0,False,SAP SF Learning
ENR003723,EMP0499,C011,Communication Skills,Soft Skills,2026-01-15,,Not Started,,3.0,False,Cornerstone
ENR003724,EMP0500,C001,Data Privacy & GDPR Fundamentals,Compliance,2025-08-18,2025-09-13,Completed,82.0,2.0,True,Cornerstone
ENR003725,EMP0500,C002,Workplace Safety & Health,Compliance,2026-03-15,2026-05-02,Completed,99.0,1.5,True,SAP SF Learning
ENR003726,EMP0500,C003,Code of Conduct & Ethics,Compliance,2025-12-03,2026-01-02,Completed,73.0,1.0,True,SAP SF Learning
ENR003727,EMP0500,C004,Cybersecurity Awareness,Compliance,2026-03-06,,Not Started,,2.0,True,SAP SF Learning
ENR003728,EMP0500,C005,Anti-Harassment & Inclusion,Compliance,2025-08-07,,In Progress,,1.5,True,SAP SF Learning
ENR003729,EMP0500,C006,Python for Data Science,Technical,2025-10-15,,In Progress,,8.0,False,Cornerstone
ENR003730,EMP0500,C011,Communication Skills,Soft Skills,2025-07-27,,Not Started,,3.0,False,SAP SF Learning
ENR003731,EMP0500,C012,Sales Techniques & CRM,Sales,2025-06-11,2025-07-17,Completed,66.0,4.0,False,SAP SF Learning
ENR003732,EMP0500,C014,Agile & Scrum Practitioner,Technical,2026-05-17,,Not Started,,4.0,False,Cornerstone
