assessment_id,employee_id,skill,proficiency_level,self_rated,manager_rated,assessed_date
ASS000001,EMP0001,Data Analysis,Expert,2,5.0,2026-04-25
ASS000002,EMP0001,Machine Learning,Expert,1,,2026-02-06
ASS000003,EMP0001,Azure,Advanced,3,2.0,2026-04-06
ASS000004,EMP0001,Leadership,Intermediate,3,4.0,2026-04-25
ASS000005,EMP0001,Excel,Beginner,5,4.0,2026-05-05
ASS000006,EMP0001,Communication,Intermediate,3,5.0,2026-05-22
ASS000007,EMP0001,Sales,Beginner,3,,2026-06-08
ASS000008,EMP0002,Communication,Beginner,1,1.0,2025-12-27
ASS000009,EMP0002,Python,Advanced,4,,2025-12-25
ASS000010,EMP0002,Compliance,Expert,2,3.0,2026-05-10
ASS000011,EMP0002,Finance,Beginner,2,2.0,2025-12-11
ASS000012,EMP0003,Sales,Intermediate,2,3.0,2026-04-19
ASS000013,EMP0003,Negotiation,Expert,5,5.0,2026-05-26
ASS000014,EMP0003,Data Analysis,Expert,4,,2026-04-21
ASS000015,EMP0004,SQL,Advanced,5,,2026-04-21
ASS000016,EMP0004,Python,Expert,2,4.0,2026-05-26
ASS000017,EMP0004,Excel,Advanced,3,1.0,2026-04-08
ASS000018,EMP0004,Sales,Intermediate,2,5.0,2026-03-27
ASS000019,EMP0006,Agile,Intermediate,1,4.0,2026-05-20
ASS000020,EMP0006,Power BI,Advanced,1,1.0,2026-04-14
ASS000021,EMP0006,Python,Intermediate,1,,2026-03-01
ASS000022,EMP0006,Communication,Advanced,1,4.0,2026-04-08
ASS000023,EMP0007,Communication,Beginner,4,4.0,2026-02-02
ASS000024,EMP0007,Data Analysis,Beginner,2,,2026-05-12
ASS000025,EMP0007,Azure,Beginner,5,2.0,2026-02-16
ASS000026,EMP0007,Leadership,Intermediate,5,,2026-06-01
ASS000027,EMP0008,Finance,Expert,5,,2026-05-24
ASS000028,EMP0008,Communication,Advanced,2,3.0,2026-01-16
ASS000029,EMP0008,Agile,Expert,3,,2026-04-23
ASS000030,EMP0008,Project Management,Advanced,2,4.0,2026-05-09
ASS000031,EMP0008,SQL,Expert,5,,2026-06-01
ASS000032,EMP0008,Power BI,Beginner,1,2.0,2026-01-23
ASS000033,EMP0008,Compliance,Beginner,4,,2026-04-07
ASS000034,EMP0008,Azure,Beginner,3,4.0,2025-12-28
ASS000035,EMP0009,Leadership,Beginner,4,2.0,2026-05-11
ASS000036,EMP0009,Negotiation,Expert,5,5.0,2025-12-21
ASS000037,EMP0009,Agile,Intermediate,3,2.0,2025-12-14
ASS000038,EMP0009,Machine Learning,Advanced,4,4.0,2026-01-13
ASS000039,EMP0009,Sales,Beginner,4,,2026-05-01
ASS000040,EMP0010,Communication,Advanced,5,,2026-03-25
ASS000041,EMP0010,Negotiation,Beginner,2,3.0,2026-04-18
ASS000042,EMP0010,Python,Expert,4,4.0,2026-06-07
ASS000043,EMP0010,Azure,Intermediate,5,4.0,2026-05-26
ASS000044,EMP0010,Power BI,Advanced,3,,2026-04-15
ASS000045,EMP0010,Compliance,Intermediate,3,3.0,2026-04-22
ASS000046,EMP0012,SQL,Intermediate,4,4.0,2025-12-13
ASS000047,EMP0012,Agile,Intermediate,5,3.0,2026-02-25
ASS000048,EMP0012,Project Management,Expert,4,,2026-01-11
ASS000049,EMP0013,Data Analysis,Intermediate,1,5.0,2025-12-19
ASS000050,EMP0013,Excel,Advanced,4,1.0,2026-05-04
ASS000051,EMP0013,Negotiation,Intermediate,5,3.0,2026-04-14
ASS000052,EMP0013,Power BI,Intermediate,5,2.0,2026-05-15
ASS000053,EMP0013,Azure,Beginner,1,5.0,2026-03-23
ASS000054,EMP0014,SQL,Intermediate,4,3.0,2026-03-27
ASS000055,EMP0014,Power BI,Advanced,2,,2026-03-13
ASS000056,EMP0014,Sales,Intermediate,1,,2026-03-08
ASS000057,EMP0014,Project Management,Beginner,5,,2026-03-27
ASS000058,EMP0015,Excel,Expert,5,2.0,2026-04-12
ASS000059,EMP0015,Compliance,Expert,3,,2026-04-11
ASS000060,EMP0015,Sales,Advanced,3,1.0,2025-12-15
ASS000061,EMP0015,SQL,Advanced,1,,2026-01-02
ASS000062,EMP0015,Communication,Advanced,5,2.0,2026-01-05
ASS000063,EMP0015,Power BI,Expert,2,,2025-12-20
ASS000064,EMP0016,Azure,Expert,2,,2026-02-12
ASS000065,EMP0016,Communication,Beginner,2,5.0,2026-01-25
ASS000066,EMP0016,Python,Beginner,2,2.0,2026-05-30
ASS000067,EMP0017,Excel,Intermediate,5,,2026-04-08
ASS000068,EMP0017,Azure,Beginner,4,2.0,2026-01-04
ASS000069,EMP0017,Project Management,Expert,4,5.0,2026-03-13
ASS000070,EMP0017,Leadership,Advanced,1,,2026-05-27
ASS000071,EMP0017,Compliance,Beginner,3,3.0,2025-12-23
ASS000072,EMP0017,Machine Learning,Beginner,4,,2026-02-25
ASS000073,EMP0017,SQL,Advanced,5,1.0,2026-04-23
ASS000074,EMP0017,Communication,Advanced,3,3.0,2026-03-28
ASS000075,EMP0020,SQL,Beginner,4,2.0,2026-04-03
ASS000076,EMP0020,Leadership,Expert,2,5.0,2026-01-05
ASS000077,EMP0020,Negotiation,Advanced,1,,2025-12-12
ASS000078,EMP0023,Compliance,Expert,1,2.0,2026-01-04
ASS000079,EMP0023,Python,Advanced,2,3.0,2026-01-11
ASS000080,EMP0023,Sales,Intermediate,2,,2026-05-14
ASS000081,EMP0023,Machine Learning,Beginner,3,5.0,2026-01-17
ASS000082,EMP0023,Communication,Expert,4,2.0,2026-02-17
ASS000083,EMP0024,Negotiation,Expert,4,,2026-02-15
ASS000084,EMP0024,Python,Intermediate,5,1.0,2025-12-28
ASS000085,EMP0024,Agile,Beginner,3,3.0,2026-02-11
ASS000086,EMP0024,Finance,Expert,2,5.0,2026-03-28
ASS000087,EMP0024,Excel,Intermediate,4,,2025-12-27
ASS000088,EMP0025,Excel,Advanced,3,5.0,2026-06-02
ASS000089,EMP0025,Data Analysis,Beginner,5,5.0,2026-03-05
ASS000090,EMP0025,Machine Learning,Beginner,3,2.0,2026-01-15
ASS000091,EMP0025,Python,Intermediate,3,3.0,2026-04-24
ASS000092,EMP0025,Azure,Advanced,3,2.0,2025-12-20
ASS000093,EMP0025,Negotiation,Advanced,3,4.0,2026-02-11
ASS000094,EMP0026,Project Management,Expert,5,2.0,2025-12-15
ASS000095,EMP0026,Machine Learning,Advanced,3,2.0,2026-03-07
ASS000096,EMP0026,Compliance,Advanced,3,1.0,2025-12-28
ASS000097,EMP0026,SQL,Expert,1,3.0,2026-03-24
ASS000098,EMP0026,Negotiation,Expert,1,1.0,2026-05-31
ASS000099,EMP0026,Azure,Advanced,2,,2026-05-11
ASS000100,EMP0027,Azure,Expert,1,,2026-03-21
ASS000101,EMP0027,Communication,Intermediate,3,1.0,2026-01-05
ASS000102,EMP0027,Negotiation,Intermediate,1,4.0,2026-02-04
ASS000103,EMP0027,Data Analysis,Expert,1,2.0,2026-05-02
ASS000104,EMP0028,Machine Learning,Expert,1,3.0,2026-04-25
ASS000105,EMP0028,Finance,Expert,1,2.0,2026-01-21
ASS000106,EMP0028,Sales,Expert,5,3.0,2026-05-31
ASS000107,EMP0028,Project Management,Intermediate,5,5.0,2026-05-27
ASS000108,EMP0028,Agile,Expert,5,5.0,2026-05-10
ASS000109,EMP0028,Compliance,Advanced,2,4.0,2026-02-26
ASS000110,EMP0028,Power BI,Intermediate,1,5.0,2025-12-13
ASS000111,EMP0029,Python,Advanced,4,3.0,2026-05-29
ASS000112,EMP0029,Project Management,Advanced,3,,2025-12-19
ASS000113,EMP0029,Azure,Expert,4,2.0,2026-05-04
ASS000114,EMP0029,Compliance,Expert,2,3.0,2026-02-04
ASS000115,EMP0029,Machine Learning,Intermediate,3,3.0,2026-03-31
ASS000116,EMP0029,Excel,Beginner,4,,2026-05-15
ASS000117,EMP0029,Sales,Advanced,2,5.0,2026-01-21
ASS000118,EMP0029,Data Analysis,Advanced,5,4.0,2026-05-18
ASS000119,EMP0030,Negotiation,Expert,5,4.0,2026-02-13
ASS000120,EMP0030,Finance,Expert,5,,2026-03-14
ASS000121,EMP0030,Machine Learning,Advanced,2,1.0,2026-03-16
ASS000122,EMP0030,Communication,Intermediate,1,1.0,2026-05-17
ASS000123,EMP0030,Leadership,Expert,4,1.0,2026-05-31
ASS000124,EMP0030,Data Analysis,Intermediate,3,1.0,2026-03-17
ASS000125,EMP0030,Sales,Intermediate,4,2.0,2026-01-17
ASS000126,EMP0031,Negotiation,Advanced,1,,2026-01-17
ASS000127,EMP0031,Agile,Expert,5,3.0,2026-01-05
ASS000128,EMP0031,Data Analysis,Advanced,1,2.0,2025-12-28
ASS000129,EMP0031,Leadership,Intermediate,4,2.0,2026-03-10
ASS000130,EMP0033,Leadership,Advanced,1,,2026-03-08
ASS000131,EMP0033,Negotiation,Intermediate,3,1.0,2026-01-17
ASS000132,EMP0033,Sales,Intermediate,2,,2026-03-15
ASS000133,EMP0033,Compliance,Expert,1,,2026-05-14
ASS000134,EMP0034,Leadership,Advanced,4,1.0,2026-06-06
ASS000135,EMP0034,Python,Intermediate,1,,2026-01-02
ASS000136,EMP0034,Machine Learning,Expert,3,,2026-03-02
ASS000137,EMP0034,Azure,Advanced,3,3.0,2026-03-30
ASS000138,EMP0034,Agile,Advanced,4,1.0,2026-05-09
ASS000139,EMP0034,Sales,Intermediate,1,2.0,2026-04-19
ASS000140,EMP0034,Finance,Beginner,2,1.0,2026-05-24
ASS000141,EMP0035,Leadership,Intermediate,2,5.0,2026-04-16
ASS000142,EMP0035,Python,Intermediate,1,3.0,2026-02-04
ASS000143,EMP0035,Project Management,Expert,5,2.0,2026-04-20
ASS000144,EMP0035,Negotiation,Beginner,3,3.0,2026-05-18
ASS000145,EMP0035,Communication,Advanced,5,2.0,2026-02-28
ASS000146,EMP0035,SQL,Intermediate,3,4.0,2026-03-18
ASS000147,EMP0036,Finance,Intermediate,2,2.0,2026-04-02
ASS000148,EMP0036,Data Analysis,Beginner,3,4.0,2025-12-18
ASS000149,EMP0036,Machine Learning,Beginner,5,,2026-05-04
ASS000150,EMP0036,Sales,Intermediate,4,2.0,2026-03-03
ASS000151,EMP0036,Excel,Beginner,2,2.0,2026-01-09
ASS000152,EMP0036,Azure,Beginner,5,3.0,2026-04-21
ASS000153,EMP0037,Communication,Beginner,4,4.0,2025-12-16
ASS000154,EMP0037,SQL,Beginner,3,2.0,2025-12-19
ASS000155,EMP0037,Project Management,Beginner,2,2.0,2026-01-29
ASS000156,EMP0038,Machine Learning,Expert,2,4.0,2026-01-15
ASS000157,EMP0038,Python,Beginner,5,2.0,2026-05-07
ASS000158,EMP0038,Project Management,Intermediate,5,1.0,2026-05-04
ASS000159,EMP0038,Communication,Intermediate,5,5.0,2026-01-08
ASS000160,EMP0038,Agile,Beginner,1,2.0,2025-12-16
ASS000161,EMP0039,SQL,Intermediate,2,4.0,2026-03-07
ASS000162,EMP0039,Power BI,Advanced,2,1.0,2026-02-10
ASS000163,EMP0039,Compliance,Advanced,5,4.0,2026-05-03
ASS000164,EMP0039,Communication,Expert,2,2.0,2025-12-23
ASS000165,EMP0039,Python,Expert,2,,2026-04-25
ASS000166,EMP0039,Sales,Beginner,1,2.0,2026-03-03
ASS000167,EMP0040,Data Analysis,Advanced,2,3.0,2026-03-16
ASS000168,EMP0040,Python,Expert,1,4.0,2026-05-19
ASS000169,EMP0040,Excel,Beginner,4,3.0,2026-03-06
ASS000170,EMP0040,Finance,Intermediate,3,3.0,2026-01-14
ASS000171,EMP0040,Communication,Advanced,4,,2026-03-28
ASS000172,EMP0040,Sales,Expert,3,5.0,2026-06-05
ASS000173,EMP0040,Leadership,Advanced,1,5.0,2026-02-02
ASS000174,EMP0043,Leadership,Beginner,2,5.0,2026-03-18
ASS000175,EMP0043,Project Management,Expert,2,2.0,2026-02-26
ASS000176,EMP0043,Compliance,Beginner,5,,2026-05-15
ASS000177,EMP0043,Finance,Intermediate,4,1.0,2026-04-27
ASS000178,EMP0043,Python,Expert,3,,2025-12-16
ASS000179,EMP0043,Communication,Beginner,3,,2026-03-17
ASS000180,EMP0044,Sales,Beginner,3,4.0,2026-03-26
ASS000181,EMP0044,Data Analysis,Beginner,2,,2026-05-23
ASS000182,EMP0044,Communication,Expert,4,4.0,2026-05-29
ASS000183,EMP0045,Compliance,Intermediate,1,3.0,2026-01-06
ASS000184,EMP0045,Leadership,Advanced,2,3.0,2025-12-27
ASS000185,EMP0045,Sales,Expert,1,,2026-04-07
ASS000186,EMP0045,SQL,Beginner,5,3.0,2026-03-29
ASS000187,EMP0045,Power BI,Beginner,5,1.0,2026-03-13
ASS000188,EMP0045,Project Management,Beginner,5,4.0,2026-03-15
ASS000189,EMP0045,Data Analysis,Beginner,3,,2026-03-14
ASS000190,EMP0047,Sales,Beginner,3,,2026-03-03
ASS000191,EMP0047,SQL,Advanced,4,4.0,2026-04-26
ASS000192,EMP0047,Negotiation,Intermediate,3,1.0,2026-02-13
ASS000193,EMP0047,Python,Beginner,1,,2026-05-21
ASS000194,EMP0047,Project Management,Beginner,1,1.0,2026-05-18
ASS000195,EMP0047,Excel,Beginner,4,3.0,2025-12-16
ASS000196,EMP0048,Power BI,Intermediate,2,5.0,2026-01-14
ASS000197,EMP0048,Python,Beginner,1,,2026-04-21
ASS000198,EMP0048,Leadership,Intermediate,5,4.0,2026-02-20
ASS000199,EMP0048,Compliance,Expert,3,3.0,2026-04-14
ASS000200,EMP0048,Agile,Intermediate,5,5.0,2026-05-28
ASS000201,EMP0048,Finance,Expert,3,,2026-05-08
ASS000202,EMP0048,Excel,Intermediate,3,,2026-04-19
ASS000203,EMP0048,Project Management,Advanced,2,,2025-12-27
ASS000204,EMP0049,Excel,Advanced,1,3.0,2025-12-29
ASS000205,EMP0049,SQL,Intermediate,2,5.0,2026-05-09
ASS000206,EMP0049,Leadership,Intermediate,4,4.0,2026-05-04
ASS000207,EMP0049,Negotiation,Expert,4,4.0,2026-05-09
ASS000208,EMP0049,Azure,Beginner,5,4.0,2026-05-09
ASS000209,EMP0049,Project Management,Beginner,4,1.0,2026-05-15
ASS000210,EMP0055,Data Analysis,Beginner,3,,2026-04-09
ASS000211,EMP0055,Excel,Beginner,5,,2026-05-19
ASS000212,EMP0055,Machine Learning,Advanced,5,3.0,2026-05-03
ASS000213,EMP0055,Negotiation,Beginner,3,3.0,2026-02-13
ASS000214,EMP0055,Communication,Beginner,5,5.0,2026-03-06
ASS000215,EMP0056,Power BI,Advanced,2,5.0,2026-01-01
ASS000216,EMP0056,Excel,Beginner,1,,2025-12-22
ASS000217,EMP0056,Leadership,Advanced,1,3.0,2026-03-01
ASS000218,EMP0056,Azure,Expert,5,3.0,2026-04-06
ASS000219,EMP0057,Compliance,Advanced,5,5.0,2026-04-19
ASS000220,EMP0057,Power BI,Intermediate,1,4.0,2026-04-30
ASS000221,EMP0057,SQL,Intermediate,3,5.0,2025-12-13
ASS000222,EMP0057,Azure,Beginner,2,,2026-05-27
ASS000223,EMP0058,Excel,Beginner,3,3.0,2026-03-27
ASS000224,EMP0058,Power BI,Intermediate,5,4.0,2026-06-08
ASS000225,EMP0058,Leadership,Beginner,5,,2025-12-23
ASS000226,EMP0058,Machine Learning,Advanced,4,3.0,2026-04-08
ASS000227,EMP0058,Project Management,Advanced,4,1.0,2026-02-06
ASS000228,EMP0058,Compliance,Intermediate,5,,2026-03-09
ASS000229,EMP0059,Project Management,Advanced,4,2.0,2025-12-27
ASS000230,EMP0059,Negotiation,Advanced,4,,2026-01-16
ASS000231,EMP0059,Data Analysis,Expert,3,3.0,2026-02-16
ASS000232,EMP0060,Machine Learning,Expert,4,5.0,2026-03-22
ASS000233,EMP0060,Compliance,Expert,5,5.0,2026-03-11
ASS000234,EMP0060,Power BI,Expert,3,,2026-02-13
ASS000235,EMP0060,Communication,Advanced,4,1.0,2026-01-26
ASS000236,EMP0062,Python,Intermediate,4,1.0,2026-04-24
ASS000237,EMP0062,SQL,Advanced,5,4.0,2026-02-14
ASS000238,EMP0062,Machine Learning,Beginner,5,,2026-02-22
ASS000239,EMP0062,Power BI,Intermediate,5,1.0,2026-01-10
ASS000240,EMP0062,Finance,Advanced,5,,2026-02-06
ASS000241,EMP0063,Machine Learning,Expert,1,1.0,2026-02-19
ASS000242,EMP0063,Azure,Expert,5,2.0,2026-04-27
ASS000243,EMP0063,Communication,Intermediate,2,1.0,2026-05-18
ASS000244,EMP0063,Negotiation,Expert,1,3.0,2026-04-09
ASS000245,EMP0063,Sales,Advanced,5,,2026-02-10
ASS000246,EMP0063,Leadership,Intermediate,1,2.0,2026-04-27
ASS000247,EMP0065,Project Management,Intermediate,1,,2026-03-06
ASS000248,EMP0065,Sales,Intermediate,4,,2026-03-01
ASS000249,EMP0065,Excel,Intermediate,3,,2026-05-29
ASS000250,EMP0065,Azure,Advanced,4,,2025-12-23
ASS000251,EMP0066,Power BI,Intermediate,5,4.0,2026-03-27
ASS000252,EMP0066,Sales,Intermediate,5,5.0,2026-05-07
ASS000253,EMP0066,SQL,Beginner,4,3.0,2026-04-25
ASS000254,EMP0067,Leadership,Expert,4,,2026-03-05
ASS000255,EMP0067,Machine Learning,Advanced,3,,2025-12-17
ASS000256,EMP0067,Data Analysis,Intermediate,5,2.0,2026-02-15
ASS000257,EMP0067,Agile,Intermediate,1,5.0,2026-04-27
ASS000258,EMP0067,Finance,Expert,4,3.0,2026-05-22
ASS000259,EMP0069,Excel,Intermediate,5,2.0,2026-04-25
ASS000260,EMP0069,Communication,Advanced,4,3.0,2026-01-10
ASS000261,EMP0069,Machine Learning,Beginner,2,,2026-01-23
ASS000262,EMP0069,Negotiation,Intermediate,5,4.0,2025-12-29
ASS000263,EMP0069,Finance,Intermediate,2,1.0,2026-01-20
ASS000264,EMP0069,Data Analysis,Expert,4,3.0,2026-01-05
ASS000265,EMP0069,Agile,Expert,4,2.0,2026-03-04
ASS000266,EMP0070,Negotiation,Expert,4,2.0,2026-01-09
ASS000267,EMP0070,Sales,Beginner,5,4.0,2026-03-08
ASS000268,EMP0070,Finance,Intermediate,3,1.0,2026-05-04
ASS000269,EMP0070,Leadership,Beginner,4,,2026-03-25
ASS000270,EMP0070,Power BI,Intermediate,2,,2026-04-13
ASS000271,EMP0070,Project Management,Advanced,3,3.0,2026-06-02
ASS000272,EMP0070,Compliance,Expert,2,,2026-04-16
ASS000273,EMP0071,Compliance,Beginner,1,,2026-01-21
ASS000274,EMP0071,Finance,Advanced,5,5.0,2026-03-12
ASS000275,EMP0071,Project Management,Intermediate,1,4.0,2026-01-23
ASS000276,EMP0071,Agile,Intermediate,2,4.0,2026-06-08
ASS000277,EMP0072,Excel,Advanced,1,2.0,2026-02-13
ASS000278,EMP0072,Negotiation,Advanced,3,,2026-03-01
ASS000279,EMP0072,Power BI,Intermediate,5,4.0,2026-04-16
ASS000280,EMP0073,Excel,Expert,4,5.0,2026-05-26
ASS000281,EMP0073,SQL,Beginner,3,4.0,2026-04-14
ASS000282,EMP0073,Compliance,Advanced,4,4.0,2026-01-25
ASS000283,EMP0075,Communication,Advanced,3,3.0,2026-05-05
ASS000284,EMP0075,Compliance,Expert,4,2.0,2026-01-16
ASS000285,EMP0075,Finance,Intermediate,5,2.0,2026-02-04
ASS000286,EMP0075,Leadership,Advanced,3,4.0,2025-12-17
ASS000287,EMP0075,Agile,Beginner,4,2.0,2026-04-22
ASS000288,EMP0075,Machine Learning,Advanced,3,5.0,2026-04-22
ASS000289,EMP0075,Python,Advanced,2,1.0,2026-03-16
ASS000290,EMP0077,Python,Beginner,1,,2026-04-30
ASS000291,EMP0077,Sales,Beginner,2,2.0,2026-04-02
ASS000292,EMP0077,Data Analysis,Beginner,1,,2026-03-19
ASS000293,EMP0077,Machine Learning,Expert,1,4.0,2026-01-08
ASS000294,EMP0077,Leadership,Intermediate,2,5.0,2026-04-11
ASS000295,EMP0077,Azure,Beginner,3,5.0,2026-05-11
ASS000296,EMP0078,Python,Beginner,1,2.0,2026-01-20
ASS000297,EMP0078,Data Analysis,Expert,3,2.0,2026-02-12
ASS000298,EMP0078,Sales,Expert,4,,2026-04-13
ASS000299,EMP0080,Project Management,Advanced,5,5.0,2026-02-20
ASS000300,EMP0080,Agile,Expert,5,3.0,2026-02-18
ASS000301,EMP0080,Power BI,Expert,3,5.0,2026-04-01
ASS000302,EMP0080,Data Analysis,Advanced,3,,2026-02-16
ASS000303,EMP0080,Compliance,Advanced,2,4.0,2026-01-06
ASS000304,EMP0080,SQL,Beginner,4,,2026-03-21
ASS000305,EMP0080,Leadership,Advanced,3,5.0,2026-01-24
ASS000306,EMP0080,Communication,Advanced,2,2.0,2026-05-04
ASS000307,EMP0081,Agile,Beginner,4,1.0,2026-05-30
ASS000308,EMP0081,Leadership,Beginner,5,2.0,2025-12-29
ASS000309,EMP0081,Power BI,Advanced,3,3.0,2026-02-11
ASS000310,EMP0081,Python,Intermediate,1,1.0,2026-05-13
ASS000311,EMP0081,Project Management,Intermediate,4,5.0,2026-05-31
ASS000312,EMP0081,Data Analysis,Advanced,4,,2026-03-21
ASS000313,EMP0081,Machine Learning,Intermediate,3,2.0,2026-05-20
ASS000314,EMP0081,Finance,Advanced,2,,2025-12-29
ASS000315,EMP0082,Negotiation,Intermediate,5,,2026-05-10
ASS000316,EMP0082,Excel,Expert,2,,2026-05-22
ASS000317,EMP0082,Compliance,Beginner,5,,2026-01-14
ASS000318,EMP0082,Python,Beginner,5,3.0,2026-04-30
ASS000319,EMP0083,Power BI,Advanced,4,3.0,2025-12-28
ASS000320,EMP0083,Leadership,Intermediate,2,3.0,2026-02-08
ASS000321,EMP0083,Project Management,Expert,1,,2026-06-04
ASS000322,EMP0083,Machine Learning,Beginner,1,,2026-02-08
ASS000323,EMP0083,Compliance,Intermediate,3,3.0,2026-03-13
ASS000324,EMP0083,Negotiation,Beginner,2,,2026-05-09
ASS000325,EMP0083,Python,Expert,2,4.0,2026-03-27
ASS000326,EMP0083,Data Analysis,Expert,1,,2026-01-26
ASS000327,EMP0084,Compliance,Beginner,2,2.0,2026-03-19
ASS000328,EMP0084,Power BI,Beginner,2,,2026-02-05
ASS000329,EMP0084,SQL,Advanced,5,,2026-04-10
ASS000330,EMP0084,Finance,Beginner,5,5.0,2026-04-28
ASS000331,EMP0084,Agile,Beginner,5,4.0,2026-02-08
ASS000332,EMP0085,Power BI,Beginner,5,,2026-04-20
ASS000333,EMP0085,Azure,Intermediate,2,5.0,2026-05-01
ASS000334,EMP0085,SQL,Intermediate,1,2.0,2026-01-25
ASS000335,EMP0085,Machine Learning,Expert,4,3.0,2026-06-09
ASS000336,EMP0085,Finance,Beginner,4,,2026-05-27
ASS000337,EMP0087,Azure,Advanced,1,1.0,2026-01-02
ASS000338,EMP0087,Negotiation,Intermediate,2,1.0,2026-05-08
ASS000339,EMP0087,Data Analysis,Intermediate,3,3.0,2026-04-05
ASS000340,EMP0087,Machine Learning,Advanced,4,,2026-03-17
ASS000341,EMP0087,SQL,Beginner,3,4.0,2026-05-10
ASS000342,EMP0087,Compliance,Expert,3,,2026-04-29
ASS000343,EMP0087,Sales,Expert,4,2.0,2026-02-19
ASS000344,EMP0087,Project Management,Expert,2,,2026-05-20
ASS000345,EMP0090,Finance,Intermediate,4,5.0,2026-05-01
ASS000346,EMP0090,Negotiation,Beginner,1,1.0,2026-02-10
ASS000347,EMP0090,Azure,Expert,1,5.0,2026-04-09
ASS000348,EMP0090,SQL,Expert,2,,2026-02-26
ASS000349,EMP0090,Communication,Expert,1,,2026-04-05
ASS000350,EMP0090,Python,Advanced,4,4.0,2026-02-26
ASS000351,EMP0091,Machine Learning,Beginner,4,,2026-04-22
ASS000352,EMP0091,Azure,Advanced,5,1.0,2026-04-03
ASS000353,EMP0091,Negotiation,Expert,1,,2025-12-20
ASS000354,EMP0091,Power BI,Expert,2,,2026-01-22
ASS000355,EMP0091,Compliance,Advanced,2,4.0,2026-02-15
ASS000356,EMP0091,Sales,Expert,3,,2026-04-25
ASS000357,EMP0091,Project Management,Intermediate,5,2.0,2026-01-27
ASS000358,EMP0091,Python,Expert,3,1.0,2026-05-23
ASS000359,EMP0092,Project Management,Advanced,5,3.0,2026-02-18
ASS000360,EMP0092,Power BI,Advanced,1,,2026-05-09
ASS000361,EMP0092,Compliance,Beginner,5,1.0,2026-01-22
ASS000362,EMP0092,Data Analysis,Advanced,5,2.0,2026-03-04
ASS000363,EMP0092,Leadership,Expert,5,2.0,2026-03-27
ASS000364,EMP0092,Negotiation,Expert,2,5.0,2026-05-23
ASS000365,EMP0092,Finance,Intermediate,2,5.0,2025-12-14
ASS000366,EMP0093,Excel,Expert,3,5.0,2026-02-09
ASS000367,EMP0093,Negotiation,Expert,4,3.0,2026-03-21
ASS000368,EMP0093,Azure,Expert,4,3.0,2025-12-30
ASS000369,EMP0094,Azure,Expert,2,,2026-02-14
ASS000370,EMP0094,Project Management,Advanced,2,4.0,2026-02-27
ASS000371,EMP0094,Finance,Beginner,1,,2026-03-21
ASS000372,EMP0094,SQL,Advanced,1,1.0,2026-05-05
ASS000373,EMP0094,Power BI,Advanced,3,3.0,2026-03-06
ASS000374,EMP0094,Python,Intermediate,5,,2026-02-10
ASS000375,EMP0095,Azure,Beginner,1,1.0,2026-05-27
ASS000376,EMP0095,Negotiation,Intermediate,4,,2026-03-21
ASS000377,EMP0095,Communication,Intermediate,4,1.0,2026-05-12
ASS000378,EMP0095,SQL,Advanced,3,3.0,2026-02-23
ASS000379,EMP0095,Compliance,Advanced,3,,2026-02-26
ASS000380,EMP0095,Finance,Intermediate,4,3.0,2026-06-09
ASS000381,EMP0095,Data Analysis,Intermediate,4,3.0,2026-05-17
ASS000382,EMP0095,Machine Learning,Beginner,2,,2026-05-15
ASS000383,EMP0096,Excel,Expert,1,,2025-12-12
ASS000384,EMP0096,Sales,Beginner,1,4.0,2026-04-15
ASS000385,EMP0096,Compliance,Intermediate,2,2.0,2026-01-23
ASS000386,EMP0096,Leadership,Expert,5,3.0,2026-04-23
ASS000387,EMP0096,Agile,Intermediate,1,4.0,2026-05-04
ASS000388,EMP0096,Negotiation,Intermediate,4,2.0,2026-03-25
ASS000389,EMP0096,Machine Learning,Advanced,1,3.0,2026-05-23
ASS000390,EMP0096,Communication,Expert,1,5.0,2026-01-18
ASS000391,EMP0097,Python,Beginner,4,3.0,2025-12-17
ASS000392,EMP0097,Finance,Beginner,1,,2026-05-16
ASS000393,EMP0097,Negotiation,Advanced,1,,2026-05-18
ASS000394,EMP0097,Machine Learning,Advanced,5,,2026-05-29
ASS000395,EMP0097,Compliance,Expert,4,,2026-04-24
ASS000396,EMP0098,Power BI,Advanced,1,2.0,2026-04-05
ASS000397,EMP0098,Finance,Advanced,3,,2026-05-05
ASS000398,EMP0098,Project Management,Expert,4,3.0,2026-01-07
ASS000399,EMP0098,Machine Learning,Beginner,4,3.0,2026-05-24
ASS000400,EMP0098,Leadership,Expert,2,2.0,2026-03-18
ASS000401,EMP0098,Negotiation,Beginner,1,,2026-05-04
ASS000402,EMP0100,Compliance,Advanced,3,2.0,2026-02-10
ASS000403,EMP0100,SQL,Beginner,4,5.0,2026-01-24
ASS000404,EMP0100,Sales,Intermediate,4,,2026-05-02
ASS000405,EMP0100,Project Management,Expert,1,1.0,2025-12-21
ASS000406,EMP0100,Azure,Beginner,4,,2026-03-29
ASS000407,EMP0100,Excel,Beginner,2,5.0,2026-02-04
ASS000408,EMP0100,Machine Learning,Advanced,4,1.0,2026-05-03
ASS000409,EMP0100,Negotiation,Intermediate,1,5.0,2026-02-08
ASS000410,EMP0101,Excel,Advanced,2,5.0,2026-01-19
ASS000411,EMP0101,SQL,Intermediate,4,,2026-03-25
ASS000412,EMP0101,Negotiation,Expert,3,4.0,2026-04-01
ASS000413,EMP0101,Agile,Beginner,2,,2026-01-07
ASS000414,EMP0101,Power BI,Expert,3,4.0,2026-04-28
ASS000415,EMP0101,Azure,Expert,1,3.0,2026-03-22
ASS000416,EMP0101,Leadership,Intermediate,1,4.0,2025-12-18
ASS000417,EMP0102,Agile,Beginner,1,1.0,2025-12-26
ASS000418,EMP0102,Data Analysis,Advanced,4,,2026-02-23
ASS000419,EMP0102,Finance,Beginner,1,5.0,2026-01-27
ASS000420,EMP0102,Machine Learning,Beginner,5,3.0,2026-01-13
ASS000421,EMP0102,Excel,Advanced,4,,2026-05-02
ASS000422,EMP0102,SQL,Advanced,2,,2026-04-30
ASS000423,EMP0102,Python,Expert,3,4.0,2026-03-10
ASS000424,EMP0102,Project Management,Beginner,1,5.0,2026-06-01
ASS000425,EMP0103,Sales,Intermediate,2,1.0,2026-01-10
ASS000426,EMP0103,Power BI,Beginner,5,5.0,2026-01-12
ASS000427,EMP0103,Leadership,Intermediate,4,5.0,2025-12-23
ASS000428,EMP0104,Communication,Expert,3,2.0,2026-03-28
ASS000429,EMP0104,Sales,Intermediate,5,3.0,2026-03-10
ASS000430,EMP0104,Agile,Beginner,4,5.0,2026-01-06
ASS000431,EMP0104,Finance,Beginner,1,2.0,2026-04-23
ASS000432,EMP0104,Python,Expert,1,5.0,2026-05-24
ASS000433,EMP0104,Power BI,Beginner,4,,2026-01-28
ASS000434,EMP0104,Data Analysis,Expert,5,5.0,2026-04-13
ASS000435,EMP0105,Finance,Intermediate,1,1.0,2026-04-01
ASS000436,EMP0105,Negotiation,Intermediate,3,5.0,2026-01-10
ASS000437,EMP0105,Communication,Expert,4,5.0,2026-03-06
ASS000438,EMP0105,Compliance,Expert,2,3.0,2025-12-23
ASS000439,EMP0105,Agile,Expert,3,3.0,2026-05-18
ASS000440,EMP0105,Machine Learning,Advanced,4,2.0,2026-03-04
ASS000441,EMP0105,Azure,Expert,4,3.0,2025-12-28
ASS000442,EMP0106,Data Analysis,Expert,4,1.0,2026-05-27
ASS000443,EMP0106,Power BI,Beginner,2,2.0,2026-05-07
ASS000444,EMP0106,Agile,Intermediate,1,,2026-01-15
ASS000445,EMP0106,SQL,Expert,5,2.0,2025-12-22
ASS000446,EMP0106,Project Management,Intermediate,2,4.0,2026-04-19
ASS000447,EMP0106,Machine Learning,Advanced,3,,2026-06-09
ASS000448,EMP0106,Excel,Advanced,4,,2025-12-13
ASS000449,EMP0107,Agile,Expert,2,4.0,2026-03-21
ASS000450,EMP0107,Negotiation,Advanced,2,3.0,2026-03-11
ASS000451,EMP0107,Finance,Expert,4,2.0,2026-02-16
ASS000452,EMP0107,Python,Intermediate,4,5.0,2026-04-05
ASS000453,EMP0107,Project Management,Beginner,1,3.0,2026-05-23
ASS000454,EMP0107,Excel,Intermediate,4,4.0,2026-04-07
ASS000455,EMP0107,Compliance,Intermediate,2,,2026-03-05
ASS000456,EMP0108,Azure,Advanced,4,,2026-05-10
ASS000457,EMP0108,Excel,Intermediate,4,,2026-05-13
ASS000458,EMP0108,Power BI,Intermediate,4,2.0,2026-02-14
ASS000459,EMP0108,Finance,Intermediate,1,,2026-05-17
ASS000460,EMP0109,Negotiation,Beginner,1,5.0,2026-02-10
ASS000461,EMP0109,Project Management,Intermediate,2,,2026-06-03
ASS000462,EMP0109,Finance,Beginner,2,1.0,2026-02-01
ASS000463,EMP0109,Agile,Intermediate,2,,2026-05-08
ASS000464,EMP0110,Sales,Intermediate,5,,2026-02-26
ASS000465,EMP0110,SQL,Beginner,2,4.0,2026-06-02
ASS000466,EMP0110,Agile,Beginner,3,4.0,2025-12-31
ASS000467,EMP0110,Finance,Advanced,1,4.0,2026-04-01
ASS000468,EMP0111,Communication,Advanced,3,2.0,2025-12-30
ASS000469,EMP0111,Data Analysis,Advanced,4,5.0,2026-05-14
ASS000470,EMP0111,Python,Intermediate,4,2.0,2026-03-05
ASS000471,EMP0111,Sales,Advanced,1,2.0,2026-04-12
ASS000472,EMP0111,Negotiation,Expert,2,5.0,2026-03-04
ASS000473,EMP0111,Agile,Advanced,5,,2026-05-01
ASS000474,EMP0111,Excel,Intermediate,5,2.0,2026-04-13
ASS000475,EMP0111,Leadership,Beginner,2,5.0,2026-06-06
ASS000476,EMP0112,Project Management,Advanced,1,,2025-12-29
ASS000477,EMP0112,Sales,Advanced,5,4.0,2026-02-16
ASS000478,EMP0112,Compliance,Advanced,1,1.0,2026-01-05
ASS000479,EMP0112,Data Analysis,Advanced,1,4.0,2026-05-30
ASS000480,EMP0112,Azure,Expert,1,4.0,2026-01-23
ASS000481,EMP0112,Finance,Advanced,4,1.0,2026-05-29
ASS000482,EMP0112,SQL,Advanced,5,5.0,2026-03-04
ASS000483,EMP0113,Power BI,Beginner,1,,2026-02-14
ASS000484,EMP0113,Data Analysis,Intermediate,3,,2026-03-12
ASS000485,EMP0113,Machine Learning,Expert,2,,2026-02-12
ASS000486,EMP0113,Leadership,Advanced,5,2.0,2026-06-05
ASS000487,EMP0114,Project Management,Advanced,5,,2026-01-19
ASS000488,EMP0114,Excel,Advanced,3,3.0,2026-03-02
ASS000489,EMP0114,Azure,Advanced,4,3.0,2026-01-19
ASS000490,EMP0114,Machine Learning,Beginner,4,,2026-03-16
ASS000491,EMP0114,Sales,Intermediate,1,,2026-05-03
ASS000492,EMP0114,Communication,Beginner,1,4.0,2026-01-20
ASS000493,EMP0114,Finance,Expert,4,,2026-05-04
ASS000494,EMP0114,Compliance,Intermediate,3,4.0,2026-01-20
ASS000495,EMP0115,Negotiation,Advanced,5,,2025-12-24
ASS000496,EMP0115,Compliance,Expert,4,,2025-12-30
ASS000497,EMP0115,Power BI,Beginner,1,3.0,2026-03-28
ASS000498,EMP0115,Finance,Expert,4,1.0,2026-05-05
ASS000499,EMP0115,Azure,Expert,2,2.0,2026-03-01
ASS000500,EMP0115,Excel,Advanced,3,4.0,2026-05-10
ASS000501,EMP0115,Data Analysis,Intermediate,4,5.0,2026-02-20
ASS000502,EMP0115,Project Management,Advanced,1,4.0,2026-05-14
ASS000503,EMP0116,Finance,Beginner,5,,2025-12-30
ASS000504,EMP0116,Compliance,Expert,3,3.0,2026-04-14
ASS000505,EMP0116,Machine Learning,Beginner,1,,2026-05-06
ASS000506,EMP0117,Compliance,Advanced,3,2.0,2026-04-24
ASS000507,EMP0117,Azure,Intermediate,5,5.0,2026-05-31
ASS000508,EMP0117,Negotiation,Beginner,3,,2026-04-01
ASS000509,EMP0117,Excel,Beginner,3,3.0,2026-06-07
ASS000510,EMP0117,Communication,Beginner,5,,2026-03-26
ASS000511,EMP0117,Sales,Advanced,4,5.0,2026-03-24
ASS000512,EMP0118,Data Analysis,Beginner,5,5.0,2026-02-11
ASS000513,EMP0118,Azure,Intermediate,5,,2026-01-11
ASS000514,EMP0118,Project Management,Advanced,1,,2025-12-20
ASS000515,EMP0118,Excel,Expert,3,5.0,2026-04-14
ASS000516,EMP0118,Compliance,Intermediate,3,3.0,2026-05-10
ASS000517,EMP0118,Negotiation,Intermediate,3,,2026-02-28
ASS000518,EMP0118,Leadership,Advanced,2,2.0,2026-05-19
ASS000519,EMP0119,Sales,Beginner,2,1.0,2025-12-12
ASS000520,EMP0119,Leadership,Beginner,2,3.0,2026-03-02
ASS000521,EMP0119,Communication,Advanced,4,3.0,2026-04-04
ASS000522,EMP0120,Azure,Advanced,4,,2026-03-05
ASS000523,EMP0120,Project Management,Beginner,1,2.0,2026-01-14
ASS000524,EMP0120,Communication,Beginner,3,,2026-05-07
ASS000525,EMP0121,Negotiation,Advanced,3,4.0,2026-04-28
ASS000526,EMP0121,Machine Learning,Beginner,5,1.0,2025-12-19
ASS000527,EMP0121,Sales,Advanced,1,5.0,2026-01-23
ASS000528,EMP0121,Communication,Intermediate,2,5.0,2026-03-02
ASS000529,EMP0123,Negotiation,Advanced,1,1.0,2026-01-12
ASS000530,EMP0123,Sales,Advanced,4,,2026-03-22
ASS000531,EMP0123,Communication,Beginner,1,1.0,2025-12-24
ASS000532,EMP0123,Python,Intermediate,3,4.0,2025-12-29
ASS000533,EMP0123,SQL,Beginner,3,4.0,2026-05-05
ASS000534,EMP0123,Azure,Beginner,5,,2026-03-31
ASS000535,EMP0123,Data Analysis,Beginner,2,3.0,2025-12-18
ASS000536,EMP0123,Leadership,Advanced,3,,2025-12-29
ASS000537,EMP0124,Compliance,Beginner,5,4.0,2025-12-26
ASS000538,EMP0124,Negotiation,Expert,1,3.0,2026-04-09
ASS000539,EMP0124,Finance,Intermediate,5,2.0,2026-05-06
ASS000540,EMP0124,Machine Learning,Advanced,1,1.0,2026-04-07
ASS000541,EMP0124,Azure,Expert,1,,2026-04-05
ASS000542,EMP0124,Agile,Intermediate,2,1.0,2026-05-08
ASS000543,EMP0124,Communication,Intermediate,3,2.0,2026-01-06
ASS000544,EMP0124,Project Management,Beginner,5,3.0,2025-12-19
ASS000545,EMP0125,Python,Advanced,5,4.0,2026-01-10
ASS000546,EMP0125,Compliance,Expert,3,4.0,2026-02-27
ASS000547,EMP0125,Azure,Beginner,1,2.0,2026-06-05
ASS000548,EMP0125,Project Management,Expert,2,2.0,2026-06-07
ASS000549,EMP0125,Sales,Beginner,4,3.0,2025-12-25
ASS000550,EMP0125,SQL,Expert,3,1.0,2026-01-13
ASS000551,EMP0125,Negotiation,Beginner,1,1.0,2026-05-21
ASS000552,EMP0125,Data Analysis,Beginner,5,,2026-01-04
ASS000553,EMP0126,Negotiation,Beginner,2,5.0,2026-05-30
ASS000554,EMP0126,Power BI,Expert,5,2.0,2025-12-23
ASS000555,EMP0126,Sales,Expert,2,,2026-05-14
ASS000556,EMP0126,Agile,Advanced,3,5.0,2026-04-18
ASS000557,EMP0126,Finance,Beginner,1,4.0,2026-04-13
ASS000558,EMP0126,Azure,Beginner,5,5.0,2025-12-20
ASS000559,EMP0126,Machine Learning,Advanced,3,,2026-01-12
ASS000560,EMP0126,Data Analysis,Beginner,1,,2025-12-21
ASS000561,EMP0127,Finance,Beginner,4,1.0,2026-04-24
ASS000562,EMP0127,Communication,Beginner,3,,2026-05-15
ASS000563,EMP0127,Python,Expert,1,1.0,2026-04-24
ASS000564,EMP0127,Data Analysis,Expert,1,,2026-05-16
ASS000565,EMP0128,Compliance,Advanced,5,1.0,2026-05-19
ASS000566,EMP0128,Azure,Expert,1,3.0,2026-05-21
ASS000567,EMP0128,Excel,Beginner,4,4.0,2026-01-31
ASS000568,EMP0128,Communication,Advanced,4,5.0,2026-01-23
ASS000569,EMP0128,Machine Learning,Advanced,5,4.0,2026-01-30
ASS000570,EMP0128,Leadership,Intermediate,5,1.0,2026-02-08
ASS000571,EMP0128,Finance,Intermediate,5,3.0,2026-04-10
ASS000572,EMP0129,Project Management,Intermediate,3,5.0,2026-02-05
ASS000573,EMP0129,Compliance,Expert,4,5.0,2025-12-28
ASS000574,EMP0129,Sales,Advanced,2,,2026-02-25
ASS000575,EMP0129,Agile,Advanced,4,,2026-04-12
ASS000576,EMP0129,Communication,Expert,1,3.0,2026-04-21
ASS000577,EMP0130,Communication,Expert,4,,2026-05-07
ASS000578,EMP0130,Data Analysis,Expert,4,,2026-04-30
ASS000579,EMP0130,Leadership,Expert,4,,2026-01-17
ASS000580,EMP0130,Machine Learning,Advanced,5,3.0,2026-05-17
ASS000581,EMP0130,Python,Expert,5,4.0,2026-03-15
ASS000582,EMP0130,Power BI,Beginner,1,4.0,2026-01-11
ASS000583,EMP0130,Agile,Expert,4,3.0,2025-12-20
ASS000584,EMP0130,Negotiation,Intermediate,1,4.0,2026-01-06
ASS000585,EMP0131,SQL,Intermediate,3,,2026-01-19
ASS000586,EMP0131,Negotiation,Advanced,2,4.0,2026-05-21
ASS000587,EMP0131,Power BI,Beginner,1,5.0,2026-05-23
ASS000588,EMP0131,Leadership,Advanced,5,1.0,2026-03-09
ASS000589,EMP0133,SQL,Intermediate,1,2.0,2026-02-13
ASS000590,EMP0133,Leadership,Intermediate,1,,2026-01-03
ASS000591,EMP0133,Python,Advanced,3,1.0,2026-02-13
ASS000592,EMP0133,Compliance,Intermediate,3,2.0,2026-01-09
ASS000593,EMP0134,Negotiation,Beginner,5,,2026-01-09
ASS000594,EMP0134,Agile,Advanced,3,2.0,2026-05-01
ASS000595,EMP0134,Compliance,Beginner,3,1.0,2026-02-04
ASS000596,EMP0134,SQL,Beginner,5,4.0,2026-03-20
ASS000597,EMP0135,Excel,Expert,4,5.0,2026-01-09
ASS000598,EMP0135,Negotiation,Advanced,1,1.0,2026-01-02
ASS000599,EMP0135,Finance,Expert,5,,2025-12-29
ASS000600,EMP0135,Azure,Intermediate,4,5.0,2026-05-28
ASS000601,EMP0136,Agile,Expert,2,2.0,2026-02-28
ASS000602,EMP0136,Negotiation,Advanced,4,5.0,2026-05-07
ASS000603,EMP0136,Data Analysis,Expert,2,3.0,2026-03-19
ASS000604,EMP0136,SQL,Expert,4,3.0,2026-05-28
ASS000605,EMP0136,Finance,Intermediate,4,,2026-04-26
ASS000606,EMP0136,Compliance,Advanced,5,5.0,2026-01-08
ASS000607,EMP0136,Python,Intermediate,4,2.0,2026-02-10
ASS000608,EMP0136,Sales,Advanced,3,2.0,2026-04-14
ASS000609,EMP0137,Azure,Intermediate,5,,2025-12-20
ASS000610,EMP0137,Leadership,Intermediate,3,2.0,2026-03-29
ASS000611,EMP0137,SQL,Intermediate,5,2.0,2025-12-12
ASS000612,EMP0137,Finance,Advanced,4,4.0,2026-02-23
ASS000613,EMP0137,Project Management,Expert,1,5.0,2026-03-27
ASS000614,EMP0138,Excel,Beginner,2,,2026-03-13
ASS000615,EMP0138,Leadership,Advanced,2,,2026-05-24
ASS000616,EMP0138,Negotiation,Intermediate,4,5.0,2026-01-17
ASS000617,EMP0138,Finance,Beginner,3,2.0,2026-02-26
ASS000618,EMP0138,Data Analysis,Intermediate,1,1.0,2026-03-14
ASS000619,EMP0138,Project Management,Advanced,1,,2026-01-31
ASS000620,EMP0139,Python,Expert,1,,2026-02-05
ASS000621,EMP0139,Sales,Advanced,2,5.0,2026-02-23
ASS000622,EMP0139,SQL,Advanced,3,3.0,2026-02-02
ASS000623,EMP0139,Agile,Intermediate,2,,2026-05-15
ASS000624,EMP0140,Compliance,Intermediate,2,5.0,2026-03-09
ASS000625,EMP0140,Project Management,Intermediate,5,5.0,2026-03-12
ASS000626,EMP0140,SQL,Beginner,1,,2025-12-20
ASS000627,EMP0140,Finance,Intermediate,3,,2026-02-08
ASS000628,EMP0140,Sales,Expert,3,5.0,2026-04-26
ASS000629,EMP0140,Leadership,Advanced,5,1.0,2026-05-02
ASS000630,EMP0140,Azure,Beginner,4,1.0,2026-04-28
ASS000631,EMP0142,SQL,Intermediate,4,2.0,2026-03-10
ASS000632,EMP0142,Leadership,Expert,2,4.0,2026-06-04
ASS000633,EMP0142,Machine Learning,Advanced,5,2.0,2026-01-22
ASS000634,EMP0142,Finance,Beginner,2,,2026-01-24
ASS000635,EMP0143,Leadership,Expert,2,3.0,2026-05-02
ASS000636,EMP0143,Excel,Intermediate,4,3.0,2026-03-10
ASS000637,EMP0143,Data Analysis,Expert,4,,2026-03-10
ASS000638,EMP0143,Python,Beginner,2,4.0,2026-05-27
ASS000639,EMP0143,Project Management,Advanced,4,,2026-04-21
ASS000640,EMP0143,Negotiation,Expert,4,2.0,2026-01-11
ASS000641,EMP0143,Compliance,Intermediate,1,2.0,2026-05-13
ASS000642,EMP0144,Sales,Intermediate,4,3.0,2026-05-08
ASS000643,EMP0144,Data Analysis,Expert,2,2.0,2026-04-06
ASS000644,EMP0144,Power BI,Intermediate,2,3.0,2026-04-30
ASS000645,EMP0144,SQL,Advanced,5,4.0,2026-04-01
ASS000646,EMP0144,Machine Learning,Intermediate,1,4.0,2026-04-18
ASS000647,EMP0144,Azure,Expert,1,5.0,2026-02-17
ASS000648,EMP0144,Compliance,Intermediate,1,,2026-01-29
ASS000649,EMP0144,Communication,Advanced,2,5.0,2026-05-18
ASS000650,EMP0146,Excel,Advanced,1,,2026-01-31
ASS000651,EMP0146,Machine Learning,Intermediate,1,,2026-02-24
ASS000652,EMP0146,Data Analysis,Intermediate,4,1.0,2026-03-13
ASS000653,EMP0146,SQL,Beginner,3,2.0,2026-05-13
ASS000654,EMP0146,Negotiation,Expert,3,5.0,2025-12-29
ASS000655,EMP0146,Finance,Beginner,4,5.0,2026-02-17
ASS000656,EMP0146,Agile,Advanced,5,3.0,2026-04-01
ASS000657,EMP0146,Communication,Advanced,2,,2026-01-28
ASS000658,EMP0147,Machine Learning,Intermediate,4,4.0,2026-01-14
ASS000659,EMP0147,Finance,Expert,4,5.0,2026-03-17
ASS000660,EMP0147,Azure,Expert,4,2.0,2026-02-19
ASS000661,EMP0147,SQL,Expert,1,,2026-05-11
ASS000662,EMP0147,Compliance,Advanced,1,5.0,2025-12-25
ASS000663,EMP0147,Communication,Advanced,2,5.0,2025-12-16
ASS000664,EMP0149,Sales,Intermediate,2,,2026-04-08
ASS000665,EMP0149,Data Analysis,Beginner,4,1.0,2026-02-20
ASS000666,EMP0149,Finance,Beginner,1,,2025-12-27
ASS000667,EMP0149,Excel,Intermediate,5,,2026-02-09
ASS000668,EMP0149,Power BI,Beginner,3,,2026-05-06
ASS000669,EMP0149,Communication,Intermediate,4,4.0,2026-04-10
ASS000670,EMP0149,Project Management,Intermediate,1,,2026-04-04
ASS000671,EMP0150,Python,Expert,3,5.0,2025-12-15
ASS000672,EMP0150,SQL,Advanced,5,1.0,2026-02-16
ASS000673,EMP0150,Agile,Expert,2,1.0,2026-02-23
ASS000674,EMP0150,Negotiation,Expert,5,4.0,2026-03-11
ASS000675,EMP0150,Data Analysis,Intermediate,4,1.0,2026-04-03
ASS000676,EMP0150,Communication,Expert,1,,2026-01-15
ASS000677,EMP0150,Compliance,Intermediate,4,,2026-02-08
ASS000678,EMP0151,Sales,Expert,5,2.0,2026-06-03
ASS000679,EMP0151,Power BI,Advanced,3,4.0,2025-12-31
ASS000680,EMP0151,Python,Advanced,3,4.0,2026-04-10
ASS000681,EMP0151,Leadership,Intermediate,2,4.0,2026-03-12
ASS000682,EMP0152,SQL,Advanced,3,1.0,2026-05-22
ASS000683,EMP0152,Agile,Expert,4,,2026-05-17
ASS000684,EMP0152,Sales,Intermediate,4,,2026-04-04
ASS000685,EMP0153,Data Analysis,Expert,1,,2026-05-07
ASS000686,EMP0153,Leadership,Advanced,5,3.0,2026-03-18
ASS000687,EMP0153,Communication,Expert,4,5.0,2026-02-06
ASS000688,EMP0153,Agile,Intermediate,2,4.0,2026-02-02
ASS000689,EMP0153,Negotiation,Advanced,4,,2026-02-23
ASS000690,EMP0153,Sales,Intermediate,2,4.0,2026-04-18
ASS000691,EMP0154,Agile,Advanced,3,4.0,2026-02-24
ASS000692,EMP0154,Finance,Advanced,5,4.0,2026-05-05
ASS000693,EMP0154,Compliance,Beginner,3,2.0,2026-02-02
ASS000694,EMP0154,Leadership,Expert,3,1.0,2026-04-29
ASS000695,EMP0154,Machine Learning,Intermediate,3,,2026-02-20
ASS000696,EMP0154,Communication,Intermediate,4,5.0,2026-04-16
ASS000697,EMP0156,Data Analysis,Expert,3,5.0,2026-01-30
ASS000698,EMP0156,Negotiation,Advanced,1,,2026-05-16
ASS000699,EMP0156,Excel,Advanced,3,1.0,2026-05-10
ASS000700,EMP0157,Data Analysis,Intermediate,5,4.0,2026-04-03
ASS000701,EMP0157,Python,Intermediate,2,1.0,2026-01-28
ASS000702,EMP0157,Leadership,Expert,5,5.0,2025-12-19
ASS000703,EMP0157,Azure,Advanced,1,4.0,2026-01-21
ASS000704,EMP0157,Agile,Beginner,3,,2025-12-11
ASS000705,EMP0157,Negotiation,Expert,2,,2026-04-27
ASS000706,EMP0158,Compliance,Intermediate,4,2.0,2026-05-29
ASS000707,EMP0158,Python,Expert,5,2.0,2026-06-02
ASS000708,EMP0158,Leadership,Advanced,4,4.0,2026-02-01
ASS000709,EMP0158,SQL,Expert,4,2.0,2026-01-22
ASS000710,EMP0158,Agile,Intermediate,4,,2026-05-12
ASS000711,EMP0159,Machine Learning,Beginner,5,,2026-05-18
ASS000712,EMP0159,Project Management,Beginner,1,1.0,2026-01-15
ASS000713,EMP0159,Excel,Expert,4,,2026-05-16
ASS000714,EMP0159,SQL,Beginner,5,4.0,2026-02-07
ASS000715,EMP0159,Leadership,Advanced,5,4.0,2026-03-31
ASS000716,EMP0159,Agile,Expert,2,2.0,2026-05-28
ASS000717,EMP0159,Power BI,Beginner,4,,2026-01-29
ASS000718,EMP0160,Agile,Advanced,3,4.0,2026-03-24
ASS000719,EMP0160,Leadership,Intermediate,3,,2026-05-17
ASS000720,EMP0160,Project Management,Advanced,2,2.0,2026-05-08
ASS000721,EMP0160,Sales,Expert,1,5.0,2026-03-12
ASS000722,EMP0161,Communication,Beginner,5,1.0,2026-01-11
ASS000723,EMP0161,Finance,Intermediate,2,4.0,2026-06-08
ASS000724,EMP0161,Project Management,Beginner,2,2.0,2026-01-16
ASS000725,EMP0161,Python,Expert,4,,2026-04-06
ASS000726,EMP0161,Compliance,Advanced,1,2.0,2026-06-06
ASS000727,EMP0162,Project Management,Beginner,3,5.0,2026-05-11
ASS000728,EMP0162,Communication,Beginner,4,1.0,2026-04-12
ASS000729,EMP0162,Data Analysis,Expert,3,,2025-12-17
ASS000730,EMP0162,Agile,Expert,3,,2025-12-18
ASS000731,EMP0163,Data Analysis,Expert,5,5.0,2026-01-18
ASS000732,EMP0163,Azure,Beginner,2,,2026-05-23
ASS000733,EMP0163,Finance,Advanced,4,,2026-05-28
ASS000734,EMP0163,Agile,Advanced,3,1.0,2026-05-29
ASS000735,EMP0163,Sales,Advanced,3,4.0,2026-01-16
ASS000736,EMP0163,Excel,Beginner,5,,2026-01-03
ASS000737,EMP0164,Data Analysis,Advanced,2,1.0,2026-03-04
ASS000738,EMP0164,Compliance,Expert,5,5.0,2026-03-19
ASS000739,EMP0164,Agile,Advanced,3,1.0,2026-03-28
ASS000740,EMP0164,Azure,Advanced,5,,2026-01-19
ASS000741,EMP0164,Sales,Intermediate,1,3.0,2026-03-06
ASS000742,EMP0164,Communication,Beginner,3,,2026-04-10
ASS000743,EMP0165,Finance,Beginner,2,5.0,2026-04-18
ASS000744,EMP0165,Python,Expert,4,,2025-12-15
ASS000745,EMP0165,SQL,Intermediate,2,4.0,2026-02-17
ASS000746,EMP0165,Negotiation,Advanced,1,1.0,2026-03-06
ASS000747,EMP0165,Leadership,Beginner,3,,2026-05-14
ASS000748,EMP0165,Power BI,Beginner,2,2.0,2026-06-08
ASS000749,EMP0165,Azure,Intermediate,1,,2026-05-28
ASS000750,EMP0167,Machine Learning,Advanced,2,,2026-04-19
ASS000751,EMP0167,Leadership,Intermediate,1,4.0,2026-03-21
ASS000752,EMP0167,Azure,Intermediate,1,1.0,2026-05-12
ASS000753,EMP0167,SQL,Beginner,5,,2025-12-22
ASS000754,EMP0167,Data Analysis,Advanced,3,4.0,2026-01-22
ASS000755,EMP0167,Compliance,Advanced,4,4.0,2026-04-07
ASS000756,EMP0167,Python,Expert,2,5.0,2026-05-05
ASS000757,EMP0167,Sales,Intermediate,3,3.0,2026-04-14
ASS000758,EMP0168,Leadership,Expert,2,2.0,2026-05-08
ASS000759,EMP0168,Azure,Intermediate,4,2.0,2026-04-04
ASS000760,EMP0168,Data Analysis,Advanced,1,2.0,2026-05-29
ASS000761,EMP0168,SQL,Advanced,3,4.0,2026-05-10
ASS000762,EMP0168,Agile,Beginner,3,5.0,2025-12-19
ASS000763,EMP0168,Negotiation,Intermediate,1,1.0,2026-04-02
ASS000764,EMP0168,Finance,Expert,5,3.0,2026-01-31
ASS000765,EMP0168,Power BI,Expert,4,,2026-05-15
ASS000766,EMP0169,Python,Advanced,5,3.0,2026-05-03
ASS000767,EMP0169,Compliance,Beginner,5,3.0,2026-02-05
ASS000768,EMP0169,Negotiation,Expert,3,,2026-06-07
ASS000769,EMP0169,Excel,Advanced,1,4.0,2026-04-06
ASS000770,EMP0169,Data Analysis,Advanced,3,5.0,2026-04-25
ASS000771,EMP0171,Leadership,Beginner,1,2.0,2026-04-19
ASS000772,EMP0171,Compliance,Intermediate,4,3.0,2026-02-07
ASS000773,EMP0171,Agile,Expert,4,4.0,2026-02-02
ASS000774,EMP0171,Data Analysis,Advanced,5,3.0,2026-02-04
ASS000775,EMP0174,SQL,Expert,5,1.0,2025-12-14
ASS000776,EMP0174,Power BI,Expert,1,3.0,2026-06-02
ASS000777,EMP0174,Azure,Advanced,5,5.0,2026-05-22
ASS000778,EMP0174,Data Analysis,Advanced,5,4.0,2026-03-11
ASS000779,EMP0174,Project Management,Advanced,1,2.0,2026-01-18
ASS000780,EMP0174,Compliance,Advanced,4,4.0,2026-01-03
ASS000781,EMP0174,Excel,Intermediate,3,2.0,2026-02-16
ASS000782,EMP0174,Finance,Beginner,2,4.0,2026-03-08
ASS000783,EMP0175,Machine Learning,Advanced,1,2.0,2026-03-16
ASS000784,EMP0175,Negotiation,Intermediate,4,2.0,2026-05-16
ASS000785,EMP0175,Finance,Beginner,3,1.0,2026-04-25
ASS000786,EMP0175,Python,Intermediate,3,,2026-06-05
ASS000787,EMP0175,Communication,Beginner,1,3.0,2026-02-14
ASS000788,EMP0176,Azure,Advanced,4,1.0,2026-03-03
ASS000789,EMP0176,Finance,Intermediate,2,4.0,2026-04-26
ASS000790,EMP0176,Excel,Expert,4,5.0,2026-05-19
ASS000791,EMP0176,Leadership,Advanced,1,5.0,2025-12-29
ASS000792,EMP0176,Negotiation,Beginner,5,1.0,2026-02-06
ASS000793,EMP0176,Machine Learning,Intermediate,1,3.0,2026-06-06
ASS000794,EMP0176,Sales,Advanced,4,2.0,2025-12-29
ASS000795,EMP0177,Negotiation,Beginner,5,2.0,2026-05-29
ASS000796,EMP0177,Machine Learning,Beginner,4,,2026-04-02
ASS000797,EMP0177,Project Management,Advanced,1,1.0,2026-02-21
ASS000798,EMP0177,Compliance,Advanced,5,,2025-12-26
ASS000799,EMP0177,Azure,Beginner,1,2.0,2026-01-14
ASS000800,EMP0177,Sales,Beginner,2,1.0,2025-12-17
ASS000801,EMP0177,Communication,Intermediate,2,5.0,2026-03-05
ASS000802,EMP0177,Data Analysis,Intermediate,4,2.0,2026-06-06
ASS000803,EMP0178,Sales,Expert,5,,2026-04-17
ASS000804,EMP0178,Agile,Beginner,5,2.0,2026-03-24
ASS000805,EMP0178,Azure,Advanced,3,4.0,2026-03-22
ASS000806,EMP0179,Finance,Expert,4,3.0,2026-05-31
ASS000807,EMP0179,Agile,Intermediate,1,3.0,2026-03-21
ASS000808,EMP0179,Communication,Beginner,2,,2026-05-04
ASS000809,EMP0180,Communication,Advanced,3,3.0,2026-03-11
ASS000810,EMP0180,Excel,Intermediate,2,5.0,2026-05-19
ASS000811,EMP0180,Project Management,Expert,4,,2026-04-05
ASS000812,EMP0180,Compliance,Advanced,5,,2026-04-25
ASS000813,EMP0180,Power BI,Expert,4,3.0,2026-02-02
ASS000814,EMP0180,Agile,Intermediate,3,4.0,2026-04-19
ASS000815,EMP0181,Excel,Intermediate,5,3.0,2026-01-28
ASS000816,EMP0181,Agile,Beginner,3,4.0,2026-02-27
ASS000817,EMP0181,Communication,Advanced,2,,2026-02-03
ASS000818,EMP0182,Power BI,Beginner,5,4.0,2026-02-01
ASS000819,EMP0182,Sales,Expert,4,5.0,2025-12-23
ASS000820,EMP0182,Communication,Beginner,5,,2026-01-07
ASS000821,EMP0183,Finance,Expert,5,2.0,2026-06-04
ASS000822,EMP0183,Agile,Beginner,2,2.0,2026-03-15
ASS000823,EMP0183,Power BI,Advanced,1,1.0,2026-01-20
ASS000824,EMP0183,Azure,Expert,4,5.0,2026-02-12
ASS000825,EMP0183,Sales,Expert,5,,2026-02-01
ASS000826,EMP0183,Compliance,Advanced,3,3.0,2026-04-21
ASS000827,EMP0183,Excel,Expert,4,3.0,2026-05-20
ASS000828,EMP0184,Data Analysis,Advanced,3,,2026-05-03
ASS000829,EMP0184,Communication,Intermediate,4,4.0,2026-04-17
ASS000830,EMP0184,Agile,Expert,3,5.0,2026-01-31
ASS000831,EMP0184,Sales,Intermediate,4,2.0,2026-03-12
ASS000832,EMP0184,Python,Beginner,3,3.0,2026-03-05
ASS000833,EMP0184,Negotiation,Advanced,2,3.0,2026-01-14
ASS000834,EMP0185,Python,Beginner,5,3.0,2026-03-10
ASS000835,EMP0185,Excel,Beginner,3,,2026-01-28
ASS000836,EMP0185,Power BI,Advanced,1,1.0,2026-04-01
ASS000837,EMP0186,Leadership,Beginner,2,,2026-05-31
ASS000838,EMP0186,Sales,Advanced,1,3.0,2026-01-16
ASS000839,EMP0186,Compliance,Intermediate,2,5.0,2026-05-29
ASS000840,EMP0186,Python,Expert,4,2.0,2026-01-16
ASS000841,EMP0186,Agile,Expert,5,1.0,2026-05-11
ASS000842,EMP0186,Communication,Advanced,2,,2026-03-27
ASS000843,EMP0186,Finance,Beginner,1,5.0,2026-04-10
ASS000844,EMP0187,Negotiation,Beginner,1,2.0,2026-04-07
ASS000845,EMP0187,Compliance,Beginner,5,,2026-03-10
ASS000846,EMP0187,Project Management,Advanced,5,4.0,2026-02-19
ASS000847,EMP0189,Machine Learning,Advanced,5,1.0,2026-01-02
ASS000848,EMP0189,Python,Advanced,2,5.0,2026-05-20
ASS000849,EMP0189,Leadership,Intermediate,1,1.0,2026-04-12
ASS000850,EMP0189,Power BI,Expert,4,3.0,2026-01-04
ASS000851,EMP0189,Project Management,Intermediate,1,1.0,2026-04-06
ASS000852,EMP0189,Compliance,Intermediate,2,,2026-03-28
ASS000853,EMP0189,Negotiation,Expert,3,2.0,2026-05-20
ASS000854,EMP0190,SQL,Advanced,2,,2026-01-05
ASS000855,EMP0190,Excel,Expert,3,,2025-12-28
ASS000856,EMP0190,Project Management,Intermediate,4,3.0,2026-02-26
ASS000857,EMP0190,Azure,Beginner,2,,2026-02-27
ASS000858,EMP0190,Power BI,Beginner,4,3.0,2026-03-20
ASS000859,EMP0190,Python,Beginner,4,3.0,2026-03-09
ASS000860,EMP0192,Leadership,Intermediate,1,4.0,2026-04-12
ASS000861,EMP0192,Agile,Expert,1,,2026-05-01
ASS000862,EMP0192,Power BI,Advanced,1,,2026-06-02
ASS000863,EMP0192,Communication,Advanced,4,1.0,2026-03-04
ASS000864,EMP0192,Project Management,Beginner,3,1.0,2026-05-10
ASS000865,EMP0193,Power BI,Beginner,4,5.0,2026-01-19
ASS000866,EMP0193,SQL,Intermediate,2,2.0,2026-04-02
ASS000867,EMP0193,Negotiation,Intermediate,2,,2026-05-28
ASS000868,EMP0194,Excel,Advanced,1,4.0,2026-02-13
ASS000869,EMP0194,Data Analysis,Expert,1,5.0,2026-02-07
ASS000870,EMP0194,Agile,Intermediate,2,5.0,2026-01-24
ASS000871,EMP0194,Negotiation,Beginner,2,,2026-02-26
ASS000872,EMP0194,Machine Learning,Advanced,4,3.0,2026-04-12
ASS000873,EMP0195,Leadership,Beginner,1,3.0,2026-03-27
ASS000874,EMP0195,Negotiation,Beginner,3,,2026-04-08
ASS000875,EMP0195,SQL,Intermediate,2,,2026-05-10
ASS000876,EMP0195,Machine Learning,Advanced,2,,2026-03-02
ASS000877,EMP0195,Python,Intermediate,2,,2026-03-15
ASS000878,EMP0195,Power BI,Advanced,3,,2026-04-26
ASS000879,EMP0195,Sales,Beginner,1,5.0,2026-06-04
ASS000880,EMP0195,Excel,Advanced,1,3.0,2026-01-25
ASS000881,EMP0196,Agile,Beginner,4,,2026-05-05
ASS000882,EMP0196,Project Management,Advanced,4,,2026-05-19
ASS000883,EMP0196,Python,Intermediate,3,5.0,2026-01-13
ASS000884,EMP0196,Sales,Intermediate,2,5.0,2026-05-05
ASS000885,EMP0196,Negotiation,Expert,1,5.0,2026-02-22
ASS000886,EMP0196,Power BI,Expert,5,,2026-02-23
ASS000887,EMP0197,Project Management,Intermediate,5,,2026-05-08
ASS000888,EMP0197,Leadership,Beginner,1,3.0,2026-06-02
ASS000889,EMP0197,Python,Beginner,4,5.0,2026-01-17
ASS000890,EMP0197,Compliance,Intermediate,1,2.0,2026-06-02
ASS000891,EMP0197,Machine Learning,Expert,3,1.0,2026-03-22
ASS000892,EMP0197,SQL,Advanced,3,,2026-02-17
ASS000893,EMP0197,Agile,Advanced,3,3.0,2026-04-01
ASS000894,EMP0198,Agile,Beginner,4,4.0,2026-05-28
ASS000895,EMP0198,Compliance,Advanced,1,4.0,2026-01-15
ASS000896,EMP0198,Leadership,Beginner,4,3.0,2026-03-04
ASS000897,EMP0198,Project Management,Intermediate,2,5.0,2026-04-18
ASS000898,EMP0199,Communication,Expert,1,,2026-03-06
ASS000899,EMP0199,Python,Beginner,1,,2026-04-08
ASS000900,EMP0199,Finance,Intermediate,4,5.0,2026-04-16
ASS000901,EMP0199,Power BI,Beginner,5,,2026-04-01
ASS000902,EMP0200,Compliance,Expert,1,,2026-01-18
ASS000903,EMP0200,Data Analysis,Intermediate,4,2.0,2026-03-23
ASS000904,EMP0200,SQL,Beginner,3,5.0,2026-03-11
ASS000905,EMP0201,Compliance,Expert,2,5.0,2026-01-05
ASS000906,EMP0201,Project Management,Beginner,1,4.0,2026-04-16
ASS000907,EMP0201,Agile,Expert,3,4.0,2026-03-08
ASS000908,EMP0201,Python,Intermediate,3,3.0,2026-02-25
ASS000909,EMP0201,SQL,Beginner,5,2.0,2025-12-18
ASS000910,EMP0201,Excel,Advanced,1,3.0,2026-02-27
ASS000911,EMP0202,Compliance,Expert,3,5.0,2026-01-14
ASS000912,EMP0202,Negotiation,Advanced,1,,2026-02-18
ASS000913,EMP0202,Machine Learning,Beginner,4,3.0,2026-05-31
ASS000914,EMP0202,Agile,Expert,4,,2026-03-26
ASS000915,EMP0203,Data Analysis,Beginner,4,3.0,2026-03-20
ASS000916,EMP0203,Power BI,Expert,3,5.0,2026-01-26
ASS000917,EMP0203,Negotiation,Advanced,5,3.0,2026-04-17
ASS000918,EMP0204,Excel,Beginner,2,1.0,2026-05-24
ASS000919,EMP0204,Azure,Beginner,5,,2026-04-25
ASS000920,EMP0204,Data Analysis,Expert,3,5.0,2026-01-04
ASS000921,EMP0204,Compliance,Intermediate,4,1.0,2026-04-02
ASS000922,EMP0204,Leadership,Beginner,5,5.0,2026-04-02
ASS000923,EMP0204,Communication,Intermediate,2,1.0,2026-01-21
ASS000924,EMP0204,Project Management,Beginner,2,4.0,2026-03-29
ASS000925,EMP0205,Python,Intermediate,5,4.0,2026-02-22
ASS000926,EMP0205,Leadership,Intermediate,2,3.0,2026-01-15
ASS000927,EMP0205,Sales,Expert,2,,2026-04-06
ASS000928,EMP0205,Communication,Advanced,5,3.0,2026-03-14
ASS000929,EMP0206,SQL,Advanced,3,,2026-01-25
ASS000930,EMP0206,Agile,Intermediate,2,,2026-01-23
ASS000931,EMP0206,Power BI,Beginner,4,5.0,2026-03-05
ASS000932,EMP0206,Data Analysis,Advanced,1,5.0,2026-04-16
ASS000933,EMP0206,Finance,Advanced,4,1.0,2026-02-10
ASS000934,EMP0206,Communication,Advanced,4,4.0,2026-05-01
ASS000935,EMP0206,Azure,Expert,5,,2026-02-07
ASS000936,EMP0207,SQL,Intermediate,3,2.0,2026-02-17
ASS000937,EMP0207,Power BI,Intermediate,5,1.0,2025-12-24
ASS000938,EMP0207,Sales,Advanced,4,5.0,2026-01-07
ASS000939,EMP0207,Excel,Expert,2,,2026-02-02
ASS000940,EMP0208,Python,Expert,3,2.0,2026-05-31
ASS000941,EMP0208,Negotiation,Advanced,2,,2025-12-30
ASS000942,EMP0208,Finance,Expert,5,4.0,2025-12-12
ASS000943,EMP0208,Azure,Advanced,3,,2026-04-01
ASS000944,EMP0208,Communication,Advanced,2,5.0,2026-04-15
ASS000945,EMP0208,Machine Learning,Advanced,3,1.0,2026-05-13
ASS000946,EMP0208,Leadership,Beginner,1,,2026-05-27
ASS000947,EMP0210,Finance,Intermediate,3,,2026-04-04
ASS000948,EMP0210,Negotiation,Intermediate,1,1.0,2026-01-01
ASS000949,EMP0210,Machine Learning,Beginner,5,5.0,2026-03-02
ASS000950,EMP0210,Project Management,Beginner,2,5.0,2026-01-28
ASS000951,EMP0210,Excel,Advanced,4,3.0,2026-01-21
ASS000952,EMP0210,Agile,Advanced,5,1.0,2025-12-31
ASS000953,EMP0211,Leadership,Beginner,2,,2026-02-21
ASS000954,EMP0211,Negotiation,Expert,1,4.0,2026-02-05
ASS000955,EMP0211,Project Management,Intermediate,4,,2026-05-22
ASS000956,EMP0212,Agile,Beginner,2,2.0,2026-02-15
ASS000957,EMP0212,Leadership,Advanced,4,2.0,2026-01-08
ASS000958,EMP0212,Excel,Intermediate,5,,2026-03-16
ASS000959,EMP0212,Communication,Beginner,4,,2026-02-06
ASS000960,EMP0212,Power BI,Intermediate,3,1.0,2026-06-07
ASS000961,EMP0214,Agile,Expert,1,2.0,2026-06-09
ASS000962,EMP0214,Leadership,Beginner,1,3.0,2026-01-01
ASS000963,EMP0214,Excel,Expert,2,1.0,2026-01-30
ASS000964,EMP0214,Project Management,Beginner,2,,2026-01-13
ASS000965,EMP0214,Sales,Intermediate,3,4.0,2026-02-15
ASS000966,EMP0214,Python,Expert,1,1.0,2026-06-05
ASS000967,EMP0214,Machine Learning,Advanced,4,,2026-05-21
ASS000968,EMP0215,Data Analysis,Advanced,1,,2026-04-21
ASS000969,EMP0215,Negotiation,Intermediate,4,1.0,2026-01-07
ASS000970,EMP0215,Leadership,Advanced,5,1.0,2026-02-13
ASS000971,EMP0217,Negotiation,Beginner,3,5.0,2026-01-13
ASS000972,EMP0217,Finance,Beginner,3,,2026-05-16
ASS000973,EMP0217,Leadership,Advanced,5,,2025-12-28
ASS000974,EMP0217,Data Analysis,Beginner,1,2.0,2026-04-01
ASS000975,EMP0217,SQL,Advanced,5,,2026-01-01
ASS000976,EMP0217,Project Management,Advanced,1,2.0,2026-05-18
ASS000977,EMP0218,Leadership,Beginner,3,4.0,2026-02-11
ASS000978,EMP0218,Negotiation,Intermediate,1,2.0,2026-05-19
ASS000979,EMP0218,Compliance,Beginner,1,1.0,2026-01-10
ASS000980,EMP0218,Communication,Beginner,5,3.0,2026-04-26
ASS000981,EMP0218,Machine Learning,Advanced,4,5.0,2026-03-21
ASS000982,EMP0218,Sales,Expert,4,3.0,2026-03-27
ASS000983,EMP0218,Azure,Beginner,5,,2026-01-16
ASS000984,EMP0219,SQL,Expert,3,5.0,2026-01-04
ASS000985,EMP0219,Azure,Advanced,2,1.0,2026-03-30
ASS000986,EMP0219,Sales,Beginner,1,,2025-12-23
ASS000987,EMP0219,Communication,Advanced,2,,2026-02-19
ASS000988,EMP0219,Project Management,Expert,5,2.0,2026-02-05
ASS000989,EMP0219,Leadership,Intermediate,5,,2026-04-29
ASS000990,EMP0219,Agile,Beginner,2,,2026-05-01
ASS000991,EMP0220,Agile,Intermediate,1,3.0,2026-01-28
ASS000992,EMP0220,Excel,Advanced,2,,2026-03-03
ASS000993,EMP0220,Communication,Expert,1,4.0,2026-02-24
ASS000994,EMP0220,Power BI,Beginner,3,5.0,2026-06-07
ASS000995,EMP0220,Finance,Intermediate,5,4.0,2026-04-14
ASS000996,EMP0220,Project Management,Expert,4,3.0,2025-12-21
ASS000997,EMP0220,SQL,Expert,4,1.0,2025-12-19
ASS000998,EMP0220,Azure,Expert,3,,2026-02-06
ASS000999,EMP0221,Python,Expert,2,,2026-03-11
ASS001000,EMP0221,Agile,Intermediate,3,,2026-03-05
ASS001001,EMP0221,Azure,Advanced,3,4.0,2026-05-05
ASS001002,EMP0221,Finance,Intermediate,5,,2026-05-24
ASS001003,EMP0221,Compliance,Expert,2,3.0,2026-04-26
ASS001004,EMP0221,Leadership,Intermediate,2,1.0,2026-05-16
ASS001005,EMP0221,SQL,Intermediate,5,4.0,2026-04-16
ASS001006,EMP0221,Sales,Intermediate,2,4.0,2026-03-28
ASS001007,EMP0223,Communication,Advanced,4,2.0,2025-12-26
ASS001008,EMP0223,Data Analysis,Advanced,5,,2026-05-19
ASS001009,EMP0223,Python,Beginner,4,5.0,2026-01-16
ASS001010,EMP0223,Project Management,Beginner,2,3.0,2026-04-27
ASS001011,EMP0223,Finance,Expert,1,4.0,2026-05-26
ASS001012,EMP0223,Excel,Beginner,4,1.0,2026-04-30
ASS001013,EMP0223,Power BI,Advanced,5,,2026-04-02
ASS001014,EMP0223,Azure,Expert,2,4.0,2026-02-22
ASS001015,EMP0224,Communication,Beginner,3,3.0,2025-12-25
ASS001016,EMP0224,Negotiation,Advanced,5,,2026-02-19
ASS001017,EMP0224,Agile,Advanced,2,,2026-02-21
ASS001018,EMP0224,Power BI,Advanced,3,,2026-05-19
ASS001019,EMP0224,SQL,Intermediate,1,5.0,2025-12-24
ASS001020,EMP0224,Azure,Advanced,3,,2026-03-01
ASS001021,EMP0224,Data Analysis,Intermediate,3,,2026-05-05
ASS001022,EMP0225,Agile,Beginner,2,4.0,2026-01-25
ASS001023,EMP0225,SQL,Expert,3,1.0,2026-05-26
ASS001024,EMP0225,Python,Advanced,1,,2026-03-16
ASS001025,EMP0225,Machine Learning,Intermediate,4,2.0,2026-01-07
ASS001026,EMP0225,Communication,Intermediate,3,,2026-05-28
ASS001027,EMP0225,Project Management,Expert,5,4.0,2026-05-29
ASS001028,EMP0225,Excel,Beginner,2,2.0,2026-01-22
ASS001029,EMP0225,Leadership,Beginner,2,4.0,2025-12-23
ASS001030,EMP0226,Compliance,Advanced,4,3.0,2026-05-30
ASS001031,EMP0226,Machine Learning,Intermediate,1,,2026-01-11
ASS001032,EMP0226,Sales,Expert,3,4.0,2026-01-27
ASS001033,EMP0226,Negotiation,Expert,2,,2026-02-08
ASS001034,EMP0226,Agile,Intermediate,2,1.0,2026-06-03
ASS001035,EMP0226,Azure,Beginner,5,2.0,2026-01-27
ASS001036,EMP0226,Leadership,Beginner,4,3.0,2026-05-12
ASS001037,EMP0227,Agile,Beginner,5,2.0,2026-04-27
ASS001038,EMP0227,Excel,Expert,3,3.0,2026-04-29
ASS001039,EMP0227,Sales,Beginner,1,2.0,2025-12-24
ASS001040,EMP0227,Python,Intermediate,3,,2026-01-29
ASS001041,EMP0227,Negotiation,Beginner,5,,2025-12-20
ASS001042,EMP0227,Azure,Intermediate,5,,2026-03-03
ASS001043,EMP0227,Data Analysis,Beginner,4,4.0,2026-03-24
ASS001044,EMP0228,Sales,Advanced,5,4.0,2026-05-27
ASS001045,EMP0228,Finance,Beginner,2,1.0,2026-02-03
ASS001046,EMP0228,Agile,Intermediate,3,3.0,2026-01-21
ASS001047,EMP0228,Azure,Intermediate,3,1.0,2025-12-19
ASS001048,EMP0228,Power BI,Expert,3,,2025-12-20
ASS001049,EMP0228,SQL,Beginner,3,1.0,2025-12-24
ASS001050,EMP0229,Sales,Intermediate,1,,2026-02-20
ASS001051,EMP0229,Excel,Advanced,4,2.0,2025-12-20
ASS001052,EMP0229,SQL,Expert,2,2.0,2026-04-22
ASS001053,EMP0231,Machine Learning,Expert,2,4.0,2026-02-22
ASS001054,EMP0231,Leadership,Beginner,5,5.0,2026-06-02
ASS001055,EMP0231,Communication,Expert,5,4.0,2026-03-16
ASS001056,EMP0231,Negotiation,Expert,4,3.0,2026-05-28
ASS001057,EMP0232,Azure,Expert,1,,2026-01-21
ASS001058,EMP0232,Data Analysis,Beginner,5,2.0,2026-04-09
ASS001059,EMP0232,Project Management,Expert,2,,2026-03-19
ASS001060,EMP0233,Azure,Advanced,3,5.0,2026-03-01
ASS001061,EMP0233,Python,Beginner,4,2.0,2026-02-03
ASS001062,EMP0233,Excel,Beginner,5,1.0,2026-03-18
ASS001063,EMP0233,Leadership,Expert,3,1.0,2026-01-28
ASS001064,EMP0233,SQL,Beginner,3,3.0,2026-03-20
ASS001065,EMP0233,Machine Learning,Advanced,5,,2026-03-31
ASS001066,EMP0235,Finance,Advanced,2,2.0,2025-12-17
ASS001067,EMP0235,Data Analysis,Advanced,3,5.0,2026-01-17
ASS001068,EMP0235,Sales,Intermediate,5,,2025-12-27
ASS001069,EMP0236,Machine Learning,Expert,4,,2025-12-22
ASS001070,EMP0236,Leadership,Expert,1,2.0,2026-03-10
ASS001071,EMP0236,Excel,Advanced,2,,2026-06-03
ASS001072,EMP0236,Python,Advanced,3,3.0,2026-04-30
ASS001073,EMP0236,Communication,Advanced,2,3.0,2026-02-04
ASS001074,EMP0236,Azure,Beginner,4,5.0,2026-04-28
ASS001075,EMP0236,Data Analysis,Expert,4,5.0,2026-05-30
ASS001076,EMP0236,Compliance,Intermediate,2,1.0,2026-05-08
ASS001077,EMP0237,Negotiation,Intermediate,1,1.0,2026-05-09
ASS001078,EMP0237,Python,Advanced,4,1.0,2026-01-04
ASS001079,EMP0237,Project Management,Intermediate,3,4.0,2026-02-20
ASS001080,EMP0238,Project Management,Expert,4,5.0,2026-03-02
ASS001081,EMP0238,Data Analysis,Advanced,3,,2026-03-05
ASS001082,EMP0238,Negotiation,Intermediate,3,4.0,2025-12-23
ASS001083,EMP0238,Python,Advanced,5,4.0,2025-12-27
ASS001084,EMP0238,Excel,Beginner,1,5.0,2026-03-11
ASS001085,EMP0238,SQL,Expert,1,,2026-01-10
ASS001086,EMP0238,Finance,Advanced,4,3.0,2026-04-18
ASS001087,EMP0238,Sales,Advanced,2,1.0,2026-03-11
ASS001088,EMP0239,Power BI,Expert,5,5.0,2026-05-30
ASS001089,EMP0239,Excel,Expert,3,1.0,2026-05-07
ASS001090,EMP0239,Communication,Intermediate,1,,2026-01-24
ASS001091,EMP0239,Sales,Beginner,4,5.0,2026-05-31
ASS001092,EMP0240,Data Analysis,Expert,1,,2026-03-23
ASS001093,EMP0240,Machine Learning,Beginner,1,2.0,2025-12-22
ASS001094,EMP0240,Compliance,Beginner,5,3.0,2026-01-28
ASS001095,EMP0240,Power BI,Intermediate,2,,2026-01-31
ASS001096,EMP0240,Excel,Advanced,4,1.0,2026-03-20
ASS001097,EMP0240,Communication,Beginner,2,5.0,2025-12-27
ASS001098,EMP0240,Negotiation,Expert,1,,2026-02-02
ASS001099,EMP0240,Sales,Intermediate,4,,2026-05-02
ASS001100,EMP0241,Leadership,Expert,3,,2026-05-18
ASS001101,EMP0241,Communication,Advanced,2,3.0,2025-12-29
ASS001102,EMP0241,Finance,Intermediate,2,,2026-05-20
ASS001103,EMP0241,Sales,Advanced,3,,2025-12-24
ASS001104,EMP0242,Machine Learning,Intermediate,1,4.0,2025-12-31
ASS001105,EMP0242,Compliance,Intermediate,4,2.0,2025-12-21
ASS001106,EMP0242,Python,Beginner,3,2.0,2025-12-26
ASS001107,EMP0243,Excel,Intermediate,5,,2026-01-06
ASS001108,EMP0243,Agile,Advanced,4,,2026-05-22
ASS001109,EMP0243,Power BI,Expert,1,3.0,2026-04-20
ASS001110,EMP0243,Sales,Advanced,3,4.0,2026-05-14
ASS001111,EMP0243,Communication,Beginner,5,,2026-05-21
ASS001112,EMP0243,Project Management,Advanced,3,,2026-05-08
ASS001113,EMP0243,Azure,Advanced,5,4.0,2026-03-24
ASS001114,EMP0243,Leadership,Intermediate,5,5.0,2026-01-01
ASS001115,EMP0244,Compliance,Beginner,2,2.0,2026-01-18
ASS001116,EMP0244,Machine Learning,Advanced,5,2.0,2026-05-20
ASS001117,EMP0244,Agile,Advanced,5,,2026-01-20
ASS001118,EMP0244,Sales,Advanced,2,1.0,2026-02-14
ASS001119,EMP0244,Excel,Beginner,4,4.0,2026-04-29
ASS001120,EMP0246,Data Analysis,Advanced,3,3.0,2026-01-15
ASS001121,EMP0246,SQL,Advanced,4,4.0,2026-01-29
ASS001122,EMP0246,Machine Learning,Advanced,3,3.0,2026-05-14
ASS001123,EMP0246,Sales,Intermediate,1,3.0,2026-05-17
ASS001124,EMP0246,Negotiation,Beginner,1,4.0,2026-03-31
ASS001125,EMP0246,Project Management,Intermediate,4,,2026-03-05
ASS001126,EMP0246,Azure,Intermediate,4,3.0,2026-05-16
ASS001127,EMP0246,Leadership,Intermediate,4,2.0,2026-05-12
ASS001128,EMP0247,Leadership,Intermediate,1,,2026-05-24
ASS001129,EMP0247,Sales,Advanced,1,3.0,2026-01-29
ASS001130,EMP0247,Excel,Advanced,2,1.0,2025-12-29
ASS001131,EMP0247,Compliance,Expert,1,5.0,2026-05-26
ASS001132,EMP0247,Communication,Intermediate,2,3.0,2026-03-12
ASS001133,EMP0247,Python,Beginner,4,4.0,2026-01-06
ASS001134,EMP0247,SQL,Advanced,1,3.0,2026-01-19
ASS001135,EMP0249,Sales,Beginner,2,,2025-12-22
ASS001136,EMP0249,Communication,Intermediate,5,,2026-04-21
ASS001137,EMP0249,Finance,Advanced,3,4.0,2026-03-29
ASS001138,EMP0250,Leadership,Advanced,5,3.0,2026-02-14
ASS001139,EMP0250,Power BI,Advanced,5,3.0,2026-04-28
ASS001140,EMP0250,Sales,Advanced,4,1.0,2026-01-14
ASS001141,EMP0250,Azure,Expert,2,4.0,2026-04-28
ASS001142,EMP0250,Communication,Advanced,2,1.0,2026-03-24
ASS001143,EMP0250,SQL,Intermediate,2,3.0,2026-06-04
ASS001144,EMP0250,Project Management,Beginner,2,,2026-01-21
ASS001145,EMP0252,Compliance,Expert,4,3.0,2026-04-28
ASS001146,EMP0252,Sales,Beginner,3,3.0,2026-05-01
ASS001147,EMP0252,Power BI,Expert,3,1.0,2025-12-27
ASS001148,EMP0252,Project Management,Intermediate,5,5.0,2025-12-26
ASS001149,EMP0252,Communication,Beginner,1,2.0,2026-04-27
ASS001150,EMP0252,SQL,Intermediate,5,2.0,2025-12-18
ASS001151,EMP0254,Finance,Advanced,2,5.0,2026-04-29
ASS001152,EMP0254,Sales,Intermediate,4,4.0,2026-03-16
ASS001153,EMP0254,Excel,Expert,3,,2026-04-11
ASS001154,EMP0254,Compliance,Intermediate,3,2.0,2026-06-06
ASS001155,EMP0254,Negotiation,Intermediate,4,,2026-05-13
ASS001156,EMP0254,Leadership,Intermediate,4,2.0,2026-04-08
ASS001157,EMP0255,Finance,Beginner,1,,2026-02-23
ASS001158,EMP0255,Negotiation,Beginner,4,2.0,2025-12-24
ASS001159,EMP0255,Machine Learning,Advanced,2,3.0,2026-04-25
ASS001160,EMP0255,Power BI,Expert,5,4.0,2026-05-13
ASS001161,EMP0255,SQL,Advanced,2,1.0,2026-02-19
ASS001162,EMP0255,Leadership,Advanced,4,,2025-12-16
ASS001163,EMP0256,Power BI,Intermediate,1,2.0,2025-12-17
ASS001164,EMP0256,Python,Advanced,1,2.0,2026-05-23
ASS001165,EMP0256,Data Analysis,Intermediate,4,2.0,2025-12-31
ASS001166,EMP0256,Machine Learning,Intermediate,5,2.0,2026-06-02
ASS001167,EMP0256,Finance,Advanced,1,5.0,2026-02-15
ASS001168,EMP0258,Agile,Expert,3,1.0,2026-03-23
ASS001169,EMP0258,Finance,Intermediate,4,1.0,2025-12-11
ASS001170,EMP0258,Power BI,Beginner,4,,2025-12-16
ASS001171,EMP0259,Sales,Advanced,3,,2026-04-06
ASS001172,EMP0259,Agile,Advanced,5,1.0,2026-01-06
ASS001173,EMP0259,Project Management,Intermediate,2,,2026-02-13
ASS001174,EMP0259,SQL,Expert,3,,2026-02-19
ASS001175,EMP0259,Power BI,Expert,5,,2026-01-12
ASS001176,EMP0259,Negotiation,Intermediate,1,5.0,2026-03-23
ASS001177,EMP0259,Data Analysis,Beginner,4,5.0,2026-02-04
ASS001178,EMP0261,Project Management,Intermediate,3,,2026-01-23
ASS001179,EMP0261,Leadership,Beginner,1,5.0,2026-03-03
ASS001180,EMP0261,Python,Expert,3,4.0,2026-02-12
ASS001181,EMP0262,Sales,Advanced,5,3.0,2026-02-14
ASS001182,EMP0262,Data Analysis,Beginner,3,4.0,2026-01-14
ASS001183,EMP0262,Leadership,Intermediate,4,3.0,2026-04-21
ASS001184,EMP0262,Python,Expert,2,5.0,2026-03-04
ASS001185,EMP0262,Machine Learning,Advanced,1,1.0,2026-02-05
ASS001186,EMP0263,Power BI,Beginner,3,2.0,2026-01-01
ASS001187,EMP0263,Python,Expert,4,,2026-01-18
ASS001188,EMP0263,Excel,Advanced,5,5.0,2026-06-05
ASS001189,EMP0263,Azure,Advanced,1,4.0,2026-03-08
ASS001190,EMP0263,Sales,Advanced,1,5.0,2026-04-20
ASS001191,EMP0263,Data Analysis,Expert,5,3.0,2026-03-24
ASS001192,EMP0263,Finance,Advanced,4,,2025-12-26
ASS001193,EMP0263,Leadership,Beginner,1,4.0,2026-03-10
ASS001194,EMP0264,Power BI,Advanced,2,1.0,2025-12-25
ASS001195,EMP0264,Communication,Intermediate,3,1.0,2026-03-05
ASS001196,EMP0264,Excel,Advanced,3,5.0,2026-03-22
ASS001197,EMP0264,SQL,Intermediate,3,4.0,2026-03-27
ASS001198,EMP0264,Data Analysis,Beginner,3,3.0,2025-12-19
ASS001199,EMP0264,Project Management,Expert,5,,2026-02-16
ASS001200,EMP0264,Azure,Beginner,5,3.0,2026-02-25
ASS001201,EMP0264,Machine Learning,Intermediate,4,5.0,2026-01-07
ASS001202,EMP0265,Compliance,Intermediate,2,2.0,2026-02-15
ASS001203,EMP0265,Finance,Expert,1,,2026-02-25
ASS001204,EMP0265,Agile,Expert,2,2.0,2026-05-26
ASS001205,EMP0266,Python,Expert,5,3.0,2026-05-13
ASS001206,EMP0266,Agile,Beginner,3,,2026-04-27
ASS001207,EMP0266,Data Analysis,Advanced,2,4.0,2026-02-23
ASS001208,EMP0266,Leadership,Beginner,1,1.0,2026-05-30
ASS001209,EMP0267,Agile,Expert,5,,2026-01-20
ASS001210,EMP0267,Project Management,Beginner,2,3.0,2025-12-25
ASS001211,EMP0267,Finance,Intermediate,4,2.0,2026-01-04
ASS001212,EMP0267,Data Analysis,Advanced,4,5.0,2026-02-01
ASS001213,EMP0267,Azure,Expert,4,1.0,2026-05-03
ASS001214,EMP0268,Finance,Advanced,4,,2026-02-03
ASS001215,EMP0268,Python,Intermediate,2,1.0,2025-12-21
ASS001216,EMP0268,Communication,Advanced,5,,2026-05-28
ASS001217,EMP0268,Compliance,Expert,3,3.0,2026-01-18
ASS001218,EMP0268,Negotiation,Expert,5,4.0,2026-01-26
ASS001219,EMP0268,Project Management,Expert,4,,2025-12-26
ASS001220,EMP0269,Agile,Beginner,3,,2026-02-22
ASS001221,EMP0269,Project Management,Expert,4,,2026-01-09
ASS001222,EMP0269,Negotiation,Advanced,5,3.0,2025-12-24
ASS001223,EMP0269,Compliance,Advanced,2,3.0,2026-05-31
ASS001224,EMP0269,Excel,Intermediate,1,,2026-05-01
ASS001225,EMP0272,Machine Learning,Intermediate,1,2.0,2026-01-20
ASS001226,EMP0272,Data Analysis,Intermediate,5,5.0,2026-06-03
ASS001227,EMP0272,Compliance,Intermediate,1,1.0,2025-12-14
ASS001228,EMP0272,Project Management,Expert,1,,2026-01-07
ASS001229,EMP0272,Power BI,Beginner,3,5.0,2026-01-30
ASS001230,EMP0272,Communication,Advanced,4,4.0,2025-12-25
ASS001231,EMP0272,Azure,Advanced,3,,2026-03-11
ASS001232,EMP0272,Excel,Expert,4,,2026-02-10
ASS001233,EMP0273,Data Analysis,Expert,3,4.0,2026-03-16
ASS001234,EMP0273,Machine Learning,Expert,4,4.0,2026-04-30
ASS001235,EMP0273,Azure,Expert,4,3.0,2026-03-14
ASS001236,EMP0273,Compliance,Expert,1,2.0,2025-12-13
ASS001237,EMP0273,SQL,Advanced,2,3.0,2026-02-13
ASS001238,EMP0273,Sales,Advanced,2,,2026-02-20
ASS001239,EMP0274,Excel,Expert,5,,2026-03-29
ASS001240,EMP0274,Machine Learning,Expert,2,3.0,2026-05-04
ASS001241,EMP0274,Compliance,Advanced,2,,2026-03-05
ASS001242,EMP0275,Sales,Advanced,1,5.0,2026-01-13
ASS001243,EMP0275,Negotiation,Expert,2,4.0,2026-05-12
ASS001244,EMP0275,Data Analysis,Advanced,1,,2026-05-15
ASS001245,EMP0277,Power BI,Beginner,2,,2026-05-28
ASS001246,EMP0277,Excel,Beginner,3,,2026-01-18
ASS001247,EMP0277,Communication,Beginner,5,5.0,2026-05-19
ASS001248,EMP0277,Finance,Intermediate,2,1.0,2026-01-01
ASS001249,EMP0277,Azure,Beginner,5,,2025-12-15
ASS001250,EMP0277,Machine Learning,Expert,3,,2026-03-24
ASS001251,EMP0278,Leadership,Intermediate,3,5.0,2026-02-25
ASS001252,EMP0278,Data Analysis,Beginner,3,,2026-01-17
ASS001253,EMP0278,Project Management,Expert,5,3.0,2026-02-16
ASS001254,EMP0278,Agile,Expert,5,,2025-12-25
ASS001255,EMP0278,Negotiation,Expert,5,2.0,2026-04-16
ASS001256,EMP0279,Project Management,Expert,4,4.0,2026-05-30
ASS001257,EMP0279,Negotiation,Intermediate,2,5.0,2026-04-28
ASS001258,EMP0279,SQL,Advanced,5,3.0,2025-12-24
ASS001259,EMP0279,Sales,Expert,5,3.0,2026-04-23
ASS001260,EMP0279,Azure,Expert,1,5.0,2026-04-09
ASS001261,EMP0279,Leadership,Beginner,4,,2026-05-27
ASS001262,EMP0279,Machine Learning,Expert,5,4.0,2026-03-03
ASS001263,EMP0282,Power BI,Expert,5,1.0,2026-03-15
ASS001264,EMP0282,Machine Learning,Expert,2,5.0,2026-05-01
ASS001265,EMP0282,Azure,Beginner,1,1.0,2026-01-05
ASS001266,EMP0282,Communication,Expert,1,1.0,2026-04-22
ASS001267,EMP0282,Sales,Advanced,2,2.0,2026-03-26
ASS001268,EMP0282,Data Analysis,Expert,2,,2026-01-05
ASS001269,EMP0282,Excel,Beginner,3,5.0,2025-12-19
ASS001270,EMP0282,Agile,Advanced,3,4.0,2026-01-13
ASS001271,EMP0283,Compliance,Intermediate,1,,2026-02-14
ASS001272,EMP0283,Negotiation,Expert,4,,2026-05-14
ASS001273,EMP0283,Excel,Intermediate,5,,2026-04-22
ASS001274,EMP0283,Communication,Advanced,1,3.0,2026-01-17
ASS001275,EMP0283,Power BI,Intermediate,4,,2026-01-27
ASS001276,EMP0285,Data Analysis,Advanced,5,3.0,2025-12-24
ASS001277,EMP0285,SQL,Advanced,2,,2026-06-01
ASS001278,EMP0285,Excel,Advanced,5,,2026-05-06
ASS001279,EMP0285,Python,Advanced,1,3.0,2025-12-14
ASS001280,EMP0285,Azure,Intermediate,2,5.0,2025-12-22
ASS001281,EMP0285,Negotiation,Expert,1,,2026-02-01
ASS001282,EMP0285,Project Management,Beginner,3,2.0,2025-12-28
ASS001283,EMP0285,Leadership,Beginner,5,,2026-03-15
ASS001284,EMP0286,Sales,Intermediate,3,2.0,2026-01-05
ASS001285,EMP0286,Data Analysis,Expert,4,2.0,2026-03-16
ASS001286,EMP0286,Power BI,Expert,3,4.0,2026-02-26
ASS001287,EMP0288,Project Management,Advanced,4,3.0,2026-02-11
ASS001288,EMP0288,Power BI,Advanced,5,3.0,2026-03-12
ASS001289,EMP0288,Agile,Beginner,2,4.0,2026-03-04
ASS001290,EMP0290,Leadership,Intermediate,5,2.0,2026-04-08
ASS001291,EMP0290,Sales,Advanced,2,1.0,2026-05-22
ASS001292,EMP0290,Azure,Intermediate,1,1.0,2026-01-20
ASS001293,EMP0291,Compliance,Beginner,4,,2026-04-10
ASS001294,EMP0291,Agile,Advanced,5,,2026-02-05
ASS001295,EMP0291,Azure,Expert,4,,2026-04-27
ASS001296,EMP0291,Sales,Beginner,2,5.0,2026-05-28
ASS001297,EMP0291,Finance,Beginner,2,1.0,2026-04-24
ASS001298,EMP0294,SQL,Advanced,4,1.0,2026-02-05
ASS001299,EMP0294,Power BI,Intermediate,1,1.0,2026-03-03
ASS001300,EMP0294,Project Management,Intermediate,2,,2026-06-09
ASS001301,EMP0294,Leadership,Expert,3,1.0,2025-12-12
ASS001302,EMP0294,Machine Learning,Advanced,3,,2026-01-29
ASS001303,EMP0294,Azure,Intermediate,4,,2026-01-29
ASS001304,EMP0294,Negotiation,Intermediate,2,5.0,2026-05-17
ASS001305,EMP0295,Machine Learning,Beginner,4,2.0,2026-06-08
ASS001306,EMP0295,SQL,Expert,4,2.0,2026-02-11
ASS001307,EMP0295,Excel,Intermediate,4,5.0,2026-06-04
ASS001308,EMP0295,Power BI,Expert,5,4.0,2026-01-01
ASS001309,EMP0295,Negotiation,Beginner,5,2.0,2026-03-26
ASS001310,EMP0295,Python,Advanced,2,,2025-12-19
ASS001311,EMP0296,Python,Expert,4,3.0,2026-02-04
ASS001312,EMP0296,Agile,Expert,3,1.0,2026-03-14
ASS001313,EMP0296,Sales,Intermediate,5,4.0,2026-04-17
ASS001314,EMP0296,Communication,Beginner,2,,2026-05-16
ASS001315,EMP0296,Azure,Expert,2,,2026-04-28
ASS001316,EMP0296,Power BI,Advanced,4,4.0,2026-05-26
ASS001317,EMP0296,Leadership,Advanced,1,4.0,2026-05-03
ASS001318,EMP0297,Leadership,Expert,2,1.0,2026-05-19
ASS001319,EMP0297,SQL,Advanced,1,4.0,2026-02-26
ASS001320,EMP0297,Project Management,Expert,3,5.0,2026-02-19
ASS001321,EMP0297,Agile,Expert,3,1.0,2025-12-19
ASS001322,EMP0299,Agile,Intermediate,5,3.0,2026-03-21
ASS001323,EMP0299,Finance,Advanced,2,,2026-03-31
ASS001324,EMP0299,Azure,Intermediate,2,2.0,2026-02-12
ASS001325,EMP0299,Negotiation,Beginner,3,4.0,2026-06-07
ASS001326,EMP0299,Compliance,Advanced,2,2.0,2026-01-25
ASS001327,EMP0299,Project Management,Expert,4,3.0,2025-12-25
ASS001328,EMP0299,Leadership,Advanced,2,3.0,2026-01-22
ASS001329,EMP0299,Power BI,Beginner,2,4.0,2025-12-20
ASS001330,EMP0301,SQL,Intermediate,1,,2026-05-11
ASS001331,EMP0301,Azure,Intermediate,3,2.0,2026-02-09
ASS001332,EMP0301,Finance,Intermediate,5,,2026-04-08
ASS001333,EMP0301,Project Management,Advanced,1,,2026-04-21
ASS001334,EMP0301,Power BI,Advanced,5,2.0,2026-03-29
ASS001335,EMP0301,Sales,Advanced,1,4.0,2026-04-21
ASS001336,EMP0301,Data Analysis,Advanced,2,5.0,2026-03-12
ASS001337,EMP0303,Agile,Expert,5,,2026-03-06
ASS001338,EMP0303,Azure,Intermediate,3,4.0,2026-02-25
ASS001339,EMP0303,Sales,Expert,5,5.0,2026-01-23
ASS001340,EMP0303,Finance,Expert,1,5.0,2026-04-13
ASS001341,EMP0303,Excel,Advanced,2,5.0,2026-01-11
ASS001342,EMP0303,Project Management,Advanced,1,3.0,2026-04-02
ASS001343,EMP0303,Communication,Intermediate,3,4.0,2026-01-12
ASS001344,EMP0304,Project Management,Intermediate,2,2.0,2026-03-16
ASS001345,EMP0304,Finance,Intermediate,3,4.0,2026-06-08
ASS001346,EMP0304,Power BI,Intermediate,4,3.0,2026-03-12
ASS001347,EMP0304,Communication,Intermediate,2,2.0,2026-01-29
ASS001348,EMP0304,Negotiation,Advanced,4,1.0,2025-12-20
ASS001349,EMP0304,Machine Learning,Advanced,1,3.0,2026-04-06
ASS001350,EMP0304,Compliance,Expert,1,4.0,2026-05-29
ASS001351,EMP0305,Communication,Expert,5,3.0,2026-01-29
ASS001352,EMP0305,Power BI,Advanced,1,5.0,2026-02-19
ASS001353,EMP0305,Data Analysis,Beginner,5,5.0,2026-04-27
ASS001354,EMP0305,Finance,Advanced,4,2.0,2026-04-20
ASS001355,EMP0305,Agile,Advanced,3,,2026-03-30
ASS001356,EMP0305,Negotiation,Intermediate,2,5.0,2026-01-28
ASS001357,EMP0305,Machine Learning,Beginner,1,2.0,2026-02-01
ASS001358,EMP0306,Communication,Expert,4,2.0,2026-04-13
ASS001359,EMP0306,Machine Learning,Beginner,1,2.0,2026-01-11
ASS001360,EMP0306,SQL,Beginner,1,1.0,2026-03-18
ASS001361,EMP0306,Power BI,Advanced,2,,2026-04-12
ASS001362,EMP0306,Sales,Intermediate,2,3.0,2026-01-09
ASS001363,EMP0306,Azure,Intermediate,1,2.0,2026-05-18
ASS001364,EMP0307,Sales,Advanced,1,2.0,2025-12-26
ASS001365,EMP0307,Finance,Intermediate,4,,2026-01-27
ASS001366,EMP0307,Agile,Beginner,5,4.0,2026-03-15
ASS001367,EMP0307,Azure,Intermediate,1,2.0,2026-04-11
ASS001368,EMP0307,Compliance,Advanced,5,,2026-05-25
ASS001369,EMP0307,SQL,Intermediate,1,4.0,2026-03-15
ASS001370,EMP0308,Leadership,Beginner,4,3.0,2026-05-24
ASS001371,EMP0308,Communication,Intermediate,2,3.0,2026-03-24
ASS001372,EMP0308,Machine Learning,Intermediate,3,5.0,2026-06-06
ASS001373,EMP0308,Negotiation,Expert,1,1.0,2026-02-10
ASS001374,EMP0308,Python,Advanced,4,5.0,2026-01-02
ASS001375,EMP0308,Sales,Beginner,4,1.0,2026-06-03
ASS001376,EMP0308,Finance,Expert,1,,2026-01-07
ASS001377,EMP0308,SQL,Intermediate,1,1.0,2025-12-20
ASS001378,EMP0309,Azure,Intermediate,3,5.0,2026-04-15
ASS001379,EMP0309,Sales,Beginner,2,2.0,2026-01-02
ASS001380,EMP0309,Negotiation,Expert,1,,2026-05-27
ASS001381,EMP0309,Finance,Intermediate,2,,2025-12-26
ASS001382,EMP0309,Data Analysis,Intermediate,2,3.0,2026-01-16
ASS001383,EMP0309,Python,Expert,4,,2026-01-09
ASS001384,EMP0309,Compliance,Beginner,2,,2026-01-02
ASS001385,EMP0310,Communication,Advanced,3,,2026-06-05
ASS001386,EMP0310,Project Management,Intermediate,2,4.0,2026-04-22
ASS001387,EMP0310,Machine Learning,Beginner,1,1.0,2026-02-27
ASS001388,EMP0311,Data Analysis,Expert,2,1.0,2026-01-15
ASS001389,EMP0311,SQL,Advanced,1,5.0,2026-02-26
ASS001390,EMP0311,Compliance,Advanced,2,2.0,2026-05-11
ASS001391,EMP0311,Communication,Beginner,2,,2026-04-09
ASS001392,EMP0311,Project Management,Advanced,1,3.0,2026-01-21
ASS001393,EMP0311,Agile,Beginner,3,1.0,2026-02-19
ASS001394,EMP0312,SQL,Beginner,1,1.0,2026-03-08
ASS001395,EMP0312,Machine Learning,Advanced,3,,2026-01-30
ASS001396,EMP0312,Data Analysis,Advanced,2,4.0,2026-03-16
ASS001397,EMP0312,Excel,Expert,1,,2026-03-17
ASS001398,EMP0313,Excel,Intermediate,1,4.0,2026-02-02
ASS001399,EMP0313,Communication,Advanced,1,5.0,2026-01-25
ASS001400,EMP0313,Project Management,Advanced,3,1.0,2025-12-27
ASS001401,EMP0313,Machine Learning,Expert,2,4.0,2026-04-15
ASS001402,EMP0313,Finance,Expert,2,2.0,2026-03-28
ASS001403,EMP0313,Python,Intermediate,5,,2026-05-24
ASS001404,EMP0313,Negotiation,Intermediate,2,,2026-01-01
ASS001405,EMP0314,Finance,Intermediate,3,,2026-06-03
ASS001406,EMP0314,Power BI,Intermediate,4,1.0,2026-06-01
ASS001407,EMP0314,SQL,Beginner,3,,2026-02-08
ASS001408,EMP0315,Communication,Beginner,4,3.0,2026-05-26
ASS001409,EMP0315,Leadership,Expert,1,4.0,2025-12-21
ASS001410,EMP0315,SQL,Expert,3,4.0,2026-03-31
ASS001411,EMP0316,Agile,Intermediate,3,4.0,2026-05-03
ASS001412,EMP0316,Data Analysis,Beginner,3,5.0,2026-04-23
ASS001413,EMP0316,Compliance,Beginner,2,5.0,2026-01-03
ASS001414,EMP0316,Communication,Beginner,1,,2026-05-06
ASS001415,EMP0316,Azure,Advanced,3,4.0,2026-05-15
ASS001416,EMP0316,SQL,Expert,4,1.0,2026-04-03
ASS001417,EMP0317,Power BI,Beginner,4,,2026-01-10
ASS001418,EMP0317,Excel,Beginner,4,3.0,2025-12-26
ASS001419,EMP0317,Machine Learning,Expert,4,1.0,2026-01-05
ASS001420,EMP0317,Communication,Intermediate,2,3.0,2026-04-27
ASS001421,EMP0317,Python,Advanced,2,5.0,2026-05-30
ASS001422,EMP0319,Project Management,Advanced,2,1.0,2026-04-10
ASS001423,EMP0319,Agile,Advanced,5,2.0,2026-03-24
ASS001424,EMP0319,Sales,Advanced,5,4.0,2026-05-12
ASS001425,EMP0319,Power BI,Intermediate,3,4.0,2026-01-14
ASS001426,EMP0320,Power BI,Expert,1,,2026-06-04
ASS001427,EMP0320,Machine Learning,Advanced,1,5.0,2026-01-27
ASS001428,EMP0320,Compliance,Expert,4,,2026-04-08
ASS001429,EMP0320,Azure,Advanced,4,,2026-02-05
ASS001430,EMP0320,Negotiation,Advanced,2,2.0,2026-04-04
ASS001431,EMP0320,Leadership,Intermediate,3,4.0,2026-05-15
ASS001432,EMP0321,Leadership,Expert,4,,2026-01-10
ASS001433,EMP0321,Power BI,Expert,2,2.0,2026-05-21
ASS001434,EMP0321,Negotiation,Intermediate,3,4.0,2026-04-12
ASS001435,EMP0321,Azure,Intermediate,1,4.0,2026-03-03
ASS001436,EMP0321,Machine Learning,Intermediate,2,,2025-12-22
ASS001437,EMP0321,SQL,Beginner,3,2.0,2025-12-29
ASS001438,EMP0321,Data Analysis,Advanced,4,3.0,2026-05-31
ASS001439,EMP0321,Communication,Advanced,2,4.0,2026-01-21
ASS001440,EMP0322,Power BI,Intermediate,2,1.0,2026-02-04
ASS001441,EMP0322,Finance,Advanced,3,1.0,2026-05-04
ASS001442,EMP0322,Data Analysis,Advanced,2,,2026-02-05
ASS001443,EMP0322,Compliance,Intermediate,1,,2026-03-12
ASS001444,EMP0322,Communication,Advanced,3,3.0,2026-02-06
ASS001445,EMP0322,Agile,Advanced,4,2.0,2026-05-09
ASS001446,EMP0323,Sales,Advanced,2,3.0,2026-02-23
ASS001447,EMP0323,Data Analysis,Intermediate,5,,2026-02-20
ASS001448,EMP0323,Compliance,Beginner,2,1.0,2026-06-06
ASS001449,EMP0324,Excel,Advanced,4,,2026-04-04
ASS001450,EMP0324,Finance,Expert,2,,2026-05-01
ASS001451,EMP0324,Project Management,Intermediate,3,,2026-06-05
ASS001452,EMP0324,Sales,Expert,3,5.0,2026-05-18
ASS001453,EMP0324,Machine Learning,Beginner,3,,2025-12-11
ASS001454,EMP0324,Power BI,Beginner,4,1.0,2026-01-31
ASS001455,EMP0325,Sales,Advanced,4,2.0,2026-06-07
ASS001456,EMP0325,SQL,Intermediate,1,4.0,2026-05-18
ASS001457,EMP0325,Finance,Intermediate,3,2.0,2025-12-26
ASS001458,EMP0325,Data Analysis,Beginner,5,,2026-01-29
ASS001459,EMP0325,Azure,Expert,3,2.0,2026-05-04
ASS001460,EMP0326,Data Analysis,Intermediate,1,1.0,2026-06-08
ASS001461,EMP0326,Sales,Advanced,4,,2026-03-03
ASS001462,EMP0326,Compliance,Expert,1,4.0,2026-05-17
ASS001463,EMP0326,Communication,Expert,2,3.0,2026-04-08
ASS001464,EMP0326,Power BI,Beginner,2,1.0,2026-03-22
ASS001465,EMP0326,Excel,Expert,5,1.0,2026-02-24
ASS001466,EMP0328,Python,Beginner,3,1.0,2026-01-01
ASS001467,EMP0328,Communication,Intermediate,3,,2026-05-01
ASS001468,EMP0328,SQL,Intermediate,1,1.0,2026-06-06
ASS001469,EMP0328,Excel,Advanced,1,,2026-03-14
ASS001470,EMP0328,Project Management,Intermediate,5,5.0,2026-03-26
ASS001471,EMP0330,Finance,Beginner,2,,2026-02-25
ASS001472,EMP0330,Compliance,Beginner,3,5.0,2026-03-27
ASS001473,EMP0330,Data Analysis,Advanced,2,4.0,2026-04-10
ASS001474,EMP0330,Azure,Expert,4,4.0,2026-03-19
ASS001475,EMP0330,Sales,Advanced,2,,2025-12-23
ASS001476,EMP0330,Power BI,Beginner,3,,2026-05-23
ASS001477,EMP0331,Power BI,Expert,2,2.0,2026-01-28
ASS001478,EMP0331,Excel,Expert,1,3.0,2026-04-02
ASS001479,EMP0331,Communication,Advanced,2,3.0,2026-05-04
ASS001480,EMP0331,Python,Advanced,4,4.0,2026-04-25
ASS001481,EMP0331,Sales,Expert,2,4.0,2026-04-26
ASS001482,EMP0332,Data Analysis,Expert,4,5.0,2026-04-15
ASS001483,EMP0332,Power BI,Intermediate,4,1.0,2026-03-12
ASS001484,EMP0332,Machine Learning,Advanced,1,,2026-04-04
ASS001485,EMP0332,Azure,Intermediate,5,,2026-04-21
ASS001486,EMP0332,Python,Beginner,3,,2026-02-04
ASS001487,EMP0332,Leadership,Intermediate,5,,2026-01-26
ASS001488,EMP0332,Finance,Advanced,4,2.0,2026-03-24
ASS001489,EMP0333,Finance,Expert,4,5.0,2026-03-02
ASS001490,EMP0333,Data Analysis,Intermediate,3,4.0,2026-06-05
ASS001491,EMP0333,Sales,Expert,1,3.0,2026-05-24
ASS001492,EMP0333,Communication,Beginner,2,,2025-12-28
ASS001493,EMP0333,Machine Learning,Advanced,2,2.0,2026-02-23
ASS001494,EMP0334,Compliance,Beginner,2,3.0,2026-04-03
ASS001495,EMP0334,Sales,Advanced,1,5.0,2026-04-13
ASS001496,EMP0334,Excel,Intermediate,3,2.0,2026-02-14
ASS001497,EMP0334,SQL,Intermediate,3,4.0,2026-05-10
ASS001498,EMP0334,Data Analysis,Expert,5,4.0,2026-04-30
ASS001499,EMP0335,Agile,Expert,3,3.0,2026-05-01
ASS001500,EMP0335,Sales,Intermediate,3,,2026-01-13
ASS001501,EMP0335,Leadership,Advanced,5,4.0,2026-03-10
ASS001502,EMP0335,Finance,Beginner,1,3.0,2026-05-10
ASS001503,EMP0335,Project Management,Intermediate,2,5.0,2026-05-06
ASS001504,EMP0335,Azure,Intermediate,5,,2026-04-23
ASS001505,EMP0336,Leadership,Advanced,5,5.0,2026-04-10
ASS001506,EMP0336,Power BI,Beginner,2,,2026-01-24
ASS001507,EMP0336,Azure,Advanced,3,,2025-12-11
ASS001508,EMP0336,Machine Learning,Beginner,5,,2025-12-28
ASS001509,EMP0336,Communication,Advanced,5,2.0,2026-02-04
ASS001510,EMP0336,Project Management,Intermediate,4,3.0,2026-03-12
ASS001511,EMP0337,Azure,Beginner,2,5.0,2026-05-29
ASS001512,EMP0337,Compliance,Expert,4,3.0,2026-01-11
ASS001513,EMP0337,Negotiation,Advanced,4,,2026-01-05
ASS001514,EMP0337,Data Analysis,Expert,2,,2025-12-23
ASS001515,EMP0337,Leadership,Advanced,2,,2026-05-14
ASS001516,EMP0338,Azure,Beginner,5,5.0,2026-03-17
ASS001517,EMP0338,Excel,Intermediate,4,,2026-01-15
ASS001518,EMP0338,Communication,Expert,3,2.0,2026-04-18
ASS001519,EMP0338,SQL,Intermediate,5,,2025-12-31
ASS001520,EMP0341,Machine Learning,Intermediate,1,3.0,2026-02-06
ASS001521,EMP0341,SQL,Advanced,1,3.0,2026-01-29
ASS001522,EMP0341,Project Management,Expert,4,,2026-01-15
ASS001523,EMP0341,Compliance,Beginner,5,1.0,2026-01-23
ASS001524,EMP0341,Communication,Expert,5,2.0,2026-04-23
ASS001525,EMP0341,Python,Beginner,1,4.0,2026-03-15
ASS001526,EMP0341,Azure,Expert,4,4.0,2026-03-09
ASS001527,EMP0341,Data Analysis,Intermediate,4,4.0,2026-02-22
ASS001528,EMP0343,Leadership,Beginner,2,,2026-03-19
ASS001529,EMP0343,Agile,Beginner,5,3.0,2026-01-19
ASS001530,EMP0343,Excel,Advanced,1,,2025-12-21
ASS001531,EMP0343,Compliance,Intermediate,4,5.0,2026-02-10
ASS001532,EMP0343,Machine Learning,Advanced,2,,2025-12-21
ASS001533,EMP0344,Machine Learning,Beginner,2,1.0,2026-02-09
ASS001534,EMP0344,Negotiation,Advanced,3,1.0,2026-03-11
ASS001535,EMP0344,Finance,Beginner,2,1.0,2026-03-05
ASS001536,EMP0344,Power BI,Intermediate,4,,2026-03-06
ASS001537,EMP0344,Azure,Advanced,1,1.0,2026-05-05
ASS001538,EMP0344,Sales,Advanced,3,4.0,2026-03-06
ASS001539,EMP0344,Agile,Intermediate,1,4.0,2026-02-04
ASS001540,EMP0345,Azure,Intermediate,1,,2026-02-04
ASS001541,EMP0345,Negotiation,Beginner,4,4.0,2026-06-07
ASS001542,EMP0345,Excel,Intermediate,3,,2025-12-18
ASS001543,EMP0345,Sales,Intermediate,2,3.0,2026-03-19
ASS001544,EMP0345,Power BI,Intermediate,4,1.0,2026-01-11
ASS001545,EMP0345,Project Management,Advanced,5,,2026-01-31
ASS001546,EMP0345,Machine Learning,Beginner,5,5.0,2026-02-07
ASS001547,EMP0346,Leadership,Advanced,3,4.0,2026-04-18
ASS001548,EMP0346,SQL,Advanced,3,3.0,2026-01-08
ASS001549,EMP0346,Communication,Intermediate,5,,2026-01-30
ASS001550,EMP0346,Sales,Beginner,3,,2026-05-30
ASS001551,EMP0346,Agile,Intermediate,5,5.0,2026-02-20
ASS001552,EMP0346,Machine Learning,Advanced,3,1.0,2026-05-13
ASS001553,EMP0346,Compliance,Beginner,5,4.0,2026-04-06
ASS001554,EMP0347,Leadership,Beginner,5,2.0,2026-03-03
ASS001555,EMP0347,Finance,Expert,2,3.0,2026-06-04
ASS001556,EMP0347,Python,Beginner,2,1.0,2025-12-22
ASS001557,EMP0347,SQL,Advanced,1,1.0,2026-05-21
ASS001558,EMP0347,Sales,Expert,2,,2026-05-25
ASS001559,EMP0347,Excel,Expert,1,1.0,2026-03-01
ASS001560,EMP0347,Communication,Beginner,2,1.0,2026-05-05
ASS001561,EMP0347,Project Management,Expert,5,1.0,2026-02-24
ASS001562,EMP0348,Leadership,Advanced,3,5.0,2026-04-28
ASS001563,EMP0348,Project Management,Intermediate,2,4.0,2026-03-16
ASS001564,EMP0348,Agile,Advanced,1,1.0,2026-03-03
ASS001565,EMP0348,Power BI,Expert,5,1.0,2026-02-16
ASS001566,EMP0348,Compliance,Advanced,4,,2026-02-12
ASS001567,EMP0349,Compliance,Expert,4,5.0,2026-06-02
ASS001568,EMP0349,Communication,Advanced,1,4.0,2026-05-05
ASS001569,EMP0349,Sales,Intermediate,4,,2026-04-14
ASS001570,EMP0349,Agile,Beginner,3,3.0,2026-02-10
ASS001571,EMP0349,SQL,Beginner,4,,2026-06-05
ASS001572,EMP0350,Azure,Advanced,4,2.0,2026-01-06
ASS001573,EMP0350,Agile,Advanced,3,5.0,2026-01-09
ASS001574,EMP0350,Machine Learning,Advanced,4,1.0,2026-04-05
ASS001575,EMP0351,SQL,Expert,5,3.0,2026-03-29
ASS001576,EMP0351,Power BI,Expert,5,3.0,2026-03-23
ASS001577,EMP0351,Sales,Expert,5,5.0,2026-04-12
ASS001578,EMP0351,Negotiation,Expert,2,,2026-03-03
ASS001579,EMP0352,Python,Beginner,3,4.0,2026-04-01
ASS001580,EMP0352,Leadership,Intermediate,2,5.0,2026-05-02
ASS001581,EMP0352,Power BI,Beginner,4,,2026-01-26
ASS001582,EMP0352,Project Management,Beginner,1,,2026-02-04
ASS001583,EMP0353,Machine Learning,Expert,2,5.0,2025-12-29
ASS001584,EMP0353,Negotiation,Expert,2,1.0,2026-05-23
ASS001585,EMP0353,Finance,Advanced,3,,2026-02-24
ASS001586,EMP0353,Python,Beginner,4,2.0,2026-01-17
ASS001587,EMP0353,SQL,Beginner,4,,2026-03-02
ASS001588,EMP0353,Project Management,Expert,2,3.0,2026-03-16
ASS001589,EMP0354,Leadership,Advanced,1,,2026-02-07
ASS001590,EMP0354,Communication,Beginner,1,,2026-05-05
ASS001591,EMP0354,Machine Learning,Intermediate,4,,2026-01-22
ASS001592,EMP0354,Negotiation,Intermediate,3,2.0,2026-04-28
ASS001593,EMP0354,Excel,Expert,3,4.0,2026-01-20
ASS001594,EMP0354,Power BI,Advanced,2,2.0,2026-05-13
ASS001595,EMP0355,Compliance,Intermediate,1,5.0,2025-12-12
ASS001596,EMP0355,Communication,Expert,5,4.0,2026-01-07
ASS001597,EMP0355,SQL,Beginner,5,1.0,2026-04-28
ASS001598,EMP0355,Finance,Beginner,1,2.0,2026-03-19
ASS001599,EMP0355,Data Analysis,Beginner,4,5.0,2025-12-17
ASS001600,EMP0356,Sales,Expert,2,5.0,2026-02-08
ASS001601,EMP0356,Communication,Expert,2,2.0,2026-01-11
ASS001602,EMP0356,Compliance,Expert,3,3.0,2026-02-14
ASS001603,EMP0356,Finance,Beginner,2,,2026-04-23
ASS001604,EMP0357,Machine Learning,Advanced,1,4.0,2026-02-19
ASS001605,EMP0357,Python,Intermediate,3,2.0,2026-04-19
ASS001606,EMP0357,Negotiation,Beginner,2,,2026-01-29
ASS001607,EMP0357,Power BI,Advanced,2,4.0,2026-04-24
ASS001608,EMP0357,Sales,Advanced,4,1.0,2026-04-03
ASS001609,EMP0357,Agile,Advanced,1,2.0,2025-12-22
ASS001610,EMP0358,Communication,Expert,1,,2026-05-27
ASS001611,EMP0358,Data Analysis,Expert,3,,2026-05-25
ASS001612,EMP0358,Project Management,Advanced,5,5.0,2026-02-18
ASS001613,EMP0358,Compliance,Intermediate,5,2.0,2026-03-20
ASS001614,EMP0358,Python,Intermediate,1,1.0,2026-02-13
ASS001615,EMP0359,Excel,Expert,4,5.0,2025-12-28
ASS001616,EMP0359,Machine Learning,Intermediate,4,4.0,2026-05-26
ASS001617,EMP0359,Project Management,Advanced,4,3.0,2026-01-07
ASS001618,EMP0360,Agile,Advanced,5,1.0,2026-06-02
ASS001619,EMP0360,Power BI,Intermediate,5,3.0,2026-04-03
ASS001620,EMP0360,Compliance,Advanced,2,3.0,2026-05-04
ASS001621,EMP0360,Negotiation,Advanced,4,4.0,2026-05-28
ASS001622,EMP0360,Communication,Expert,1,2.0,2026-06-07
ASS001623,EMP0360,SQL,Expert,3,1.0,2026-05-11
ASS001624,EMP0360,Leadership,Beginner,5,3.0,2026-04-05
ASS001625,EMP0361,Negotiation,Intermediate,2,5.0,2026-04-25
ASS001626,EMP0361,Communication,Advanced,5,4.0,2026-05-17
ASS001627,EMP0361,Agile,Beginner,1,3.0,2025-12-28
ASS001628,EMP0361,Project Management,Intermediate,4,,2026-02-23
ASS001629,EMP0361,Data Analysis,Beginner,5,2.0,2026-03-01
ASS001630,EMP0362,Negotiation,Beginner,4,,2026-04-20
ASS001631,EMP0362,Data Analysis,Intermediate,1,2.0,2026-06-09
ASS001632,EMP0362,Project Management,Intermediate,5,1.0,2025-12-24
ASS001633,EMP0364,Python,Expert,4,4.0,2026-01-23
ASS001634,EMP0364,Finance,Expert,2,2.0,2026-04-16
ASS001635,EMP0364,Machine Learning,Expert,2,,2026-01-29
ASS001636,EMP0364,Compliance,Intermediate,4,4.0,2025-12-11
ASS001637,EMP0365,Sales,Expert,3,3.0,2026-05-23
ASS001638,EMP0365,SQL,Intermediate,5,4.0,2025-12-18
ASS001639,EMP0365,Machine Learning,Advanced,3,4.0,2026-01-19
ASS001640,EMP0365,Agile,Intermediate,1,5.0,2025-12-12
ASS001641,EMP0365,Python,Advanced,3,5.0,2026-04-17
ASS001642,EMP0365,Leadership,Expert,2,1.0,2026-05-07
ASS001643,EMP0366,Data Analysis,Beginner,2,1.0,2026-01-07
ASS001644,EMP0366,Agile,Intermediate,4,4.0,2026-01-05
ASS001645,EMP0366,Communication,Advanced,3,5.0,2026-06-03
ASS001646,EMP0366,Compliance,Beginner,1,5.0,2025-12-21
ASS001647,EMP0366,SQL,Advanced,1,3.0,2026-02-24
ASS001648,EMP0367,Compliance,Expert,1,,2025-12-25
ASS001649,EMP0367,Leadership,Beginner,1,5.0,2026-03-19
ASS001650,EMP0367,Machine Learning,Advanced,3,2.0,2026-04-12
ASS001651,EMP0368,Negotiation,Intermediate,5,1.0,2026-03-29
ASS001652,EMP0368,Project Management,Advanced,1,,2026-04-02
ASS001653,EMP0368,Excel,Advanced,5,1.0,2026-03-23
ASS001654,EMP0368,Azure,Intermediate,2,,2025-12-14
ASS001655,EMP0368,Communication,Advanced,3,,2026-04-18
ASS001656,EMP0369,Sales,Beginner,1,5.0,2026-04-17
ASS001657,EMP0369,Excel,Beginner,2,5.0,2026-02-07
ASS001658,EMP0369,Agile,Beginner,5,,2026-04-19
ASS001659,EMP0369,Negotiation,Advanced,1,3.0,2026-03-31
ASS001660,EMP0369,Power BI,Expert,5,5.0,2025-12-18
ASS001661,EMP0369,Leadership,Intermediate,2,,2026-03-26
ASS001662,EMP0369,SQL,Expert,4,4.0,2026-05-26
ASS001663,EMP0370,Python,Advanced,1,3.0,2025-12-14
ASS001664,EMP0370,Sales,Intermediate,5,4.0,2026-03-28
ASS001665,EMP0370,Communication,Intermediate,5,3.0,2026-04-20
ASS001666,EMP0370,Power BI,Intermediate,1,5.0,2026-01-18
ASS001667,EMP0370,Data Analysis,Expert,2,,2026-05-07
ASS001668,EMP0370,Machine Learning,Intermediate,5,4.0,2026-04-27
ASS001669,EMP0371,Power BI,Expert,2,1.0,2026-03-13
ASS001670,EMP0371,Communication,Beginner,3,5.0,2025-12-27
ASS001671,EMP0371,Finance,Advanced,1,,2026-05-20
ASS001672,EMP0372,SQL,Expert,1,4.0,2026-02-28
ASS001673,EMP0372,Compliance,Expert,4,,2026-01-07
ASS001674,EMP0372,Project Management,Intermediate,1,1.0,2026-06-08
ASS001675,EMP0373,Data Analysis,Advanced,1,5.0,2026-05-06
ASS001676,EMP0373,Project Management,Intermediate,2,1.0,2026-01-21
ASS001677,EMP0373,Leadership,Expert,1,4.0,2026-03-24
ASS001678,EMP0373,Compliance,Expert,1,2.0,2026-02-01
ASS001679,EMP0374,Project Management,Beginner,2,3.0,2026-04-02
ASS001680,EMP0374,Sales,Expert,4,3.0,2025-12-29
ASS001681,EMP0374,Power BI,Advanced,3,,2026-02-18
ASS001682,EMP0374,Communication,Intermediate,3,3.0,2026-05-17
ASS001683,EMP0374,Leadership,Advanced,5,3.0,2026-01-07
ASS001684,EMP0374,Compliance,Expert,5,1.0,2026-04-27
ASS001685,EMP0374,Agile,Beginner,5,1.0,2026-05-08
ASS001686,EMP0375,Compliance,Expert,4,2.0,2026-03-27
ASS001687,EMP0375,SQL,Advanced,1,4.0,2026-02-05
ASS001688,EMP0375,Leadership,Expert,4,3.0,2025-12-23
ASS001689,EMP0376,Communication,Beginner,5,,2026-03-05
ASS001690,EMP0376,Finance,Advanced,1,,2026-03-15
ASS001691,EMP0376,Data Analysis,Advanced,5,1.0,2026-01-28
ASS001692,EMP0376,Python,Advanced,3,2.0,2026-05-26
ASS001693,EMP0376,Machine Learning,Intermediate,5,2.0,2026-02-07
ASS001694,EMP0376,Compliance,Advanced,2,,2026-02-11
ASS001695,EMP0376,Azure,Expert,1,3.0,2026-05-28
ASS001696,EMP0376,Sales,Advanced,4,2.0,2026-02-27
ASS001697,EMP0377,Data Analysis,Intermediate,2,2.0,2026-03-11
ASS001698,EMP0377,Agile,Beginner,4,,2026-03-23
ASS001699,EMP0377,Python,Expert,2,5.0,2026-06-06
ASS001700,EMP0377,Sales,Expert,5,3.0,2026-03-14
ASS001701,EMP0378,Negotiation,Beginner,2,3.0,2026-04-16
ASS001702,EMP0378,Finance,Advanced,4,4.0,2026-05-06
ASS001703,EMP0378,Power BI,Intermediate,4,5.0,2026-05-29
ASS001704,EMP0378,Azure,Intermediate,1,2.0,2026-01-15
ASS001705,EMP0378,Sales,Advanced,1,2.0,2026-04-26
ASS001706,EMP0378,Project Management,Intermediate,2,1.0,2026-05-28
ASS001707,EMP0379,Power BI,Beginner,5,3.0,2026-02-20
ASS001708,EMP0379,Leadership,Advanced,1,5.0,2026-01-12
ASS001709,EMP0379,Azure,Advanced,5,2.0,2025-12-28
ASS001710,EMP0379,Sales,Advanced,1,,2026-01-25
ASS001711,EMP0379,Machine Learning,Advanced,4,,2026-01-19
ASS001712,EMP0379,Excel,Intermediate,5,,2026-03-13
ASS001713,EMP0380,Leadership,Beginner,3,5.0,2026-05-18
ASS001714,EMP0380,Sales,Expert,3,4.0,2026-05-21
ASS001715,EMP0380,Excel,Expert,2,,2026-01-09
ASS001716,EMP0380,Machine Learning,Advanced,1,2.0,2026-05-25
ASS001717,EMP0381,Communication,Expert,4,,2026-04-22
ASS001718,EMP0381,Data Analysis,Intermediate,2,,2026-01-13
ASS001719,EMP0381,Leadership,Advanced,5,5.0,2026-04-06
ASS001720,EMP0381,Agile,Advanced,4,2.0,2026-02-25
ASS001721,EMP0381,Excel,Intermediate,1,2.0,2025-12-14
ASS001722,EMP0381,Azure,Advanced,4,,2026-03-12
ASS001723,EMP0381,Sales,Intermediate,4,2.0,2026-03-21
ASS001724,EMP0382,Azure,Expert,3,5.0,2026-05-20
ASS001725,EMP0382,Agile,Advanced,4,,2025-12-27
ASS001726,EMP0382,Negotiation,Beginner,4,2.0,2026-01-29
ASS001727,EMP0383,Negotiation,Expert,4,,2026-02-22
ASS001728,EMP0383,Azure,Expert,2,2.0,2026-03-23
ASS001729,EMP0383,Sales,Advanced,3,3.0,2025-12-25
ASS001730,EMP0383,Python,Advanced,1,3.0,2026-03-09
ASS001731,EMP0383,Compliance,Expert,2,,2026-04-02
ASS001732,EMP0383,SQL,Advanced,1,1.0,2026-04-13
ASS001733,EMP0383,Agile,Beginner,5,4.0,2025-12-26
ASS001734,EMP0383,Machine Learning,Beginner,4,4.0,2026-05-05
ASS001735,EMP0384,Negotiation,Beginner,2,1.0,2026-02-07
ASS001736,EMP0384,Sales,Expert,5,,2025-12-31
ASS001737,EMP0384,Finance,Expert,3,3.0,2026-01-19
ASS001738,EMP0386,Compliance,Advanced,1,4.0,2026-02-25
ASS001739,EMP0386,Sales,Expert,5,3.0,2026-03-12
ASS001740,EMP0386,Machine Learning,Intermediate,2,4.0,2026-02-17
ASS001741,EMP0386,SQL,Beginner,2,3.0,2026-01-10
ASS001742,EMP0386,Communication,Intermediate,5,3.0,2026-02-01
ASS001743,EMP0386,Power BI,Advanced,1,1.0,2026-04-15
ASS001744,EMP0386,Excel,Beginner,4,5.0,2026-03-21
ASS001745,EMP0388,Python,Beginner,3,1.0,2026-05-23
ASS001746,EMP0388,Power BI,Expert,4,3.0,2026-03-26
ASS001747,EMP0388,Azure,Advanced,2,2.0,2026-05-11
ASS001748,EMP0388,Sales,Beginner,4,3.0,2026-03-09
ASS001749,EMP0388,Negotiation,Advanced,3,,2026-05-17
ASS001750,EMP0392,Power BI,Intermediate,3,5.0,2026-01-15
ASS001751,EMP0392,Machine Learning,Intermediate,1,2.0,2026-03-20
ASS001752,EMP0392,Finance,Beginner,3,2.0,2025-12-20
ASS001753,EMP0393,Machine Learning,Expert,5,,2026-05-18
ASS001754,EMP0393,Compliance,Intermediate,4,2.0,2026-02-14
ASS001755,EMP0393,Sales,Beginner,3,4.0,2026-05-03
ASS001756,EMP0393,Leadership,Intermediate,2,,2026-06-07
ASS001757,EMP0393,Power BI,Beginner,2,3.0,2026-01-26
ASS001758,EMP0393,SQL,Beginner,2,2.0,2026-02-20
ASS001759,EMP0393,Project Management,Beginner,2,5.0,2026-02-26
ASS001760,EMP0394,Finance,Advanced,3,,2026-06-06
ASS001761,EMP0394,Azure,Intermediate,4,3.0,2026-01-30
ASS001762,EMP0394,Data Analysis,Intermediate,5,3.0,2026-01-10
ASS001763,EMP0394,Compliance,Advanced,5,,2026-01-24
ASS001764,EMP0395,Data Analysis,Advanced,1,,2026-03-01
ASS001765,EMP0395,Communication,Intermediate,2,1.0,2026-03-21
ASS001766,EMP0395,Sales,Advanced,1,1.0,2026-05-06
ASS001767,EMP0397,Agile,Beginner,3,3.0,2026-01-03
ASS001768,EMP0397,Sales,Intermediate,2,2.0,2025-12-31
ASS001769,EMP0397,Data Analysis,Beginner,5,,2026-01-29
ASS001770,EMP0397,Project Management,Advanced,3,2.0,2026-03-31
ASS001771,EMP0397,Compliance,Beginner,1,4.0,2026-01-29
ASS001772,EMP0398,Python,Expert,3,4.0,2026-05-06
ASS001773,EMP0398,Agile,Intermediate,4,,2026-02-03
ASS001774,EMP0398,Azure,Expert,4,1.0,2026-03-07
ASS001775,EMP0398,Negotiation,Intermediate,2,1.0,2026-05-09
ASS001776,EMP0398,Excel,Advanced,4,,2026-01-09
ASS001777,EMP0398,Leadership,Beginner,5,,2025-12-11
ASS001778,EMP0398,Communication,Intermediate,4,2.0,2026-03-18
ASS001779,EMP0398,Sales,Intermediate,3,2.0,2026-05-14
ASS001780,EMP0399,Sales,Intermediate,3,,2025-12-15
ASS001781,EMP0399,Machine Learning,Intermediate,4,3.0,2026-03-15
ASS001782,EMP0399,Agile,Expert,3,,2026-06-07
ASS001783,EMP0399,Excel,Expert,4,5.0,2025-12-21
ASS001784,EMP0399,Python,Intermediate,1,4.0,2026-03-12
ASS001785,EMP0399,Negotiation,Beginner,4,3.0,2026-05-22
ASS001786,EMP0399,Azure,Beginner,2,4.0,2026-02-24
ASS001787,EMP0400,Power BI,Intermediate,1,,2026-04-11
ASS001788,EMP0400,Machine Learning,Advanced,2,2.0,2026-05-04
ASS001789,EMP0400,Data Analysis,Expert,1,5.0,2026-02-16
ASS001790,EMP0400,Azure,Intermediate,2,5.0,2026-05-22
ASS001791,EMP0400,Compliance,Expert,2,,2026-05-28
ASS001792,EMP0401,SQL,Expert,3,3.0,2026-02-02
ASS001793,EMP0401,Agile,Expert,2,4.0,2026-05-26
ASS001794,EMP0401,Excel,Expert,1,,2026-04-04
ASS001795,EMP0402,Python,Advanced,4,3.0,2026-04-02
ASS001796,EMP0402,Machine Learning,Expert,4,,2026-02-24
ASS001797,EMP0402,Communication,Beginner,1,3.0,2025-12-15
ASS001798,EMP0402,Project Management,Advanced,4,,2026-06-03
ASS001799,EMP0402,Data Analysis,Expert,5,5.0,2025-12-30
ASS001800,EMP0402,SQL,Beginner,5,1.0,2026-02-06
ASS001801,EMP0402,Excel,Beginner,4,3.0,2026-03-04
ASS001802,EMP0403,Sales,Expert,4,4.0,2026-06-08
ASS001803,EMP0403,Excel,Beginner,4,4.0,2026-01-15
ASS001804,EMP0403,Azure,Intermediate,4,,2026-05-08
ASS001805,EMP0403,Python,Beginner,1,,2026-03-25
ASS001806,EMP0403,Project Management,Advanced,4,4.0,2026-03-08
ASS001807,EMP0403,Power BI,Beginner,2,4.0,2026-04-25
ASS001808,EMP0403,SQL,Intermediate,5,5.0,2026-01-08
ASS001809,EMP0404,Compliance,Advanced,2,,2026-04-21
ASS001810,EMP0404,SQL,Beginner,5,1.0,2026-04-14
ASS001811,EMP0404,Power BI,Advanced,1,3.0,2026-04-22
ASS001812,EMP0404,Project Management,Advanced,3,,2026-04-29
ASS001813,EMP0404,Data Analysis,Intermediate,1,3.0,2026-01-22
ASS001814,EMP0404,Machine Learning,Expert,4,,2026-03-24
ASS001815,EMP0404,Sales,Advanced,3,4.0,2025-12-15
ASS001816,EMP0405,Compliance,Beginner,3,1.0,2025-12-12
ASS001817,EMP0405,SQL,Beginner,3,,2026-03-07
ASS001818,EMP0405,Communication,Advanced,4,,2026-01-26
ASS001819,EMP0405,Machine Learning,Beginner,1,3.0,2026-05-11
ASS001820,EMP0405,Excel,Beginner,4,5.0,2026-03-15
ASS001821,EMP0405,Sales,Intermediate,5,2.0,2026-01-14
ASS001822,EMP0406,Data Analysis,Advanced,3,4.0,2026-04-02
ASS001823,EMP0406,Agile,Intermediate,3,,2026-05-26
ASS001824,EMP0406,Sales,Expert,2,4.0,2026-04-13
ASS001825,EMP0406,Leadership,Advanced,3,3.0,2026-03-20
ASS001826,EMP0406,Excel,Expert,5,2.0,2026-04-19
ASS001827,EMP0406,Power BI,Expert,1,3.0,2026-01-16
ASS001828,EMP0406,Project Management,Intermediate,3,5.0,2025-12-22
ASS001829,EMP0406,Azure,Expert,4,5.0,2026-02-12
ASS001830,EMP0408,Negotiation,Beginner,4,,2026-01-24
ASS001831,EMP0408,Communication,Beginner,3,,2026-06-09
ASS001832,EMP0408,Python,Intermediate,3,1.0,2025-12-20
ASS001833,EMP0408,Sales,Advanced,1,,2025-12-30
ASS001834,EMP0409,Sales,Expert,1,2.0,2026-05-31
ASS001835,EMP0409,Communication,Expert,5,4.0,2025-12-31
ASS001836,EMP0409,Project Management,Expert,4,,2026-02-12
ASS001837,EMP0409,Finance,Beginner,4,3.0,2026-01-15
ASS001838,EMP0409,Leadership,Expert,2,5.0,2026-06-07
ASS001839,EMP0409,Power BI,Beginner,3,,2026-03-27
ASS001840,EMP0410,SQL,Expert,1,,2026-02-17
ASS001841,EMP0410,Project Management,Advanced,2,4.0,2026-04-14
ASS001842,EMP0410,Negotiation,Intermediate,5,,2026-03-20
ASS001843,EMP0410,Communication,Advanced,4,,2026-03-15
ASS001844,EMP0410,Compliance,Intermediate,3,3.0,2026-02-24
ASS001845,EMP0410,Finance,Expert,5,,2026-04-17
ASS001846,EMP0410,Power BI,Beginner,2,1.0,2026-02-25
ASS001847,EMP0410,Data Analysis,Beginner,3,3.0,2025-12-17
ASS001848,EMP0411,Compliance,Intermediate,1,2.0,2026-05-14
ASS001849,EMP0411,Power BI,Beginner,4,4.0,2026-02-28
ASS001850,EMP0411,Communication,Advanced,3,3.0,2026-01-25
ASS001851,EMP0411,SQL,Intermediate,3,,2026-04-17
ASS001852,EMP0411,Azure,Beginner,4,3.0,2026-01-23
ASS001853,EMP0411,Excel,Advanced,2,5.0,2026-05-05
ASS001854,EMP0411,Python,Expert,1,1.0,2026-02-20
ASS001855,EMP0411,Project Management,Beginner,2,5.0,2025-12-17
ASS001856,EMP0413,Project Management,Expert,4,5.0,2026-02-24
ASS001857,EMP0413,Azure,Advanced,3,3.0,2026-01-06
ASS001858,EMP0413,Power BI,Expert,1,1.0,2026-03-07
ASS001859,EMP0413,SQL,Beginner,3,4.0,2025-12-13
ASS001860,EMP0413,Compliance,Advanced,2,3.0,2025-12-18
ASS001861,EMP0414,Communication,Intermediate,3,5.0,2026-04-03
ASS001862,EMP0414,Data Analysis,Expert,2,3.0,2026-03-30
ASS001863,EMP0414,Project Management,Expert,5,,2026-02-27
ASS001864,EMP0414,Excel,Intermediate,3,1.0,2026-02-23
ASS001865,EMP0414,Negotiation,Intermediate,3,1.0,2026-02-20
ASS001866,EMP0414,SQL,Beginner,4,5.0,2026-05-29
ASS001867,EMP0414,Power BI,Expert,3,,2026-04-04
ASS001868,EMP0415,Project Management,Advanced,2,,2026-01-14
ASS001869,EMP0415,Data Analysis,Expert,2,,2026-05-29
ASS001870,EMP0415,Excel,Advanced,3,1.0,2026-04-20
ASS001871,EMP0415,Machine Learning,Beginner,5,4.0,2026-04-24
ASS001872,EMP0416,SQL,Beginner,4,,2026-02-22
ASS001873,EMP0416,Azure,Beginner,3,,2026-04-26
ASS001874,EMP0416,Excel,Expert,3,,2026-05-18
ASS001875,EMP0416,Communication,Intermediate,2,3.0,2026-06-04
ASS001876,EMP0417,Python,Beginner,3,1.0,2026-01-13
ASS001877,EMP0417,Negotiation,Expert,1,5.0,2026-02-02
ASS001878,EMP0417,Sales,Beginner,5,3.0,2026-01-28
ASS001879,EMP0417,Data Analysis,Expert,3,1.0,2026-05-17
ASS001880,EMP0417,SQL,Intermediate,4,4.0,2026-05-06
ASS001881,EMP0417,Agile,Intermediate,1,5.0,2026-05-25
ASS001882,EMP0418,Leadership,Beginner,3,5.0,2025-12-19
ASS001883,EMP0418,Data Analysis,Beginner,3,,2026-01-22
ASS001884,EMP0418,Compliance,Advanced,1,1.0,2026-03-28
ASS001885,EMP0419,SQL,Expert,5,2.0,2026-01-01
ASS001886,EMP0419,Negotiation,Intermediate,1,,2026-04-26
ASS001887,EMP0419,Compliance,Expert,5,1.0,2026-06-02
ASS001888,EMP0419,Python,Intermediate,1,,2026-05-31
ASS001889,EMP0419,Leadership,Advanced,4,4.0,2026-05-11
ASS001890,EMP0419,Communication,Advanced,2,2.0,2026-04-27
ASS001891,EMP0419,Azure,Advanced,5,2.0,2026-02-26
ASS001892,EMP0419,Sales,Intermediate,1,3.0,2026-04-11
ASS001893,EMP0420,Compliance,Intermediate,4,,2026-04-02
ASS001894,EMP0420,Data Analysis,Intermediate,1,,2025-12-26
ASS001895,EMP0420,Finance,Advanced,4,3.0,2026-03-17
ASS001896,EMP0420,Excel,Beginner,4,4.0,2026-05-25
ASS001897,EMP0420,Machine Learning,Beginner,2,,2026-04-02
ASS001898,EMP0420,Leadership,Advanced,1,5.0,2026-04-01
ASS001899,EMP0420,SQL,Expert,3,4.0,2026-02-02
ASS001900,EMP0421,Python,Advanced,2,2.0,2026-05-09
ASS001901,EMP0421,Data Analysis,Intermediate,2,,2026-01-09
ASS001902,EMP0421,Communication,Advanced,5,4.0,2026-01-29
ASS001903,EMP0421,Power BI,Beginner,2,2.0,2026-04-20
ASS001904,EMP0421,Machine Learning,Advanced,3,3.0,2026-03-27
ASS001905,EMP0422,SQL,Intermediate,5,,2026-06-01
ASS001906,EMP0422,Data Analysis,Beginner,5,,2026-02-02
ASS001907,EMP0422,Negotiation,Advanced,2,4.0,2026-03-21
ASS001908,EMP0422,Python,Advanced,5,5.0,2026-01-04
ASS001909,EMP0422,Leadership,Intermediate,1,4.0,2026-02-21
ASS001910,EMP0422,Compliance,Expert,5,,2026-02-21
ASS001911,EMP0423,Agile,Intermediate,4,1.0,2026-05-17
ASS001912,EMP0423,Machine Learning,Intermediate,4,3.0,2026-01-04
ASS001913,EMP0423,Communication,Intermediate,5,3.0,2026-02-15
ASS001914,EMP0423,Power BI,Expert,5,1.0,2026-01-11
ASS001915,EMP0423,Project Management,Intermediate,5,,2026-05-27
ASS001916,EMP0423,Finance,Expert,4,,2025-12-16
ASS001917,EMP0423,Negotiation,Expert,2,3.0,2026-05-28
ASS001918,EMP0423,Data Analysis,Beginner,2,5.0,2026-02-05
ASS001919,EMP0424,Project Management,Intermediate,3,,2026-05-31
ASS001920,EMP0424,Azure,Advanced,2,1.0,2026-05-04
ASS001921,EMP0424,Finance,Intermediate,2,1.0,2026-05-21
ASS001922,EMP0424,Leadership,Expert,4,5.0,2026-04-14
ASS001923,EMP0424,Sales,Beginner,4,4.0,2026-05-05
ASS001924,EMP0425,Project Management,Beginner,1,,2026-05-29
ASS001925,EMP0425,Agile,Beginner,3,,2026-01-25
ASS001926,EMP0425,Sales,Advanced,2,5.0,2026-01-14
ASS001927,EMP0425,Finance,Expert,1,5.0,2026-03-08
ASS001928,EMP0425,Power BI,Expert,4,3.0,2026-04-15
ASS001929,EMP0426,Azure,Intermediate,2,5.0,2026-01-24
ASS001930,EMP0426,Compliance,Intermediate,2,,2026-02-19
ASS001931,EMP0426,Negotiation,Expert,4,2.0,2026-03-10
ASS001932,EMP0426,Excel,Expert,3,3.0,2025-12-20
ASS001933,EMP0427,SQL,Advanced,2,,2026-06-09
ASS001934,EMP0427,Sales,Advanced,5,1.0,2026-01-24
ASS001935,EMP0427,Finance,Expert,2,5.0,2026-05-21
ASS001936,EMP0427,Data Analysis,Expert,5,5.0,2026-05-30
ASS001937,EMP0430,Power BI,Advanced,4,5.0,2026-05-10
ASS001938,EMP0430,Finance,Intermediate,3,5.0,2026-02-09
ASS001939,EMP0430,Compliance,Expert,4,,2026-02-23
ASS001940,EMP0430,Python,Intermediate,5,,2026-02-15
ASS001941,EMP0430,Sales,Intermediate,2,1.0,2026-01-09
ASS001942,EMP0431,Excel,Expert,5,4.0,2026-05-05
ASS001943,EMP0431,Communication,Expert,4,1.0,2026-03-22
ASS001944,EMP0431,SQL,Expert,2,1.0,2026-05-30
ASS001945,EMP0431,Compliance,Intermediate,5,3.0,2026-05-12
ASS001946,EMP0431,Sales,Advanced,5,,2025-12-24
ASS001947,EMP0433,Negotiation,Expert,2,,2026-04-13
ASS001948,EMP0433,Data Analysis,Advanced,1,,2026-02-04
ASS001949,EMP0433,Leadership,Expert,2,5.0,2026-03-03
ASS001950,EMP0434,Communication,Expert,3,,2026-03-30
ASS001951,EMP0434,Sales,Expert,4,4.0,2026-03-29
ASS001952,EMP0434,Azure,Intermediate,2,,2026-03-28
ASS001953,EMP0434,Data Analysis,Beginner,1,1.0,2026-05-04
ASS001954,EMP0436,Power BI,Beginner,4,,2025-12-28
ASS001955,EMP0436,Data Analysis,Advanced,4,3.0,2026-01-01
ASS001956,EMP0436,Communication,Advanced,5,1.0,2026-03-31
ASS001957,EMP0436,Sales,Expert,4,,2026-04-25
ASS001958,EMP0436,Finance,Beginner,5,,2026-04-28
ASS001959,EMP0440,Sales,Intermediate,3,,2026-01-14
ASS001960,EMP0440,Leadership,Expert,3,5.0,2026-02-26
ASS001961,EMP0440,Data Analysis,Expert,3,2.0,2026-04-10
ASS001962,EMP0440,Negotiation,Advanced,5,,2025-12-20
ASS001963,EMP0440,Project Management,Advanced,1,5.0,2026-03-11
ASS001964,EMP0441,Negotiation,Intermediate,3,,2026-01-26
ASS001965,EMP0441,Leadership,Advanced,2,4.0,2026-02-21
ASS001966,EMP0441,SQL,Expert,4,2.0,2026-01-29
ASS001967,EMP0441,Power BI,Intermediate,4,3.0,2026-03-24
ASS001968,EMP0442,Leadership,Advanced,5,1.0,2026-01-30
ASS001969,EMP0442,Python,Beginner,4,1.0,2026-04-12
ASS001970,EMP0442,Azure,Intermediate,5,,2026-05-13
ASS001971,EMP0442,Sales,Expert,1,5.0,2026-04-06
ASS001972,EMP0442,SQL,Beginner,4,4.0,2026-02-25
ASS001973,EMP0442,Compliance,Expert,5,3.0,2026-03-13
ASS001974,EMP0443,Finance,Expert,1,2.0,2026-02-05
ASS001975,EMP0443,Compliance,Intermediate,3,5.0,2026-04-17
ASS001976,EMP0443,Negotiation,Intermediate,1,,2026-02-17
ASS001977,EMP0443,SQL,Intermediate,4,5.0,2026-02-21
ASS001978,EMP0445,Power BI,Advanced,1,5.0,2026-05-07
ASS001979,EMP0445,Leadership,Beginner,1,2.0,2026-03-22
ASS001980,EMP0445,Compliance,Intermediate,5,,2026-03-11
ASS001981,EMP0445,Data Analysis,Expert,3,4.0,2026-05-05
ASS001982,EMP0445,Project Management,Beginner,2,1.0,2026-01-31
ASS001983,EMP0445,Communication,Intermediate,4,2.0,2026-01-01
ASS001984,EMP0445,Sales,Expert,2,4.0,2026-02-14
ASS001985,EMP0445,Azure,Expert,3,,2026-04-03
ASS001986,EMP0446,Machine Learning,Advanced,4,4.0,2026-01-22
ASS001987,EMP0446,Leadership,Beginner,1,2.0,2026-02-25
ASS001988,EMP0446,SQL,Intermediate,1,1.0,2026-02-19
ASS001989,EMP0447,SQL,Advanced,5,,2026-01-20
ASS001990,EMP0447,Communication,Advanced,2,4.0,2026-05-05
ASS001991,EMP0447,Excel,Intermediate,5,2.0,2026-03-15
ASS001992,EMP0447,Python,Intermediate,5,5.0,2026-02-25
ASS001993,EMP0447,Project Management,Expert,4,1.0,2026-02-14
ASS001994,EMP0447,Data Analysis,Advanced,3,5.0,2026-04-29
ASS001995,EMP0447,Sales,Beginner,4,,2026-01-15
ASS001996,EMP0447,Negotiation,Expert,5,1.0,2026-02-12
ASS001997,EMP0450,Negotiation,Beginner,2,2.0,2026-05-11
ASS001998,EMP0450,Data Analysis,Beginner,2,4.0,2026-03-20
ASS001999,EMP0450,Power BI,Intermediate,4,4.0,2025-12-15
ASS002000,EMP0450,Project Management,Intermediate,1,,2026-05-07
ASS002001,EMP0450,Python,Advanced,1,4.0,2025-12-27
ASS002002,EMP0452,Power BI,Beginner,5,4.0,2026-05-06
ASS002003,EMP0452,Negotiation,Beginner,4,3.0,2026-02-14
ASS002004,EMP0452,Machine Learning,Intermediate,2,,2026-02-21
ASS002005,EMP0452,SQL,Advanced,2,3.0,2026-03-29
ASS002006,EMP0452,Data Analysis,Expert,1,4.0,2026-01-18
ASS002007,EMP0452,Excel,Beginner,2,5.0,2026-05-11
ASS002008,EMP0452,Agile,Intermediate,5,2.0,2026-02-18
ASS002009,EMP0452,Leadership,Intermediate,5,5.0,2026-04-09
ASS002010,EMP0453,SQL,Expert,3,2.0,2026-03-01
ASS002011,EMP0453,Leadership,Advanced,4,,2026-02-03
ASS002012,EMP0453,Negotiation,Advanced,3,,2026-04-23
ASS002013,EMP0453,Azure,Intermediate,5,,2026-05-07
ASS002014,EMP0453,Compliance,Beginner,1,3.0,2026-05-01
ASS002015,EMP0453,Machine Learning,Beginner,5,5.0,2026-03-14
ASS002016,EMP0454,Communication,Advanced,5,,2025-12-13
ASS002017,EMP0454,Negotiation,Advanced,5,,2025-12-11
ASS002018,EMP0454,Excel,Expert,4,3.0,2026-01-29
ASS002019,EMP0454,Leadership,Expert,4,,2026-01-21
ASS002020,EMP0454,Python,Expert,5,5.0,2026-03-04
ASS002021,EMP0455,Azure,Advanced,2,2.0,2026-02-07
ASS002022,EMP0455,Compliance,Expert,4,,2026-04-01
ASS002023,EMP0455,Communication,Expert,2,,2026-03-14
ASS002024,EMP0455,Sales,Intermediate,2,4.0,2026-06-08
ASS002025,EMP0455,Excel,Intermediate,5,,2026-06-09
ASS002026,EMP0455,Finance,Beginner,3,,2026-01-22
ASS002027,EMP0457,Excel,Advanced,3,,2026-01-12
ASS002028,EMP0457,Azure,Beginner,5,,2026-02-11
ASS002029,EMP0457,Data Analysis,Beginner,3,4.0,2025-12-16
ASS002030,EMP0457,Sales,Expert,5,5.0,2025-12-26
ASS002031,EMP0457,Project Management,Advanced,3,4.0,2026-03-09
ASS002032,EMP0457,Compliance,Intermediate,4,5.0,2026-03-24
ASS002033,EMP0459,Agile,Advanced,4,2.0,2026-02-25
ASS002034,EMP0459,Leadership,Expert,3,,2026-03-07
ASS002035,EMP0459,Machine Learning,Advanced,5,3.0,2026-03-19
ASS002036,EMP0459,SQL,Advanced,3,2.0,2026-01-02
ASS002037,EMP0459,Finance,Advanced,3,,2026-05-14
ASS002038,EMP0459,Data Analysis,Expert,1,2.0,2026-05-24
ASS002039,EMP0459,Negotiation,Advanced,2,3.0,2026-03-14
ASS002040,EMP0459,Project Management,Expert,4,,2026-03-06
ASS002041,EMP0461,Power BI,Expert,3,1.0,2026-05-13
ASS002042,EMP0461,SQL,Beginner,5,5.0,2026-03-12
ASS002043,EMP0461,Agile,Advanced,3,5.0,2026-05-25
ASS002044,EMP0461,Azure,Intermediate,2,5.0,2025-12-19
ASS002045,EMP0461,Data Analysis,Beginner,1,1.0,2026-02-11
ASS002046,EMP0461,Excel,Advanced,3,4.0,2026-01-25
ASS002047,EMP0461,Sales,Expert,3,3.0,2025-12-17
ASS002048,EMP0461,Project Management,Advanced,5,,2026-01-24
ASS002049,EMP0463,Excel,Expert,1,2.0,2026-04-08
ASS002050,EMP0463,Power BI,Intermediate,2,1.0,2026-05-10
ASS002051,EMP0463,Agile,Expert,3,,2026-02-21
ASS002052,EMP0463,Communication,Intermediate,3,4.0,2026-02-10
ASS002053,EMP0463,Compliance,Beginner,5,2.0,2026-03-19
ASS002054,EMP0464,Negotiation,Expert,1,5.0,2026-03-16
ASS002055,EMP0464,Agile,Advanced,4,5.0,2026-01-08
ASS002056,EMP0464,SQL,Expert,2,4.0,2026-01-28
ASS002057,EMP0464,Machine Learning,Beginner,5,4.0,2026-01-23
ASS002058,EMP0466,Sales,Expert,1,5.0,2026-03-18
ASS002059,EMP0466,Compliance,Advanced,3,1.0,2026-04-23
ASS002060,EMP0466,Data Analysis,Advanced,3,1.0,2026-03-07
ASS002061,EMP0466,Negotiation,Intermediate,5,5.0,2026-06-03
ASS002062,EMP0466,Azure,Beginner,1,,2026-03-07
ASS002063,EMP0466,Communication,Intermediate,2,2.0,2026-02-28
ASS002064,EMP0466,Machine Learning,Advanced,2,2.0,2026-02-16
ASS002065,EMP0467,Communication,Advanced,1,4.0,2026-03-18
ASS002066,EMP0467,Azure,Beginner,1,3.0,2026-01-19
ASS002067,EMP0467,Python,Expert,2,,2026-04-14
ASS002068,EMP0467,Leadership,Advanced,5,,2026-05-31
ASS002069,EMP0467,Machine Learning,Expert,1,5.0,2026-02-08
ASS002070,EMP0468,Project Management,Advanced,2,1.0,2026-02-20
ASS002071,EMP0468,Leadership,Intermediate,4,4.0,2026-01-08
ASS002072,EMP0468,Negotiation,Expert,5,,2026-04-10
ASS002073,EMP0469,Python,Advanced,1,1.0,2026-02-28
ASS002074,EMP0469,Finance,Expert,4,,2026-05-11
ASS002075,EMP0469,Project Management,Intermediate,5,,2026-02-24
ASS002076,EMP0469,Negotiation,Intermediate,5,1.0,2026-05-21
ASS002077,EMP0469,Agile,Intermediate,4,5.0,2026-02-14
ASS002078,EMP0471,Project Management,Beginner,3,5.0,2026-01-13
ASS002079,EMP0471,Machine Learning,Advanced,1,,2025-12-31
ASS002080,EMP0471,Data Analysis,Expert,2,,2026-06-01
ASS002081,EMP0471,Power BI,Expert,2,5.0,2026-02-21
ASS002082,EMP0472,Azure,Expert,5,4.0,2026-03-07
ASS002083,EMP0472,Python,Intermediate,2,4.0,2026-02-14
ASS002084,EMP0472,Communication,Expert,1,4.0,2026-03-14
ASS002085,EMP0472,Data Analysis,Advanced,3,4.0,2026-05-12
ASS002086,EMP0472,Excel,Intermediate,3,,2026-05-17
ASS002087,EMP0472,Negotiation,Beginner,3,4.0,2026-03-14
ASS002088,EMP0472,Agile,Intermediate,3,3.0,2025-12-19
ASS002089,EMP0473,Leadership,Beginner,1,3.0,2026-05-16
ASS002090,EMP0473,Negotiation,Advanced,5,2.0,2026-02-16
ASS002091,EMP0473,Finance,Expert,5,,2026-02-19
ASS002092,EMP0473,Compliance,Expert,2,,2025-12-15
ASS002093,EMP0474,Excel,Beginner,3,,2026-03-12
ASS002094,EMP0474,SQL,Advanced,5,,2026-02-28
ASS002095,EMP0474,Python,Expert,1,1.0,2026-03-04
ASS002096,EMP0474,Agile,Beginner,1,3.0,2026-04-12
ASS002097,EMP0475,Communication,Advanced,4,3.0,2025-12-20
ASS002098,EMP0475,SQL,Beginner,1,3.0,2026-02-14
ASS002099,EMP0475,Azure,Advanced,1,5.0,2026-04-04
ASS002100,EMP0475,Sales,Intermediate,2,1.0,2026-02-28
ASS002101,EMP0475,Excel,Beginner,4,3.0,2026-04-11
ASS002102,EMP0475,Python,Intermediate,3,3.0,2026-05-04
ASS002103,EMP0476,Compliance,Intermediate,4,,2026-01-07
ASS002104,EMP0476,Sales,Intermediate,3,5.0,2026-06-07
ASS002105,EMP0476,Data Analysis,Beginner,4,,2026-05-02
ASS002106,EMP0476,Python,Intermediate,2,3.0,2026-05-29
ASS002107,EMP0476,Agile,Intermediate,3,,2026-04-14
ASS002108,EMP0476,Azure,Expert,4,5.0,2025-12-18
ASS002109,EMP0476,Communication,Beginner,1,,2026-01-21
ASS002110,EMP0476,Machine Learning,Beginner,3,5.0,2026-05-29
ASS002111,EMP0478,Finance,Beginner,3,,2026-04-02
ASS002112,EMP0478,Negotiation,Expert,1,1.0,2026-03-31
ASS002113,EMP0478,Communication,Expert,2,,2026-05-20
ASS002114,EMP0478,Project Management,Beginner,5,1.0,2026-06-01
ASS002115,EMP0478,Sales,Expert,4,5.0,2025-12-31
ASS002116,EMP0478,Power BI,Intermediate,1,,2026-04-12
ASS002117,EMP0478,Leadership,Advanced,4,2.0,2026-03-28
ASS002118,EMP0479,Leadership,Expert,3,4.0,2026-02-24
ASS002119,EMP0479,Python,Intermediate,3,1.0,2026-01-10
ASS002120,EMP0479,SQL,Advanced,2,2.0,2026-03-07
ASS002121,EMP0480,Machine Learning,Advanced,4,5.0,2026-02-09
ASS002122,EMP0480,Data Analysis,Expert,3,5.0,2025-12-23
ASS002123,EMP0480,Project Management,Expert,1,2.0,2026-04-17
ASS002124,EMP0480,Communication,Intermediate,1,4.0,2025-12-29
ASS002125,EMP0480,Power BI,Expert,1,2.0,2026-02-23
ASS002126,EMP0480,Sales,Beginner,3,3.0,2026-03-08
ASS002127,EMP0481,Agile,Beginner,3,,2025-12-31
ASS002128,EMP0481,Communication,Advanced,2,3.0,2026-02-16
ASS002129,EMP0481,Leadership,Intermediate,5,4.0,2026-05-03
ASS002130,EMP0482,Excel,Intermediate,4,3.0,2026-04-06
ASS002131,EMP0482,Negotiation,Expert,4,,2026-04-07
ASS002132,EMP0482,Leadership,Intermediate,5,4.0,2026-01-28
ASS002133,EMP0482,Agile,Expert,3,3.0,2026-06-04
ASS002134,EMP0482,SQL,Intermediate,4,1.0,2026-04-27
ASS002135,EMP0482,Machine Learning,Expert,3,1.0,2026-02-09
ASS002136,EMP0482,Sales,Expert,3,3.0,2025-12-12
ASS002137,EMP0484,Communication,Advanced,2,,2026-02-12
ASS002138,EMP0484,Negotiation,Advanced,3,5.0,2026-01-18
ASS002139,EMP0484,SQL,Intermediate,4,1.0,2026-01-20
ASS002140,EMP0484,Azure,Advanced,1,3.0,2026-02-16
ASS002141,EMP0485,Compliance,Advanced,3,3.0,2026-05-10
ASS002142,EMP0485,Python,Intermediate,4,3.0,2026-02-27
ASS002143,EMP0485,Machine Learning,Beginner,5,5.0,2026-06-08
ASS002144,EMP0486,Negotiation,Expert,1,,2026-01-17
ASS002145,EMP0486,Python,Intermediate,3,,2026-04-19
ASS002146,EMP0486,Project Management,Intermediate,5,,2026-03-24
ASS002147,EMP0486,Power BI,Beginner,2,,2026-03-12
ASS002148,EMP0487,Project Management,Expert,2,4.0,2026-03-06
ASS002149,EMP0487,Azure,Advanced,4,3.0,2026-06-06
ASS002150,EMP0487,Compliance,Beginner,5,3.0,2026-05-08
ASS002151,EMP0487,Power BI,Expert,5,4.0,2026-05-06
ASS002152,EMP0488,Machine Learning,Advanced,5,1.0,2026-01-19
ASS002153,EMP0488,Sales,Expert,4,4.0,2026-01-10
ASS002154,EMP0488,Power BI,Expert,4,5.0,2026-05-30
ASS002155,EMP0488,Agile,Beginner,3,,2026-04-16
ASS002156,EMP0488,Excel,Expert,4,2.0,2026-05-08
ASS002157,EMP0489,Python,Beginner,2,4.0,2026-03-08
ASS002158,EMP0489,Azure,Beginner,3,,2025-12-19
ASS002159,EMP0489,SQL,Intermediate,5,2.0,2026-01-17
ASS002160,EMP0489,Communication,Intermediate,1,1.0,2026-03-20
ASS002161,EMP0491,SQL,Advanced,5,2.0,2026-01-28
ASS002162,EMP0491,Communication,Expert,2,1.0,2026-05-29
ASS002163,EMP0491,Compliance,Intermediate,5,5.0,2026-04-15
ASS002164,EMP0492,Azure,Intermediate,5,1.0,2026-02-19
ASS002165,EMP0492,SQL,Expert,2,,2025-12-28
ASS002166,EMP0492,Compliance,Advanced,5,1.0,2026-04-21
ASS002167,EMP0492,Leadership,Expert,4,,2026-03-03
ASS002168,EMP0492,Excel,Intermediate,2,3.0,2025-12-23
ASS002169,EMP0493,Communication,Intermediate,2,4.0,2026-03-28
ASS002170,EMP0493,Python,Intermediate,2,3.0,2025-12-31
ASS002171,EMP0493,Power BI,Intermediate,4,1.0,2026-05-14
ASS002172,EMP0493,Agile,Intermediate,3,,2026-03-02
ASS002173,EMP0493,Sales,Intermediate,1,,2026-02-05
ASS002174,EMP0494,SQL,Expert,1,5.0,2026-06-01
ASS002175,EMP0494,Leadership,Beginner,1,5.0,2026-03-14
ASS002176,EMP0494,Project Management,Advanced,2,4.0,2026-03-24
ASS002177,EMP0495,Communication,Beginner,4,2.0,2026-01-02
ASS002178,EMP0495,Leadership,Advanced,1,2.0,2026-03-12
ASS002179,EMP0495,Python,Intermediate,1,4.0,2025-12-27
ASS002180,EMP0495,Data Analysis,Advanced,2,2.0,2026-04-10
ASS002181,EMP0495,Azure,Beginner,5,2.0,2025-12-16
ASS002182,EMP0495,Agile,Beginner,3,4.0,2026-01-14
ASS002183,EMP0496,Finance,Advanced,4,,2026-05-20
ASS002184,EMP0496,Python,Advanced,4,5.0,2026-05-24
ASS002185,EMP0496,Project Management,Intermediate,1,,2026-03-11
ASS002186,EMP0496,Compliance,Intermediate,5,,2026-02-13
ASS002187,EMP0496,Sales,Intermediate,2,2.0,2026-01-14
ASS002188,EMP0496,Power BI,Intermediate,5,2.0,2026-05-10
ASS002189,EMP0497,Excel,Intermediate,5,3.0,2026-03-16
ASS002190,EMP0497,Python,Advanced,3,,2025-12-28
ASS002191,EMP0497,SQL,Expert,3,3.0,2026-03-09
ASS002192,EMP0497,Agile,Beginner,1,5.0,2026-01-14
ASS002193,EMP0497,Machine Learning,Advanced,4,,2026-03-01
ASS002194,EMP0498,Compliance,Beginner,3,3.0,2026-03-27
ASS002195,EMP0498,Data Analysis,Intermediate,5,1.0,2025-12-14
ASS002196,EMP0498,Azure,Expert,4,5.0,2026-04-03
ASS002197,EMP0498,Project Management,Beginner,2,,2026-05-13
ASS002198,EMP0498,Leadership,Intermediate,1,1.0,2026-05-14
ASS002199,EMP0498,Sales,Intermediate,3,5.0,2025-12-11
ASS002200,EMP0498,Machine Learning,Advanced,2,,2026-01-01
ASS002201,EMP0499,Sales,Beginner,1,,2026-02-10
ASS002202,EMP0499,Communication,Expert,1,,2026-04-10
ASS002203,EMP0499,Machine Learning,Intermediate,2,1.0,2026-05-25
ASS002204,EMP0499,Compliance,Expert,2,4.0,2025-12-22
ASS002205,EMP0499,Excel,Intermediate,1,3.0,2026-01-05
ASS002206,EMP0500,Communication,Beginner,3,,2026-03-28
ASS002207,EMP0500,Compliance,Intermediate,2,,2025-12-23
ASS002208,EMP0500,Azure,Expert,1,1.0,2026-04-07
ASS002209,EMP0500,Finance,Advanced,3,3.0,2025-12-20
ASS002210,EMP0500,SQL,Advanced,1,5.0,2026-02-19
ASS002211,EMP0500,Agile,Beginner,5,,2026-06-03
